"Month Year","Homicide (Murder)","Other Homicide","Attempted Murder","Conspiracy to Murder","Manslaughter (excl. by driving)","Driving Causing Death","Manslaughter Unlawful Striking Causing Death","Assault","Grievous Assault","Serious Assault","Serious Assault (Other)","Common Assault'","Sexual Offences","Rape and Attempted Rape","Other Sexual Offences","Robbery","Armed Robbery","Unarmed Robbery","Other Offences Against the Person","Kidnapping & Abduction etc.","Coercive Control","Extortion","Stalking","Life Endangering Acts","Voluntary Assisted Dying","Other Miscellaneous","Offences Against the Person","Unlawful Entry","Unlawful Entry With Intent - Dwelling","Unlawful Entry Without Violence - Dwelling","Unlawful Entry With Violence - Dwelling","Unlawful Entry With Intent - Shop","Unlawful Entry With Intent - Other","Arson","Other Property Damage","Unlawful Use of Motor Vehicle","Other Theft (excl. Unlawful Entry)","Stealing from Dwellings","Shop Stealing","Vehicles (steal from/enter with intent)","Other Stealing","Fraud","Fraud by Computer","Fraud by Cheque","Fraud by Credit Card","Identity Fraud","Other Fraud","Handling Stolen Goods","Possess Property Suspected Stolen","Receiving Stolen Property","Possess etc. Tainted Property","Other Handling Stolen Goods","Offences Against Property","Drug Offences","Trafficking Drugs","Possess Drugs","Produce Drugs","Sell Supply Drugs","Other Drug Offences","Prostitution Offences","Found in Places Used for Purpose of Prostitution Offences","Have Interest in Premises Used for Prostitution Offences","Knowingly Participate in Provision Prostitution Offences","Public Soliciting","Procuring Prostitution","Permit Minor to be at a Place Used for Prostitution Offences","Advertising Prostitution","Other Prostitution Offences","Liquor (excl. Drunkenness)","Gaming Racing & Betting Offences","Breach Domestic Violence Protection Order","Trespassing and Vagrancy","Weapons Act Offences","Unlawful Possess Concealable Firearm","Unlawful Possess Firearm - Other","Bomb Possess and/or use of","Possess and/or use other weapons; restricted items","Weapons Act Offences - Other","Good Order Offences","Disobey Move-on Direction","Resist Incite Hinder Obstruct Police","Fare Evasion","Public Nuisance","Stock Related Offences","Traffic and Related Offences","Dangerous Operation of a Vehicle","Drink Driving","Disqualified Driving","Interfere with Mechanism of Motor Vehicle","E-mobility","Miscellaneous Offences","Other Offences"
JUL97,0.2062055498,0.3829531639,0.1767476141,0.0294579357,0,0.1767476141,0,36.557298189,1.3845229773,19.47169549,3.0047094402,12.696370282,9.8094925841,1.3550650416,8.4544275425,6.8342410796,3.8884475108,2.9457935688,8.1303902499,0.942653942,0,0.1178317428,1.9442237554,5.1256808097,0,0,61.920580816,186.61602258,110.05484773,108.55249301,1.5023547201,20.56163911,55.999535743,4.5659800316,129.85058051,45.659800316,234.72083156,16.820481278,26.98346909,74.145624127,116.77125707,56.559236521,0,18.205004255,7.747437086,0,30.60679518,12.077753632,1.5612705915,6.4512879157,3.8884475108,0.1767476141,670.05020516,86.90091028,0.2356634855,39.149596529,7.3055680506,4.0062792536,36.203802961,1.0015698134,0.2651214212,0.1178317428,0.0883738071,0.4124110996,0.0589158714,0,0,0.0589158714,2.9163356331,0,10.781604462,3.9473633822,12.784744089,0.4418690353,4.7427276458,0.1767476141,1.325607106,6.0977926874,33.287467327,0,11.842090147,2.5039245335,18.941452647,0,56.706526199,2.5333824692,48.104808979,5.8032133305,0.2651214212,0,2.4155507264,210.74207191
AUG97,0.1472896784,0.7953642636,0.5302428424,0,0,0.2651214212,0,38.796101301,1.7674761413,19.118200262,3.2698308614,14.640594037,17.409639992,2.1798872409,15.229752751,6.2450823659,3.6233260896,2.6217562762,7.8063529573,1.2666912346,0,0.3829531639,1.1488594918,5.007849067,0,0,71.199830558,176.77707206,105.87182086,103.98651298,1.885307884,19.324405811,51.58084539,4.5070641603,127.1993663,39.591465565,226.11911434,15.583247979,25.716777856,68.784279832,116.03480868,60.506599903,0,13.491734545,18.705789162,0,28.309076196,13.226613124,1.885307884,6.2156244302,4.7132697101,0.4124110996,647.92729546,90.11182527,0.1178317428,42.242679777,6.5396617227,4.624895903,36.586756125,0.6480745851,0.1472896784,0.0589158714,0.0589158714,0.2651214212,0.0883738071,0,0.0294579357,0,4.2714006748,0,10.811062398,4.1241109963,8.7490068993,0.854280135,2.6217562762,0.3829531639,1.2666912346,3.6233260896,41.53568932,0,13.462276609,3.0341673759,25.039245335,0.1178317428,64.277215671,2.8574197617,53.878564373,7.2466521793,0.2945793569,0,3.0636253116,227.70984287
SEP97,0.2945793569,0.2356634855,0.1472896784,0,0.0294579357,0.0589158714,0,38.089110845,1.3845229773,18.322835998,2.8279618261,15.553790043,14.080893259,2.268261048,11.812632211,5.1551387454,2.4744665978,2.6806721476,7.3350259863,1.0604856848,0,0.0589158714,1.2077753632,5.007849067,0,0,65.190411678,166.02492554,101.21746702,99.685654368,1.5318126558,15.877827336,48.929631178,4.0946530606,120.65970458,39.82712905,210.65369811,13.786313902,25.89352547,67.959457632,103.0144011,55.734414322,0,14.670051973,7.4233997934,0,33.640962556,9.5443711629,1.0899436205,3.7706157681,4.4481482889,0.2356634855,606.53889582,86.517957116,0.3534952283,37.91236323,7.5412315361,4.1241109963,36.586756125,0.2356634855,0.0883738071,0.0294579357,0.0294579357,0.0883738071,0,0,0,0,4.0651951249,0,9.9567822626,4.7721855815,6.3039982372,0.2945793569,2.2977189837,0.1767476141,0.7953642636,2.739588019,38.059652909,0,12.932033767,1.9736816911,23.153937451,0.0589158714,58.091049177,2.4155507264,49.224210535,6.1861664945,0.2651214212,0,2.4744665978,210.53586636
OCT97,0.1178317428,0.4418690353,0.1767476141,0,0.0589158714,0.2062055498,0,43.008586105,1.6201864628,22.240741444,3.1814570543,15.966201143,16.408070178,1.5023547201,14.905715458,6.3039982372,3.0636253116,3.2403729257,8.4249696068,0.9131960063,0,0.0883738071,2.0915134338,5.3318863595,0,0,74.705324905,178.07322123,109.49514695,107.87496049,1.6201864628,17.409639992,51.16843429,3.1225411829,130.26299161,38.11856878,233.5130562,16.791023342,24.509002492,73.762670963,118.4503594,65.956318005,0,17.262350313,7.4528577291,0,41.241109963,12.372332989,1.6496443985,5.0373070027,5.4497181023,0.2356634855,661.41903,86.370667437,0.0883738071,40.0333346,7.0993625008,4.3008586105,34.848737919,0.854280135,0.1767476141,0.0294579357,0.1472896784,0.471326971,0.0294579357,0,0,0,4.153568932,0.0294579357,11.812632211,4.0357371893,8.6311751566,0.6186166494,3.3287467327,0.1178317428,1.413980913,3.1519991186,42.124848034,0,14.994089265,1.7380182056,25.392740563,0,62.686487144,2.9752515045,52.081630296,7.1877363079,0.4418690353,0,2.268261048,222.96711522
NOV97,0.1178317428,0.3829531639,0.3534952283,0,0,0.0294579357,0,44.95280986,1.796934077,22.093451766,3.5644102183,17.498013799,13.079323445,1.885307884,11.194015561,5.9210450733,3.2992887971,2.6217562762,8.6311751566,1.0899436205,0,0.2062055498,1.6791023342,5.6559236521,0,0,73.085138442,170.9444008,105.81290499,104.10434472,1.7085602699,15.553790043,49.577705763,4.3008586105,119.12789192,37.470494195,223.49735807,16.025117014,26.247020698,66.250897362,114.97432299,43.597744818,0,10.545940976,7.6885212146,0,25.363282627,12.195585375,1.6496443985,4.4481482889,5.8915871376,0.2062055498,611.13433378,90.612610176,0.3534952283,42.655090876,6.893156951,4.5070641603,36.203802961,1.4728967844,0.2651214212,0.0883738071,0.1472896784,0.8248221993,0.0294579357,0,0,0.1178317428,5.007849067,0,11.724258404,4.536522096,8.8373807064,0.5007849067,3.1814570543,0.0883738071,1.5612705915,3.5054943469,46.749743937,0,16.231322564,2.6806721476,27.837749225,0.0294579357,68.195121118,2.5039245335,57.325142849,8.0420164428,0.3240372926,0,3.0636253116,240.22946554
DEC97,0.2062055498,0.8248221993,0.4418690353,0.0589158714,0.0294579357,0.2945793569,0,46.190043159,1.885307884,22.977189837,3.5644102183,17.76313522,17.232892377,2.4155507264,14.817341651,5.2435125525,2.6806721476,2.5628404049,8.4249696068,1.0310277491,0,0.2651214212,1.2961491703,5.8326712662,0,0,78.122445445,181.843837,116.2999301,114.17895873,2.1209713695,18.17554632,47.368360586,4.3892324175,123.34037673,45.129557474,231.0385896,17.35072412,26.040815148,71.258746429,116.3883039,68.077289375,0,13.992519452,7.9241847001,0,46.160585223,11.989379825,1.5612705915,5.0373070027,5.007849067,0.3829531639,665.80826242,87.755190415,0.2356634855,39.296886208,7.364483922,7.1582783722,33.699878427,2.0325975625,0.0589158714,0.0294579357,0.0883738071,1.796934077,0,0.0294579357,0,0.0294579357,5.8915871376,0.0294579357,14.198725002,4.8311014528,9.1319600633,0.8837380706,3.7411578324,0.1472896784,1.1783174275,3.1814570543,48.546678014,0,17.026686828,2.6806721476,28.839319039,0.5302428424,66.13306562,2.7690459547,55.439834965,7.6590632789,0.2651214212,0,2.1504293052,241.23103535
JAN98,0.0870139005,0.4350695024,0.2320370679,0.0290046335,0.058009267,0.116018534,0,43.593964136,2.0593289778,21.840489018,3.1905096839,16.503636456,18.243914465,1.7982872764,16.445627189,4.8727784264,2.6104170141,2.2623614122,7.5412047075,0.7251158373,0,0.3190509684,1.363217774,5.1338201278,0,0,74.773945138,198.97178574,126.95328079,124.42987767,2.5234031136,19.056044203,52.962460753,4.5247228245,132.14511018,44.986186543,232.99422083,17.750835696,22.652618756,78.138482623,114.45228375,68.537948937,0,16.213590121,13.081089704,0,39.243269112,12.239955333,2.0013197108,5.5688896301,4.3506950235,0.3190509684,694.39993039,82.489177646,0.2900463349,36.255791863,5.9459498655,4.379699657,35.617689926,0.4350695024,0.0870139005,0,0.058009267,0.2320370679,0.0290046335,0,0,0.0290046335,5.4238664627,0.1740278009,14.87937698,5.8299313315,8.6143761466,0.5800926698,3.3355328514,0.0870139005,0.9571529052,3.6545838198,50.961141042,0,17.489793995,3.0454865165,30.425860531,0.0290046335,67.551791399,2.5814123806,56.704058473,7.8602556758,0.4060648689,0,3.016481883,239.40424483
FEB98,0.3190509684,0.3480556019,0.2610417014,0,0.0290046335,0.058009267,0,38.80819961,1.8272919099,19.984192475,2.2623614122,14.734353813,12.87805727,1.9143058104,10.963751459,4.6987506254,2.5524077471,2.1463428783,7.5412047075,1.421227041,0,0.1740278009,1.1891899731,4.7567598924,0,0,64.593318783,178.52351913,111.3777926,109.17344046,2.2043521453,16.764678157,50.381048372,3.5965745528,114.19124205,37.444981836,215.64945,19.056044203,22.420581688,67.609800666,106.56302344,63.520147344,0,14.328288944,6.4970379018,0,42.694820498,10.238635622,1.7982872764,4.2636811231,3.9446301547,0.2320370679,623.16455054,78.370519691,0.116018534,34.631532387,6.2359962004,4.0316440551,33.355328514,1.2181946066,0.4930787693,0.0870139005,0.0870139005,0.2030324344,0,0.3190509684,0,0.0290046335,4.1186579556,0.0870139005,11.659862663,6.1199776664,7.6572232414,0.5800926698,2.6974309146,0.0870139005,1.363217774,2.9294679825,39.794357149,0,14.386298211,2.2333567787,23.174702159,0.0870139005,59.633526456,2.1463428783,50.642090074,6.5260425353,0.3190509684,0,1.7112733759,210.4576206
MAR98,0.0870139005,0.5800926698,0.3480556019,0,0.058009267,0.1740278009,0,45.740307014,2.0303243443,23.290720693,2.842454082,17.576807895,13.893219442,2.3203706792,11.572848763,5.7139127976,2.900463349,2.8134494485,8.9624317485,1.0151621722,0,0.1740278009,2.0303243443,5.7429174311,0,0,74.976977572,189.98034936,114.19124205,112.10290844,2.0883336113,18.475951533,57.313155777,4.0316440551,122.95064136,36.081764062,235.45961467,18.301923732,23.870813362,74.715935871,118.57094171,67.116721896,0,11.427825595,9.9195846536,0,45.769311648,11.398820962,1.7982872764,5.3948618292,3.9446301547,0.2610417014,667.01955637,85.331631728,0.2610417014,39.765352515,6.7870842367,5.1628247613,33.355328514,1.3922224075,0,0,0.0290046335,1.2471992401,0.116018534,0,0,0,4.1766672226,2.0303243443,12.820048003,4.7567598924,8.2953251782,0.5800926698,2.958472616,0.1450231675,1.1021760726,3.5095606523,40.548477619,0,16.445627189,2.2623614122,21.840489018,0.4060648689,64.361281715,2.0013197108,54.470701695,7.3091676395,0.5800926698,0,2.5524077471,226.67121073
APR98,0.1450231675,0.8411343712,0.7251158373,0,0.0290046335,0.0870139005,0,38.315120841,1.363217774,19.201067371,2.5814123806,15.169423315,12.907061903,1.537245575,11.369816328,6.032963766,2.9874772495,3.0454865165,9.4845151513,1.3342131405,0,0.1740278009,1.8853011769,6.0909730329,0,0,67.7258192,188.41409915,112.85702891,110.7686953,2.0883336113,18.388937633,57.168132609,3.0454865165,120.10818728,35.704703826,214.48926466,17.489793995,23.261716059,69.698134277,104.03962033,71.728458621,0,11.427825595,13.168103605,0,47.132529422,11.543844129,1.3342131405,5.6849081641,4.2636811231,0.2610417014,645.03404419,68.769986005,0.4640741358,32.108129274,4.0896533221,4.9017830598,27.206346214,1.2181946066,0.2320370679,0,0.4350695024,0.4930787693,0.0290046335,0.0290046335,0,0,3.1615050504,0.0290046335,11.224793161,7.8312510424,8.0632881103,0.6381019368,2.9294679825,0.058009267,1.8272919099,2.6104170141,44.203061439,0.5220834028,20.535280511,2.6684262811,20.477271244,0.0290046335,53.68757659,2.0593289778,45.102205077,6.2069915669,0.3190509684,0,2.3783799462,200.59604522
MAY98,0.1740278009,0.3480556019,0.2900463349,0,0,0.058009267,0,36.31380113,1.7112733759,18.388937633,1.6242594755,14.589330646,11.572848763,1.7402780094,9.8325707532,6.0619683995,3.2775235844,2.7844448151,7.8312510424,0.7541204707,0,0.0290046335,1.3922224075,5.6559035306,0,0,62.301952737,184.44046436,106.73705124,104.90975933,1.8272919099,20.187224909,57.516188211,3.7125930867,126.77925299,40.05539885,232.38512352,16.097571587,27.061323046,76.862278749,112.36395014,79.704732831,0,11.862895097,11.862895097,0,55.978942636,12.530001668,1.8272919099,5.5978942636,4.7857645259,0.3190509684,679.60756731,80.400844035,0.2030324344,38.489148641,4.32169039,6.2940054674,31.092967101,0.6961112038,0,0,0,0.6671065703,0.0290046335,0,0,0,3.1325004169,0,10.905742192,4.2056718561,9.3394919838,0.4640741358,3.07449115,0.116018534,2.1753475118,3.5095606523,42.027713927,0.5220834028,17.170743026,3.2195143174,21.115373181,0.116018534,72.221537391,3.5385652858,59.894568157,8.3823390787,0.4060648689,0,2.8134494485,225.85908099
JUN98,0.1740278009,0.5220834028,0.2900463349,0,0.0290046335,0.2030324344,0,35.675699193,1.3342131405,17.431784728,2.1173382448,14.79236308,10.499677323,1.363217774,9.1364595494,6.2359962004,3.0454865165,3.1905096839,7.1931491056,0.6090973033,0,0.116018534,1.3342131405,5.1338201278,0,0,60.300633026,176.26115772,99.833948473,98.325707532,1.5082409415,22.362572421,54.064636826,4.0896533221,122.8926321,34.892574089,230.23878065,15.749515985,28.163499119,76.137162912,110.18860263,65.492462421,0,12.559006301,10.760719025,0,42.172737095,14.415302845,2.0303243443,6.7580796032,5.1918293947,0.4350695024,648.28256314,79.53070503,0.4060648689,37.009912333,4.8437737929,4.4667135575,32.804240477,0.9281482717,0.0290046335,0,0,0.6961112038,0.1740278009,0.0290046335,0,0,3.07449115,0.0290046335,9.3975012508,4.4087042905,9.9775939206,0.3770602354,3.3935421184,0.1450231675,2.6104170141,3.4515513853,40.113408117,0.4640741358,15.633497451,2.7554401816,21.260396348,0.2030324344,58.850401352,2.0303243443,49.423895467,7.0191213046,0.3770602354,0,2.8134494485,209.3264399
JUL98,0.116018534,0.4640741358,0.4060648689,0,0.0290046335,0.0290046335,0,41.186579556,1.4502316745,19.78116004,2.5234031136,17.431784728,15.894539153,2.5524077471,13.342131405,5.5398849966,3.2485189509,2.2913660457,8.6143761466,1.1021760726,0,0.058009267,1.7112733759,5.7429174311,0,0,71.815472522,178.17546353,101.80626355,99.920962374,1.8853011769,20.245234176,56.123965804,4.495718191,130.63686924,39.678338615,240.82547187,17.141738393,28.859610323,79.327672596,115.49645056,78.718575292,0,14.183265777,19.926183208,0,44.609126308,14.241275044,3.6545838198,4.7567598924,5.5108803631,0.3190509684,686.77171178,86.201770733,0.3770602354,41.505630524,5.0178015938,3.7415977202,35.559680659,2.3203706792,0.6671065703,0.2320370679,0.4350695024,0.8991436382,0.0870139005,0,0,0,2.958472616,0,12.530001668,4.379699657,11.05076536,0.6381019368,3.1615050504,0.1450231675,2.8714587155,4.2346764896,43.158894633,0.2030324344,17.86685423,2.1753475118,22.913660457,1.3922224075,65.260425353,3.3645374849,54.26766926,7.512200074,0.116018534,0,2.5524077471,231.80503085
AUG98,0.0870139005,0.3190509684,0.1450231675,0,0,0.1740278009,0,42.346764896,1.5662502085,19.056044203,3.1034957835,18.620974701,18.127895931,1.7692826429,16.358613288,7.1931491056,3.6255791863,3.5675699193,9.1944688164,0.9571529052,0,0.0870139005,1.3342131405,6.8160888702,0,0,77.268343618,173.73775461,96.701448056,95.135197848,1.5662502085,20.593289778,56.443016772,3.5385652858,133.30529552,43.12989,236.27174441,17.19974766,26.713267444,81.822071076,110.53665823,91.538623295,0,13.777200908,12.907061903,0,64.854360484,13.197108238,1.8853011769,5.4528710962,5.5978942636,0.2610417014,694.71898136,88.928206281,0.2320370679,42.636811231,4.4667135575,4.2926857565,37.299958668,0.6381019368,0.1740278009,0.0290046335,0.058009267,0.3190509684,0.058009267,0,0,0,3.1905096839,0.058009267,11.311807061,5.2498386617,10.412663423,0.7251158373,2.958472616,0.1450231675,2.4943984802,4.0896533221,52.643409785,0.4060648689,21.492433416,3.3065282179,27.438383282,0.116018534,67.203735797,3.1905096839,56.501026039,7.1061352051,0.4060648689,0,2.7264355481,242.47873598
SEP98,0.2030324344,0.3480556019,0.2900463349,0,0,0.058009267,0,39.852366416,1.363217774,19.317085904,3.2775235844,15.894539153,12.239955333,1.9723150773,10.267640256,5.9459498655,3.0454865165,2.900463349,10.47067269,0.8411343712,0,0.4060648689,1.3052085071,7.9182649428,0,0,69.06003234,161.12073904,92.031702064,90.378437955,1.6532641089,17.460789361,51.628247613,4.1186579556,126.86626689,38.837204243,236.99686025,18.4469469,28.830605689,75.87612121,113.84318645,53.919613658,0,11.224793161,10.151621722,0,32.543198776,10.702709758,1.8853011769,4.4667135575,4.0896533221,0.2610417014,632.56205179,85.09959466,0.4060648689,38.837204243,5.2788432952,6.2650008339,34.312481419,0.2610417014,0,0,0.0290046335,0.0870139005,0.0870139005,0.0290046335,0.0290046335,0,4.1476625891,0,11.920904364,4.8147691594,11.688867297,0.7541204707,3.6255791863,0.1450231675,3.2195143174,3.9446301547,46.639450652,0.3480556019,19.11405347,3.8866208877,23.290720693,0.058009267,63.143087108,2.4363892132,52.643409785,7.8312510424,0.2320370679,0,2.3203706792,230.09375748
OCT98,0.2030324344,0.6090973033,0.3480556019,0.0290046335,0.0290046335,0.2030324344,0,46.349404317,1.479236308,22.536600222,3.7125930867,18.620974701,15.749515985,2.5234031136,13.226112872,6.1199776664,3.1034957835,3.016481883,9.3394919838,1.0151621722,0,0.2030324344,1.5082409415,6.6130564358,0,0,78.370519691,169.88013835,103.37251376,101.60323112,1.7692826429,17.257756927,49.249867666,4.2056718561,125.30001668,42.636811231,240.73845797,17.663821796,26.858290612,77.181329717,119.03501584,53.049474654,0,12.617015568,8.3823390787,0,32.050120007,10.731714391,1.537245575,4.6117367249,4.4667135575,0.116018534,646.54228513,84.287464923,0.2320370679,39.881371049,6.0619683995,4.0606486886,34.051439717,0.5800926698,0.116018534,0,0.2030324344,0.2030324344,0.0290046335,0,0,0.0290046335,4.7567598924,0,13.168103605,4.0316440551,10.441668056,0.5800926698,2.8714587155,0.1740278009,3.3935421184,3.4225467518,51.19317811,0.2900463349,20.390257344,2.4073845797,28.105489852,0.1450231675,66.304592159,2.842454082,54.760748029,8.2953251782,0.4060648689,0,1.8853011769,236.79382781
NOV98,0.2610417014,0.6381019368,0.6090973033,0,0,0.0290046335,0,44.029033638,1.7692826429,21.231391715,2.8134494485,18.214909832,13.893219442,2.2043521453,11.688867297,7.1061352051,3.3645374849,3.7415977202,9.3394919838,1.1021760726,0,0.2030324344,1.7692826429,6.2650008339,0,0,75.267023907,171.8234488,102.93744426,101.02313845,1.9143058104,18.853011769,50.032992771,4.0316440551,128.17147539,43.535954869,242.10167574,18.4469469,25.437063571,77.007301916,121.21036336,49.771951069,0,10.441668056,13.255117505,0,26.075165508,10.267640256,1.537245575,3.4805560188,5.1048154943,0.1450231675,649.70379018,78.776584559,0.2320370679,35.675699193,5.7719220645,5.1628247613,31.934101473,0.9861575387,0.1740278009,0.0290046335,0.1450231675,0.5510880363,0.0870139005,0,0,0,4.1476625891,1.3342131405,11.485834862,5.8299313315,10.238635622,0.5800926698,2.9294679825,0.2900463349,3.0454865165,3.3935421184,55.253826799,0.3770602354,22.014516819,2.5524077471,30.309841997,0.058009267,63.259105642,2.7554401816,52.556395884,7.6282186079,0.3190509684,0,3.3935421184,234.76350347
DEC98,0.058009267,0.2320370679,0.1740278009,0,0,0.058009267,0,48.756788897,2.0593289778,23.899817996,2.900463349,19.897178574,19.259076637,2.6104170141,16.648659623,6.4680332683,2.9294679825,3.5385652858,8.2953251782,0.3770602354,0,0.1740278009,1.4502316745,6.2940054674,0,0,83.069270316,182.35213075,112.85702891,110.3336258,2.5234031136,20.245234176,49.249867666,4.0606486886,127.64939199,44.435098507,243.81294912,19.288081271,29.642735427,76.833274116,118.04885831,59.198456953,0.0290046335,11.688867297,15.604492818,0,31.876092206,13.458149939,2.6684262811,4.1476625891,6.3810193678,0.2610417014,674.96682595,82.315149845,0.4060648689,39.533315447,6.1489822999,3.5965745528,32.630212676,0.5220834028,0.0870139005,0,0.2320370679,0.1450231675,0.058009267,0,0,0,4.8727784264,0.0290046335,13.661182374,4.4667135575,10.47067269,0.4640741358,2.5524077471,0.2030324344,3.8286116207,3.4225467518,60.097600592,0.2610417014,24.856970901,3.016481883,31.963106106,0,72.772625427,2.6974309146,61.228781298,8.5273622461,0.3190509684,0,5.0468062273,254.25461718
JAN99,0.2284786662,0.5426368323,0.3998376659,0,0.0571196666,0.0856794998,0,43.125348251,2.1134276627,21.419874959,3.1130218274,16.479023802,12.480647143,2.7703038281,9.7103433149,5.9118854888,3.1415816607,2.7703038281,9.2533859824,1.228072831,0,0.1142393331,1.2851924976,6.6258813208,0,0,71.542382364,196.74869146,124.46375343,122.15040693,2.3133464956,22.105310958,50.179627071,4.398214325,132.06066908,47.55212241,241.18779204,19.877643962,24.047379621,81.195606013,116.06716245,68.743518703,0,15.279510804,12.223608643,0,41.240399255,12.166488977,1.4565514972,4.8266118242,5.6548469893,0.2284786662,702.857497,76.026276189,0.1142393331,34.871556434,5.2835691566,3.8555774927,31.901333773,0.4283974992,0.0285598333,0,0.0285598333,0.3712778326,0,0,0,0,3.4842996601,0,13.651600307,4.4838938248,12.052249644,0.713995832,3.684218493,0.199918833,3.3700603269,4.0840561589,54.235123397,0.1713589997,21.505554459,3.8270176594,28.731192279,0.0571196666,66.858569706,3.5128594933,54.69208073,8.2537918177,0.3998376659,0,2.3704661622,233.64799606
FEB99,0.2570384995,0.1713589997,0.0571196666,0.0285598333,0,0.0856794998,0,41.583117254,1.6850301635,20.648759461,2.8559833279,16.393344302,12.880484809,2.2562268291,10.62425798,5.7405264891,2.8845431612,2.8559833279,7.8253943185,0.8567949984,0,0.1713589997,1.228072831,5.5691674894,0,0,68.45792037,166.56094768,98.759903479,96.018159484,2.7417439948,19.277887463,48.523156741,3.8270176594,116.32420095,41.354638588,221.42438741,17.193019634,21.819712625,76.711712188,105.69994297,82.109520677,0,15.67934847,12.509206976,0,53.920965231,12.309288143,1.9706284963,4.5695733247,5.3692486565,0.3998376659,643.91000111,72.541976529,0.4569573325,33.129406604,4.9694109906,4.0840561589,29.902145443,1.9135088297,0.2855983328,0,0.1427991664,1.4851113305,0,0,0,0,3.9983766591,0,12.337847977,5.3978084898,11.680971811,0.713995832,3.3129406604,0.1142393331,3.4271799935,4.1126159922,52.978490733,0.2284786662,21.762592959,2.7417439948,28.245675113,0.1713589997,57.148226392,2.2562268291,48.266118242,6.3688428212,0.2570384995,0,3.5985389932,221.76710541
MAR99,0.0285598333,0.5426368323,0.3998376659,0,0.0285598333,0.1142393331,0,43.268147418,2.0563079961,21.991071625,2.3419063289,16.878861468,23.704661622,2.656064495,21.048597127,6.8258001537,3.3700603269,3.4557398268,8.6536294836,1.2851924976,0,0.2284786662,1.4565514972,5.6834068225,0,0,83.023435342,188.06650214,110.69791379,108.41312713,2.2847866623,21.476994626,55.891593727,4.9408511573,133.80281891,50.208186905,255.78186685,20.477400461,26.703444116,88.192765166,120.4082571,64.202505211,0,13.080403642,12.623446309,0,38.49865526,13.194642975,2.1419874959,5.3978084898,5.1978896568,0.4569573325,710.19737415,79.282097183,0.3712778326,36.727945597,4.1126159922,4.7980519909,33.27220577,4.9408511573,0.3427179993,0.0571196666,0.1713589997,4.2839749919,0.0856794998,0,0,0,4.5981331579,0,12.623446309,5.3692486565,9.9673818144,0.7425556653,2.456145662,0.1427991664,3.0844619941,3.5414193266,51.236340903,0.2570384995,23.019225623,3.2558209938,24.704255786,0.2284786662,63.945466712,3.7698979928,52.378734234,7.6254754855,0.1713589997,0,2.8274234946,235.01886805
APR99,0.199918833,0.3141581661,0.2855983328,0,0,0.0285598333,0,37.270582429,1.3423121641,18.878049797,2.456145662,14.594074806,8.082432818,1.5422309971,6.5402018209,5.626287156,2.4275858287,3.1987013273,7.0828386532,0.713995832,0,0.1142393331,0.8853548317,5.3692486565,0,0,58.576218055,174.8147395,103.12955797,101.61588681,1.5136711638,21.476994626,50.208186905,3.684218493,132.08922892,48.780195241,232.90544039,16.907421301,24.018819788,87.221730834,104.75746847,65.259219043,0,10.966975979,12.480647143,0,41.811595921,12.652006143,2.1991071625,4.912291324,5.3406888232,0.199918833,670.18504773,79.025058683,0.6568761654,36.613706264,3.7413381596,6.140364155,31.872773939,2.9131029945,0.1713589997,0.0571196666,0.0856794998,2.456145662,0.1142393331,0,0,0.0285598333,3.7984578261,0,10.252980147,4.6838126578,8.7107491501,0.4283974992,2.4275858287,0.1142393331,2.7131841615,3.0273423276,45.410134914,0.0285598333,19.991883295,3.884137326,21.505554459,0.1142393331,62.774513547,2.5703849951,52.036016235,7.882513985,0.2855983328,0,2.7988636614,220.48191291
MAY99,0.2284786662,0.4855171657,0.199918833,0,0.1427991664,0.1427991664,0,39.298330592,1.3708719974,19.106528464,2.8274234946,15.993506636,12.709125809,1.7992694966,10.909856313,5.9690051553,3.1130218274,2.8559833279,9.0534671495,1.1995129977,0,0.1142393331,1.3994318307,6.340282988,0,0,67.743924538,167.27494352,97.931668314,96.189518484,1.74214983,20.677319294,48.665955908,3.6270988264,150.39608205,49.437071406,260.38000001,16.821741801,25.960888451,104.98594713,112.61142262,67.029928706,0,13.480241308,15.707908304,0,37.841779095,11.852330811,2.0277481628,4.1126159922,5.5406076561,0.1713589997,709.99745532,83.594632008,0.3427179993,38.527215094,3.7984578261,5.3978084898,35.528432599,1.3994318307,0.1713589997,0.0285598333,0.0285598333,1.0852736646,0.0571196666,0,0,0.0285598333,2.970222661,0.0285598333,12.45208731,5.0550904904,9.5961039818,0.6854359987,2.2847866623,0.199918833,3.3700603269,3.0559021609,45.295895581,0.0856794998,18.049814632,3.0559021609,24.104499288,0.0571196666,67.286967206,3.1130218274,55.863033894,7.882513985,0.4283974992,0,2.5989448284,230.3350554
JUN99,0.199918833,0.4283974992,0.2855983328,0,0.0285598333,0.1142393331,0,34.357479435,1.4851113305,16.907421301,2.3419063289,13.623040474,12.10936931,1.7135899967,10.395779314,6.2260436548,3.5985389932,2.6275046617,7.1399583198,0.9424744982,0,0.1713589997,1.1709531644,4.8551716574,0,0,60.461167052,163.33368652,95.075684986,93.533453989,1.5422309971,20.648759461,47.609242076,2.8559833279,130.43275859,42.497031919,249.52726336,17.250139301,28.502713613,96.846394649,106.9280158,72.941814195,0,13.337442141,15.507989471,0,44.096382583,14.422715806,1.8849489964,4.7980519909,7.5112361524,0.2284786662,676.01125372,71.970779863,0.199918833,34.071881102,3.5414193266,3.6270988264,30.530461775,0.5426368323,0.0856794998,0.0285598333,0.0285598333,0.3998376659,0,0,0,0,2.0848678294,0,10.995535812,4.8551716574,9.6532236483,0.4855171657,2.3990259954,0.2284786662,3.8555774927,2.6846243282,39.469689592,0.1713589997,16.964540968,3.0844619941,19.24932763,0.2855983328,57.690863224,2.6846243282,46.324049579,8.4251508173,0.2570384995,0,2.9987824943,200.54714929
JUL99,0.2284786662,0.3427179993,0.199918833,0,0.0571196666,0.0856794998,0,38.184497094,1.1995129977,18.306853132,2.3990259954,16.279104969,11.880890644,2.0277481628,9.8531424813,4.6838126578,2.656064495,2.0277481628,7.2541976529,0.8282351651,0,0.1427991664,1.3137523308,4.9694109906,0,0,62.574594715,168.04605901,98.445745313,97.103433149,1.3423121641,20.391720961,49.20859274,3.6270988264,138.5151914,46.752447078,252.21188769,18.621011298,29.416628277,97.160552816,107.0136953,53.663926731,0,10.995535812,12.594886476,0,30.073504443,17.5928573,2.3990259954,9.4818646487,5.5691674894,0.1427991664,680.40946804,80.510170014,0.5997564989,37.384821762,3.8555774927,5.3121289899,33.35788527,1.3708719974,0.4569573325,0.0856794998,0.2855983328,0.514076999,0,0,0,0.0285598333,3.1130218274,0,12.53776681,5.2550093234,9.7389031482,0.3998376659,2.3990259954,0.2284786662,3.9126971592,2.7988636614,42.925429419,0.2855983328,18.478212132,2.8559833279,21.305635626,0.2284786662,60.975244051,2.656064495,50.750823737,7.3113173195,0.2570384995,0,2.9987824943,219.65367775
AUG99,0.0856794998,0.3427179993,0.1713589997,0,0,0.1713589997,0,39.269770759,1.7707096633,18.021254799,2.970222661,16.507583635,13.366001975,2.1991071625,11.166894812,5.2835691566,2.3419063289,2.9416628277,8.5393901505,0.6568761654,0,0.1713589997,1.5422309971,6.1689239883,0,0,66.88712954,173.38674784,103.8435538,101.58732697,2.2562268291,19.820524296,49.722669739,3.884137326,144.71267523,42.468472086,242.87282221,18.335412965,28.902551278,91.077308327,104.55754963,66.116014041,0,10.081621148,20.477400461,0,35.556992433,12.909044642,2.2276669958,4.7694921576,5.7119666558,0.199918833,686.34991336,83.651751675,0.2284786662,38.84137326,4.3410946584,6.2546034881,33.986201602,1.1138334979,0.2570384995,0.0285598333,0.0571196666,0.7425556653,0.0285598333,0,0,0,3.170141494,0,11.166894812,5.626287156,10.510018647,0.6283163321,2.4847054953,0.0856794998,4.0840561589,3.2272611605,45.752852913,0.2284786662,18.335412965,3.5128594933,23.676101788,0.514076999,62.231876715,3.0273423276,50.522345071,8.5393901505,0.1427991664,0,3.0844619941,226.8221959
SEP99,0.1427991664,0.3141581661,0.1713589997,0,0.0571196666,0.0856794998,0,41.011920589,1.7135899967,19.33500713,3.0559021609,16.907421301,15.907827136,2.1419874959,13.765839641,5.2550093234,2.3990259954,2.8559833279,9.5961039818,0.9139146649,0,0.3141581661,1.9706284963,6.3974026545,0,0,72.227818363,164.33328069,105.50002413,103.01531864,2.4847054953,15.565109137,43.268147418,4.198295492,155.8510102,43.410946584,254.29675552,20.762998794,31.78709444,94.304569488,107.4420928,71.599502031,0,9.6246638151,14.765433805,0,47.20940441,11.566732478,2.0563079961,3.9126971592,5.3692486565,0.2284786662,705.25652299,77.368588353,0.3141581661,36.528026764,5.2264494901,4.1411758255,31.158778108,0.9424744982,0,0,0,0.9424744982,0,0,0,0,2.9416628277,0.0571196666,11.880890644,4.4553339915,10.167300647,0.4855171657,2.456145662,0.2570384995,4.3410946584,2.6275046617,48.380357575,0.0285598333,21.734033125,2.8845431612,23.733221455,0.199918833,60.232688386,2.0563079961,50.065387738,7.9110738183,0.199918833,0,3.0559021609,219.68223758
OCT99,0.0856794998,0.6568761654,0.5426368323,0,0,0.1142393331,0,46.095570912,1.7707096633,22.305229791,3.8270176594,18.192613799,20.848678294,2.3704661622,18.478212132,6.3974026545,3.170141494,3.2272611605,9.4247449821,0.8853548317,0,0.1713589997,1.8563891631,6.5116419876,0,0,83.508952508,178.35615883,113.89661512,112.18302512,1.7135899967,16.536143469,47.923400242,4.8551716574,155.96524954,52.750012067,254.21107602,20.191802128,27.274640782,92.305381158,114.43925195,60.861004718,0,14.422715806,13.537360974,0,32.900927938,14.765433805,2.7988636614,5.4834879896,6.1974838216,0.2855983328,721.76410663,84.765585172,0.3141581661,39.498249425,4.7694921576,4.198295492,35.985389932,0.9995941648,0,0,0,0.9710343315,0.0285598333,0,0,0,3.8555774927,0,13.280322475,5.4549281563,12.052249644,0.7425556653,2.456145662,0.3141581661,4.1411758255,4.398214325,57.74798289,0.199918833,23.961700121,3.5414193266,30.04494461,0,70.428548866,3.3129406604,57.633743557,9.110586816,0.3712778326,0,2.9987824943,251.58357136
NOV99,0.0571196666,0.3141581661,0.2284786662,0,0,0.0856794998,0,45.324455414,1.8278293299,20.705879127,3.4271799935,19.363566963,14.27991664,2.2562268291,12.023689811,6.1974838216,4.0269364924,2.1705473292,9.8531424813,0.9710343315,0,0.1142393331,2.0848678294,6.6830009873,0,0,76.026276189,184.41084348,111.18343096,109.46984096,1.7135899967,20.591639794,52.635772733,3.884137326,154.05174071,51.921776901,258.98056818,23.704661622,28.417034113,92.333940991,114.52493145,84.30862784,0,15.079591971,18.763810464,0,50.465225404,13.965758473,2.8559833279,5.7976461557,5.0265306571,0.2855983328,751.52345291,74.941002524,0.2855983328,35.928270265,4.5695733247,3.2843808271,30.873179775,2.9131029945,0,0,0.0285598333,2.8274234946,0.0571196666,0,0,0,3.0559021609,0.0285598333,12.166488977,5.8547658222,12.36640781,0.5711966656,2.9987824943,0.2570384995,4.1411758255,4.398214325,53.920965231,0,23.818900955,2.9987824943,27.103281782,0.199918833,64.859381377,3.3415004937,53.264089066,8.0538729847,0.199918833,0,3.0273423276,233.33383789
DEC99,0.1142393331,0.4855171657,0.199918833,0,0.0571196666,0.2284786662,0,47.266524077,2.0563079961,23.219144456,3.170141494,18.820930131,10.995535812,1.5707908304,9.4247449821,4.9694109906,2.2562268291,2.7131841615,7.6540353188,0.4569573325,0,0.0856794998,1.6279104969,5.4834879896,0,0,71.485262698,184.61076232,117.58083361,115.52452561,2.0563079961,18.106934299,48.922994407,3.9983766591,161.50585719,51.12210157,265.14949216,21.876832292,29.559427444,93.590573656,120.12265877,54.549281563,0,12.10936931,11.195454645,0,31.244457607,15.165271471,3.2843808271,4.5981331579,7.1113984865,0.1713589997,736.10114294,85.708059671,0.3141581661,41.640236921,4.5410134914,3.8555774927,35.3570736,0.8282351651,0.1427991664,0.0285598333,0.0571196666,0.5711966656,0,0.0285598333,0,0,4.1697356588,0,15.108151805,6.5402018209,13.737279807,0.5426368323,3.1987013273,0.6283163321,4.4267741583,4.9408511573,56.291431393,0.0571196666,24.847054953,3.3700603269,28.017196447,0.0571196666,72.399177363,2.656064495,59.632931887,9.9102621479,0.199918833,0,3.2558209938,258.09521334
JAN00,0.1123110612,0.4211664795,0.2526998877,0.0280777653,0,0.1403888265,0,43.183603034,1.4600437957,21.002168446,3.0043208873,17.717069905,11.427650478,1.7127436834,9.7149067945,6.0367195399,2.7516209996,3.2850985403,9.0691181925,0.6177108366,0,0.1123110612,2.1900656935,6.1490306011,0,0,70.250568785,193.79273611,123.42985627,121.21171281,2.2181434588,18.727869456,51.63501039,4.4924424483,158.33051854,49.866111176,267.49687003,21.760268109,26.449254914,105.48816424,113.79918277,73.900678275,0,10.416850927,26.00001067,0,37.483816678,17.267825661,2.7516209996,6.3455749582,7.8617742845,0.3088554183,765.14718224,87.43416115,0.1965443571,39.673882372,5.2505421115,6.4578860194,35.855306291,1.6285103875,0.280777653,0,0.1403888265,1.1511883774,0,0,0,0.0561555306,4.1555092647,0.0842332959,13.393094049,6.1209528358,12.691149916,0.7580996632,3.5939539586,0.2526998877,4.18358703,3.902809377,60.114495511,0.2526998877,25.663077486,3.2008652444,30.997852893,0.1123110612,70.138257724,2.5831544078,58.794840542,8.6760294783,0.0842332959,0,3.5097206627,259.38239586
FEB00,0.1403888265,0.3650109489,0.2526998877,0.0280777653,0,0.0842332959,0,41.246237228,1.8812102752,18.784024987,3.3412540709,17.239747895,15.021604437,2.6673877037,12.354216733,5.5593975298,2.8920098261,2.6673877037,8.9006516007,0.6457886019,0,0.0561555306,1.9373658058,6.2613416623,0,0,71.233290571,185.2290177,111.27218389,109.75598457,1.5161993263,19.233269232,54.723564573,3.537798428,133.20091859,40.544293096,246.8877903,21.563723752,26.280788323,91.758137007,107.28514122,75.164177713,0,14.151193712,23.388778496,0,37.624205505,12.326138968,2.2742989895,3.9589649076,5.8401751828,0.2526998877,696.89013479,98.665267271,0.3650109489,44.419024708,7.3282967438,4.4924424483,42.060492422,2.7516209996,0.0561555306,0,0.0280777653,2.6112321731,0.0561555306,0,0,0,3.3974096015,0.0280777653,12.522683325,6.51404155,30.745153006,0.5053997754,3.0885541832,0.1684665918,4.2397425606,22.742989895,48.939544921,0.280777653,21.254868334,2.8077765302,24.596122404,0.0842332959,58.514062889,2.8077765302,47.142567942,8.1144741722,0.4492442448,0,3.2289430097,265.39103763
MAR00,0.2246221224,0.5334775407,0.3930887142,0,0,0.1403888265,0,47.282956768,2.0215991017,22.995689782,3.8747316117,18.390936273,12.719227682,2.414687816,10.304539866,4.7732201013,2.3866100507,2.3866100507,10.332617631,0.7580996632,0,0.3369331836,2.5269988772,6.7105859072,0,0,75.866121846,189.77761568,115.68039304,114.10803819,1.5723548569,18.699791691,55.397430941,4.3239758565,139.77111567,47.367190064,264.60486021,21.844501405,26.280788323,96.643668169,119.83590231,105.88125295,0,10.585317519,20.581001966,0,74.714933468,13.758104998,2.976243122,3.5097206627,6.879052499,0.3930887142,765.48411543,102.25922123,0.3930887142,44.447102473,5.5593975298,8.36717406,43.492458453,1.0669550815,0.2246221224,0.0561555306,0.1123110612,0.5896330713,0.0561555306,0.0280777653,0,0,4.6609090401,0.0561555306,12.943849804,6.2051861317,12.915772039,0.5896330713,2.9481653567,0.4211664795,4.6047535095,4.3520536218,52.617732176,0.1403888265,21.844501405,3.0043208873,27.628521057,0.0561555306,63.146894164,2.8639320608,51.073455084,8.9006516007,0.3088554183,0,2.8077765302,258.73660726
APR00,0.1965443571,0.280777653,0.1965443571,0,0,0.0842332959,0,40.066971086,1.3477327345,17.913614263,3.1727874791,17.63283661,9.5183624373,1.768899214,7.7494632233,4.2397425606,2.3585322854,1.8812102752,8.7041072436,0.8142551938,0,0.1403888265,1.9654435711,5.7840196522,0,0,63.006505337,174.44715582,102.96116536,101.61343263,1.3477327345,19.261346997,52.224643462,3.5658761933,132.83590764,43.773236106,236.97633915,18.362858507,28.527009547,89.820771201,100.26569989,53.375831839,0,7.5529188662,21.423334925,0,24.399578047,20.91793515,10.332617631,4.2116647953,6.1209528358,0.2526998877,665.8922819,80.723575243,0.1123110612,37.568049974,4.8012978666,3.7624205505,34.479495791,0.8984884897,0.0561555306,0.0280777653,0.0842332959,0.7300218978,0,0,0,0,3.4816428974,0,12.07343908,5.7840196522,10.69762858,0.6177108366,2.6673877037,0.1123110612,4.2397425606,3.0604764179,51.298077207,0.1684665918,22.742989895,3.4254873668,24.961133353,0.0561555306,63.568060643,4.0431982035,51.522699329,7.7494632233,0.2526998877,0,3.5097206627,232.09080799
MAY00,0.1684665918,0.4211664795,0.2526998877,0,0,0.1684665918,0,34.535651321,1.6004326222,15.695470804,2.1058323976,15.133915498,10.192228805,2.1058323976,8.0863964069,5.6997863563,3.2850985403,2.414687816,9.3498958455,1.1231106121,0,0.1123110612,1.9092880405,6.2051861317,0,0,60.367195399,186.77329479,105.76894189,104.50544245,1.2634994386,20.833701854,60.170651042,3.2850985403,150.52489978,48.574533972,259.21392927,19.850980068,29.481653567,98.047556434,111.8337392,64.438471368,0,10.051839978,12.55076109,0,41.8358703,12.943849804,2.5831544078,4.18358703,5.8682529481,0.3088554183,725.75407752,78.954676029,0.561555306,36.641483719,3.5658761933,4.2678203259,33.917940485,0.561555306,0.1403888265,0.0280777653,0.0842332959,0.3088554183,0,0,0,0,2.3585322854,0.0280777653,11.371494947,6.2051861317,9.209507019,0.5334775407,2.3866100507,0.0842332959,3.0043208873,3.2008652444,43.492458453,0.0561555306,17.464370018,4.8012978666,21.170635038,0.0280777653,55.172808818,2.3304545201,45.12096884,7.4967633356,0.2246221224,0,3.7904983158,211.17287284
JUN00,0.5053997754,0.5053997754,0.4773220101,0,0,0.0280777653,0,36.220317239,1.5161993263,16.874736946,2.1619879282,15.667393038,12.606916621,2.0215991017,10.585317519,4.8855311625,2.5269988772,2.3585322854,9.1814292537,0.6177108366,0,0.2246221224,2.5550766425,5.7840196522,0,0,63.904993827,162.82296099,91.112348405,89.483838017,1.6285103875,18.755947222,52.954665359,4.0431982035,141.03461511,46.749479228,257.50118558,18.138236385,31.475174903,97.261379006,110.62639529,64.298082541,0,10.416850927,22.658756599,0,31.222475016,14.123115947,2.6393099384,4.4082091524,6.7667414378,0.3088554183,690.5726376,85.693339701,0.5053997754,39.98273779,3.537798428,5.4470864686,36.220317239,1.0107995509,0.1684665918,0.0561555306,0.1123110612,0.6457886019,0.0280777653,0,0,0,2.7516209996,0,11.399572713,4.745142336,11.006483998,0.6738663672,2.2181434588,0.3088554183,4.18358703,3.6220317239,42.425503371,0.1123110612,19.54212465,3.0604764179,19.710591242,0.1123110612,58.261363001,2.5831544078,46.97410135,8.5356406518,0.1684665918,0,4.0431982035,221.44933494
JUL00,0.1965443571,0.3369331836,0.1684665918,0,0,0.1684665918,0,36.304550535,1.6285103875,17.436292252,2.7235432343,14.516204661,16.622037059,1.768899214,14.853137845,5.3066976421,3.0323986526,2.2742989895,8.7883405395,0.7580996632,0,0.1965443571,2.0215991017,5.8120974175,0,0,67.555103316,170.68473527,96.643668169,95.183624373,1.4600437957,18.559402865,55.481664237,3.902809377,152.88343207,47.282956768,263.03250535,18.025925324,32.064807975,98.019478669,114.92229338,59.665251267,0,12.606916621,15.330459855,0,31.727874791,12.269983437,2.6673877037,2.8639320608,6.51404155,0.2246221224,709.72167354,83.306729651,0.1123110612,44.419024708,3.537798428,3.1727874791,32.064807975,0.3369331836,0,0,0.0561555306,0.280777653,0,0,0,0,2.6393099384,0,10.585317519,5.025919989,10.725706345,0.280777653,2.1058323976,0.0561555306,4.3520536218,3.9308871423,46.216001687,0.3088554183,18.755947222,3.7343427852,23.416856262,0.0280777653,59.159851491,2.5269988772,47.984900901,8.2548629988,0.3930887142,0,3.2008652444,221.22471281
AUG00,0.1123110612,0.5053997754,0.3930887142,0,0.0561555306,0.0561555306,0,40.993537341,1.7127436834,19.457891354,3.3693318362,16.453570467,11.764583661,1.8531325099,9.9114511516,5.2224643462,2.695465469,2.5269988772,9.7149067945,0.7019441325,0,0.0561555306,1.8250547446,7.1317523867,0,0,68.31320298,170.99359069,93.639347282,92.179303486,1.4600437957,21.058323976,56.29591943,4.0431982035,158.83591831,47.676045483,276.17289951,19.514046885,30.323986526,102.96116536,123.37370074,61.799161429,0,13.365016284,16.565881528,0,31.868263618,14.796982314,2.8639320608,3.9308871423,7.7775409886,0.2246221224,734.31779594,87.518394446,0.3369331836,40.431982035,3.8185760811,5.1101532849,37.820749862,0.5334775407,0,0,0,0.5334775407,0,0,0,0,2.3023767548,0.0280777653,14.291582539,6.7386636725,10.557239754,0.6457886019,2.2742989895,0.0842332959,4.6609090401,2.8920098261,47.45142336,0.280777653,21.591801517,4.0151204382,21.563723752,0.3369331836,67.920114265,3.4254873668,53.796998318,10.473006458,0.2246221224,0,2.8358542955,240.51413758
SEP00,0.0842332959,0.3088554183,0.1965443571,0,0.0280777653,0.0842332959,0,39.50541578,2.049676867,17.941692028,3.5939539586,15.920092926,16.31318164,2.3585322854,13.954649355,5.5032419992,3.0323986526,2.4708433466,10.360695396,0.9546440203,0,0.1684665918,2.1339101629,7.1036746214,0,0,72.07562353,164.00222713,89.568071313,88.192260813,1.3758104998,21.198712803,53.235443012,3.4254873668,152.26572123,48.237600789,271.17505729,19.008647109,33.637162832,100.26569989,118.26354745,70.082102194,0,8.2548629988,23.809944976,0,38.017294219,15.246226559,3.2008652444,4.9978422237,6.6544303765,0.3930887142,724.43442255,94.453602476,0.280777653,44.362869177,4.7170645707,4.2958980912,40.796992984,1.2354216733,0.1403888265,0,0.0561555306,1.0107995509,0,0,0.0280777653,0,3.0323986526,0,12.101516845,6.51404155,13.056160865,0.6457886019,2.6393099384,0.5053997754,4.6889868054,4.5766757442,53.347754074,0.280777653,23.978411568,3.8747316117,25.213833241,0.0561555306,82.155541273,3.5097206627,67.105859072,11.427650478,0.1123110612,0,2.6393099384,268.59190288
OCT00,0.1965443571,0.561555306,0.4773220101,0,0,0.0842332959,0,43.829391636,1.9654435711,20.974090681,3.3131763056,17.576681079,13.561560641,2.3866100507,11.17495059,6.0086417746,3.0885541832,2.9200875914,9.6868290292,1.0669550815,0,0.0561555306,2.2181434588,6.3455749582,0,0,73.844522744,186.91368361,107.93092982,106.2462639,1.6846659181,22.237590119,56.745163675,3.5939539586,152.91150983,51.185766145,274.09514488,21.479490456,30.604764179,99.395289169,122.61560107,79.993553345,0,11.624194835,18.896336048,0,49.473022462,15.7797041,2.5269988772,3.7624205505,9.1814292537,0.3088554183,764.47331587,78.056187539,0.3930887142,36.501094892,3.8185760811,4.1555092647,33.187918587,1.6004326222,0.2246221224,0.3650109489,0.5896330713,0.1684665918,0.2246221224,0,0,0.0280777653,3.2850985403,0,11.708428131,6.1209528358,10.416850927,0.3930887142,2.1619879282,0.2246221224,4.2678203259,3.3693318362,53.544298431,0.3650109489,23.641478384,3.1727874791,26.365021618,0.1123110612,67.751647673,3.257020775,52.028099104,12.157672376,0.3088554183,0,4.9978422237,237.59404998
NOV00,0.1403888265,0.3088554183,0.1965443571,0,0.0842332959,0.0280777653,0,45.485979789,1.9092880405,21.760268109,3.3974096015,18.419014038,16.678192589,2.8077765302,13.870416059,4.9416866931,2.5831544078,2.3585322854,9.7429845598,0.7861774285,0,0.1403888265,2.5550766425,6.2613416623,0,0,77.298087876,186.32405054,107.36937451,105.516242,1.8531325099,21.367179395,57.587496634,3.537798428,159.65017351,49.501100227,283.69774061,22.069123527,35.967617352,96.531357108,129.12964262,61.237606123,0,9.8833733863,17.071281304,0,34.282951434,14.4038936,3.0604764179,4.0712759688,7.0755968561,0.1965443571,758.35236304,82.997874232,0.1403888265,38.831549413,4.5485979789,3.6220317239,35.855306291,0.7300218978,0.2526998877,0.0561555306,0.0561555306,0.3650109489,0,0,0,0,2.9481653567,0.0561555306,14.151193712,6.7667414378,11.371494947,0.7019441325,2.3023767548,0.4211664795,4.2958980912,3.6501094892,56.801319206,0.561555306,24.961133353,3.5939539586,27.684676588,0.1123110612,62.192250144,3.3974096015,47.984900901,10.473006458,0.3369331836,0,3.5658761933,241.69340372
DEC00,0.1965443571,0.280777653,0.1684665918,0,0.0280777653,0.0842332959,0,49.78187788,2.0215991017,21.900656935,4.2397425606,21.619879282,12.157672376,3.1166319485,9.0410404272,6.4298082541,3.4535651321,2.976243122,9.1252737231,0.5896330713,0,0.1403888265,1.7969769793,6.5982748459,0,0,77.971954243,182.73009658,109.13827373,107.17283016,1.9654435711,21.254868334,52.336954523,3.9308871423,153.05189866,46.805634758,274.57246689,20.356379844,39.196560361,91.505437119,123.51408956,59.581017971,0.0561555306,7.8336965192,15.751626334,0,35.939539586,13.533482876,2.7235432343,4.7732201013,5.7840196522,0.2526998877,734.20548488,77.550787764,0.3088554183,37.23111679,4.1555092647,4.2397425606,31.61556373,2.0215991017,0,0,0.0561555306,1.9654435711,0,0,0,0,3.7624205505,0,14.937371141,6.1490306011,11.399572713,0.6177108366,2.3866100507,0.3930887142,4.4924424483,3.5097206627,61.771083664,0.4492442448,25.269988772,3.257020775,32.794829873,0.2526998877,75.164177713,3.8466538464,58.373674063,12.719227682,0.2246221224,0,2.9481653567,255.95690849
JAN01,0.2519971474,0.5319939778,0.4479949287,0,0.027999683,0.0559993661,0,44.127500477,1.4559835183,21.643754993,3.2759629161,17.75179905,14.727833281,4.3399508718,10.387882409,4.3679505548,2.547971157,1.8199793978,11.171873534,1.1759866878,0,0.1399984152,2.2119749604,7.6439134709,0,0,75.179148972,198.37775436,115.89068812,113.48271538,2.4079727417,23.715731538,58.771334708,4.2279521396,152.51427354,46.115477973,276.66486815,21.447757211,30.603653567,92.818949289,131.79450809,70.727199368,0,12.543858004,15.399825674,0,42.783515691,16.351814897,3.0799651348,5.3759391444,7.6439134709,0.2519971474,764.97934043,74.619155311,0.2799968304,34.327611411,4.6199477022,3.5839594296,31.807639938,1.8479790809,0.2239974643,0.0839990491,0.1959977813,1.3439847861,0,0,0,0,3.0519654518,0.0559993661,14.5318355,6.3279283679,12.207861807,0.6999920761,2.8559676704,0.2239974643,4.0039546752,4.4239499209,62.747289701,0.4479949287,25.871707132,4.5639483361,31.863639304,0.1119987322,67.703233599,3.21996355,53.1713981,11.115874168,0.1959977813,0,4.1999524565,247.40519937
FEB01,0.1119987322,0.3639958796,0.3359961965,0,0,0.027999683,0,43.371509035,1.9879774961,20.943762917,3.5279600635,16.911808558,15.875820286,2.3239736926,13.551846593,5.123941997,2.57597084,2.547971157,10.639879557,0.7559914422,0,0.1959977813,2.1559755944,7.5319147387,0,0,75.487145486,174.80202124,101.3868523,99.622872269,1.7639800317,20.943762917,52.471406024,3.8079568939,131.06651633,45.219488115,249.47717592,19.011784787,27.131692869,86.883016484,116.45068178,75.571144535,0,14.419836767,22.847741364,0,38.303566404,15.17582821,2.7719686213,5.0399429478,7.08391981,0.2799968304,695.12013124,76.383135343,0.3639958796,32.871627893,4.4239499209,4.9839435818,33.739618068,1.7639800317,0.4759946117,0.1679980983,0.3919955626,0.615993027,0,0,0,0.1119987322,2.547971157,0,15.791821237,5.9919321713,9.7998890653,0.5599936609,2.2679743265,0.1679980983,3.7799572109,3.0239657687,55.467372109,0.5319939778,23.575733123,3.4159613313,27.943683678,0.1399984152,65.211261809,2.8559676704,52.723403171,9.3518941366,0.2799968304,0,3.1359645009,236.23332584
MAR01,0.1399984152,0.3919955626,0.3079965135,0,0,0.0839990491,0,50.371429795,2.4079727417,23.099738511,3.7239578448,21.139760698,13.187850714,2.2959740096,10.891876704,7.2799175913,3.4999603804,3.7799572109,10.863877021,1.0639879557,0,0.2239974643,2.1559755944,7.4199160066,0,0,82.235069099,177.1819943,108.13477591,106.1747981,1.9599778131,18.087795246,50.959423139,3.5839594296,142.29438923,51.351418702,279.0728409,20.383769256,33.123625041,92.958947705,132.60649889,81.367078925,0,14.195839303,29.175669731,0,37.99556989,14.867831696,3.2759629161,3.6959581618,7.5599144218,0.3359961965,749.71951318,85.315034234,0.1679980983,39.843548971,4.8719448496,4.1159534074,36.315588908,1.3719844691,0.4759946117,0.027999683,0.1119987322,0.64399271,0.0559993661,0,0,0.0559993661,5.123941997,0,17.051806974,6.411927417,11.199873217,0.8119908083,2.2399746435,0.1119987322,4.6199477022,3.4159613313,65.659256737,0.8959898574,27.243691601,3.5279600635,33.991615215,0,75.011150874,3.5279600635,59.415327418,11.815866244,0.2519971474,0,2.7999683044,269.94494422
APR01,0.1399984152,0.3639958796,0.2799968304,0,0.0559993661,0.027999683,0,44.855492236,1.6239816165,20.9717626,3.5559597465,18.703788273,11.927864977,2.2679743265,9.65989065,6.3559280509,2.9399667196,3.4159613313,8.4279045961,1.0079885896,0,0.2519971474,2.1279759113,5.0399429478,0,0,72.071184154,180.28995912,101.94684596,100.32286435,1.6239816165,22.399746435,55.943366721,3.4999603804,146.9703363,48.243453884,262.30103075,17.723799367,29.511665928,97.046901429,118.01866403,69.663211412,0.4759946117,13.187850714,28.839673535,0,27.159692552,13.019852615,2.2679743265,3.4719606974,7.1119194931,0.1679980983,723.98780446,81.563076706,0.3079965135,39.143556895,3.3879616483,3.1639641839,35.559597465,1.6519812996,0.3359961965,0.0559993661,0.2519971474,0.7559914422,0.0559993661,0.027999683,0.1119987322,0.0559993661,3.7799572109,0.027999683,14.391837084,5.9639324883,9.7998890653,0.3359961965,2.2399746435,0.3079965135,3.6959581618,3.21996355,56.783357212,0.5879933439,24.723720127,2.6879695722,28.783674169,0.0839990491,68.235227577,2.547971157,55.971366404,9.4638928687,0.2519971474,0,3.3319622822,245.61321966
MAY01,0.0839990491,0.4199952457,0.2799968304,0,0.0559993661,0.0839990491,0,40.487541681,1.4279838352,20.187771474,3.21996355,15.651822821,14.671833915,2.8559676704,11.815866244,6.6079251983,3.1359645009,3.4719606974,9.7158900161,0.5879933439,0,0.2239974643,2.0159771791,6.8879220287,0,0,71.987185105,188.96986086,113.23071823,111.4667382,1.7639800317,21.055761649,54.683380984,4.7319464344,143.63837401,48.775447862,276.94486498,19.123783519,34.187612996,99.090878291,124.54259018,58.435338512,1.0919876387,9.4358931857,19.459779715,0,28.447677972,13.52384691,2.2959740096,3.7239578448,7.2799175913,0.2239974643,735.01967958,87.611008243,0.1679980983,41.271532806,4.8999445326,3.86395626,37.407576546,1.5399825674,0.2799968304,0.1399984152,0.1679980983,0.6999920761,0.0559993661,0,0.0839990491,0.1119987322,4.1999524565,0,14.307838035,6.0479315374,9.1838960383,0.3919955626,2.4079727417,0.0559993661,3.8079568939,2.5199714739,54.571382252,0.64399271,22.959740096,2.9959660857,27.971683361,0.615993027,69.663211412,3.1079648178,57.203352458,9.1278966722,0.2239974643,0,4.3679505548,252.10914612
JUN01,0.0839990491,0.5319939778,0.3919955626,0,0.027999683,0.1119987322,0,41.21553344,1.6239816165,18.871786371,3.6119591126,17.10780634,12.823854834,2.2119749604,10.611879874,6.4959264661,2.8559676704,3.6399587957,8.4279045961,0.615993027,0,0.1119987322,1.6519812996,6.0479315374,0,0,69.579212363,175.8660092,101.27485357,99.53887322,1.7359803487,20.60776672,53.983388908,4.6199477022,146.69033947,47.823458638,267.25697465,19.655777497,33.543620286,100.51886213,113.53871474,56.055365453,0.9239895404,8.8478998418,17.38780317,0,28.895672901,12.991852932,2.9679664026,3.3319622822,6.4959264661,0.1959977813,711.30394804,75.739142633,0.2239974643,35.811594613,3.4159613313,2.4919717909,33.795617434,0.9799889065,0.2239974643,0.027999683,0.0839990491,0.5319939778,0.0559993661,0,0.027999683,0.027999683,4.4239499209,0.0559993661,13.075851981,6.411927417,10.443881775,0.5319939778,2.1559755944,0.3079965135,3.7799572109,3.6679584787,56.139364502,0.7559914422,24.947717592,2.9119670365,27.523688432,0.1399984152,66.387248496,2.6599698891,55.271374328,8.2039071318,0.2519971474,0,3.5279600635,237.32531348
JUL01,0.1679980983,0.2799968304,0.0839990491,0,0.027999683,0.1679980983,0,40.235544534,1.5959819335,18.927785737,3.2759629161,16.435813947,15.73582187,1.259985737,14.475836134,5.4879378765,2.7719686213,2.7159692552,8.5679030113,0.8119908083,0,0.1119987322,2.0719765452,5.5719369257,0,0,70.475202221,177.37799208,97.942891286,96.542907134,1.3999841522,22.567744533,56.867356262,4.0879537244,153.46626276,44.379497624,278.98884185,20.355769573,31.91963867,105.33480761,121.37862599,75.71114295,2.0439768622,16.939808241,15.315826625,0,41.411531221,14.223838986,2.6599698891,4.1439530905,7.1399191761,0.2799968304,748.23552997,70.8391981,0.1959977813,33.347622505,4.0879537244,3.191963867,30.015660223,1.4559835183,0.3079965135,0.1399984152,0.3079965135,0.4759946117,0.1119987322,0,0.0559993661,0.0559993661,3.3599619652,0,12.59985737,5.3199397783,19.459779715,0.5879933439,2.9119670365,0.1399984152,3.6679584787,12.151862441,49.727437085,0.5599936609,20.551767354,2.7719686213,25.843707449,0.2519971474,66.835243425,2.8279679874,54.683380984,9.01589794,0.3079965135,0,3.3879616483,233.23735975
AUG01,0.1679980983,0.3919955626,0.1959977813,0,0.0559993661,0.1399984152,0,39.92754802,1.5399825674,18.927785737,2.9679664026,16.491813313,14.16783962,2.3519733757,11.815866244,5.5719369257,2.6039705231,2.9679664026,9.7158900161,0.7839911252,0,0.1399984152,2.0719765452,6.7199239305,0,0,69.943208243,156.12623265,86.043025993,84.391044693,1.6519812996,19.571778447,50.511428211,3.7239578448,152.96226847,42.279521396,279.40883709,19.151783202,34.299611728,101.35885262,124.59858954,84.559042792,1.7079806657,7.8119115692,25.647709668,0,49.391440889,16.09981775,2.7999683044,4.8439451665,7.9799096674,0.4759946117,735.15967799,78.56711062,0.2799968304,36.315588908,4.6199477022,3.4159613313,33.935615849,1.8759787639,0.1959977813,0.1119987322,0.2239974643,1.2039863709,0.027999683,0,0.027999683,0.0839990491,3.3879616483,0.027999683,14.559835183,5.3759391444,10.555880507,0.7279917591,2.3519733757,0.1119987322,3.9199556261,3.4439610144,52.471406024,0.4479949287,23.015739462,2.3519733757,26.655698257,0.2519971474,72.099183837,3.5839594296,58.379339146,9.8838881144,0.2519971474,0,2.7999683044,241.97326086
SEP01,0.0839990491,0.7279917591,0.5599936609,0.027999683,0.027999683,0.1119987322,0,43.315509668,2.2399746435,18.787787322,3.9479553091,18.339792394,12.571857687,1.8759787639,10.695878923,4.6199477022,2.1559755944,2.4639721078,10.695878923,0.64399271,0,0.2519971474,2.1839752774,7.6159137879,0,0,72.015184788,146.57834073,79.743097308,78.063116326,1.6799809826,19.739776546,47.095466879,4.3399508718,148.95831379,41.915525516,268.37696197,17.919797148,35.727595564,94.274932808,120.45463645,84.503043426,0.8959898574,8.5119036453,20.887763551,0,54.207386372,14.951830745,2.6879695722,3.86395626,8.1759074487,0.2239974643,709.62396706,71.287193029,0.0839990491,33.767617751,4.0319543583,2.4359724248,30.967649446,1.3999841522,0.3079965135,0.1399984152,0.1679980983,0.64399271,0.1119987322,0,0,0.027999683,4.3679505548,0.0839990491,15.371825991,6.411927417,14.81183233,2.4639721078,2.4359724248,0.2239974643,4.2839515057,5.4039388274,54.991377498,0.4479949287,24.135726784,2.4359724248,27.971683361,0.027999683,67.98323043,3.1079648178,55.831367989,8.8199001587,0.2239974643,0,3.86395626,240.60127639
OCT01,0.2519971474,0.5319939778,0.3639958796,0,0.027999683,0.1399984152,0,46.003479241,1.8759787639,21.643754993,4.0879537244,18.39579176,14.503835817,2.7439689383,11.759866878,5.9919321713,3.0239657687,2.9679664026,14.027841205,0.9519892235,0,0.3079965135,2.6599698891,10.107885579,0,0,81.311079559,166.01012077,92.902948339,90.914970843,1.9879774961,19.543778764,53.563393662,4.3119511887,155.14624374,43.707505231,286.35275849,21.503756577,32.591631063,96.234910621,136.02246023,67.815232332,0.8399904913,7.8679109352,21.391757845,0,37.71557306,15.847820603,2.2119749604,5.6559359748,7.699912837,0.2799968304,739.19163235,96.654905866,0.1679980983,45.135489066,6.1599302696,4.6759470683,40.515541364,2.4359724248,0.4759946117,0.2239974643,0.3079965135,1.2319860539,0.0839990491,0,0.0839990491,0.027999683,4.9559438987,0.0839990491,17.051806974,6.3559280509,11.143873851,0.3639958796,2.2119749604,0.1679980983,4.3399508718,4.0599540413,67.255238671,0.6999920761,29.035671316,2.57597084,34.943604438,0.0839990491,81.199080826,3.6399587957,64.903265295,12.431859271,0.2239974643,0,2.8839673535,290.10471601
NOV01,0.1959977813,0.615993027,0.3919955626,0.0559993661,0.027999683,0.1399984152,0,46.787470366,2.6039705231,21.587755627,4.1719527735,18.423791443,12.487858637,2.3519733757,10.135885262,6.0759312205,2.9399667196,3.1359645009,11.423870682,0.8399904913,0,0.0839990491,2.0439768622,8.4559042792,0,0,77.587121714,154.47425135,87.807006025,86.099025359,1.7079806657,16.46381363,50.203431697,3.2759629161,136.35845642,40.711539145,273.66890207,21.951751506,35.083602854,87.163013315,129.47053439,72.351180985,2.8279679874,6.6919242474,18.143794612,0,44.687494138,13.579846276,2.1559755944,4.2279521396,6.9719210779,0.2239974643,694.42013916,72.015184788,0.1679980983,34.635607925,4.1999524565,2.9119670365,30.099659272,2.1559755944,0.1399984152,0,0.1679980983,1.6239816165,0,0,0.027999683,0.1959977813,3.9199556261,0,16.015818701,5.6279362918,11.787866561,0.4479949287,2.6319702061,0.1679980983,4.7599461174,3.7799572109,67.927231064,1.0639879557,28.783674169,2.8839673535,35.195601586,0.027999683,73.303170208,3.5839594296,57.847345168,11.703867512,0.1679980983,0,3.0519654518,255.83310397
DEC01,0.1119987322,0.64399271,0.5039942948,0,0.027999683,0.1119987322,0,52.583404756,2.4919717909,24.331724565,5.0679426309,20.691765769,12.011864026,3.5559597465,8.4559042792,5.4879378765,2.57597084,2.9119670365,10.275883677,1.1199873217,0,0.1959977813,1.9879774961,6.9719210779,0,0,81.115081777,160.27018574,94.722927736,92.538952459,2.1839752774,19.935774327,45.611483678,3.3319622822,126.41856894,38.303566404,261.32104185,20.943762917,34.803606023,83.859050716,121.71462219,51.407418068,1.2039863709,5.2639404122,20.271770524,0,24.667720761,12.067863392,2.2959740096,2.4359724248,6.9719210779,0.3639958796,653.12060667,75.319147387,0.1399984152,35.503598099,5.5439372426,2.7719686213,31.359645009,2.4919717909,0.1119987322,0,0.4479949287,1.93197813,0,0,0,0,4.0879537244,0.027999683,17.247804755,6.5239261492,10.359882726,0.3919955626,2.1559755944,0.4479949287,3.8079568939,3.5559597465,70.307204122,0.7559914422,29.231669098,2.6599698891,37.659573694,0.1679980983,81.535077023,3.5279600635,67.61923455,10.219884311,0.1679980983,0,2.6319702061,270.70093567
JAN02,0.2189907101,0.6022244529,0.3832337427,0.0273738388,0.0547476775,0.1368691938,0,45.905927613,1.7792995199,21.926444853,4.3250665253,17.875116715,15.657835775,2.9290007481,12.728835027,5.6390107861,2.354150134,3.2848606521,10.319937215,1.1223273895,0,0.0821215163,2.0530379076,7.062450402,0,0,78.343926553,175.65792337,102.46027851,100.02400686,2.4362716503,22.446547789,50.751097075,4.3250665253,107.66130787,42.6484408,277.89921117,21.844323336,30.467082548,94.549239103,131.03856618,63.151446037,0.8485890018,12.482470478,17.053901552,0,32.766485005,14.590256063,2.0530379076,4.5440572354,7.7194225324,0.2737383877,685.93365184,67.887120144,0.1094953551,31.53466226,4.2976926865,1.7519256811,30.193344161,0.9580843569,0.1642430326,0.0821215163,0.1642430326,0.5201029366,0.0273738388,0,0,0,4.5714310742,0.0547476775,17.902490554,6.5423474654,10.046198828,0.2737383877,2.3815239728,0.1094953551,3.9965804601,3.2848606521,66.764792754,1.0675797119,27.674950994,3.2301129746,34.792149074,0.1094953551,67.558634078,2.6826361992,54.145453082,10.402058732,0.3284860652,0,3.2027391358,245.59808142
FEB02,0.1094953551,0.6569721304,0.465355259,0,0.1094953551,0.0821215163,0,43.743394351,1.8614210362,20.776743625,3.9965804601,17.10864923,13.98803161,3.0384961032,10.949535507,4.4071880416,2.0530379076,2.354150134,9.0059929545,0.7390936467,0,0.1094953551,1.5603088097,6.597095143,0,0,71.911074442,160.32857366,92.496201196,90.771649353,1.7245518424,20.284014527,47.548357939,3.531225201,87.349919507,38.049635887,248.8281944,17.902490554,30.330213354,87.103554958,113.49193553,46.590273582,0.355859904,6.2959829165,14.672377579,0,25.266053182,11.469638444,1.9709163913,2.5183931666,6.8434596919,0.1368691938,596.14746068,69.912784212,0.0547476775,30.959811646,5.3105247209,3.2301129746,30.357587193,1.3686919384,0.2463645489,0.0547476775,0.3011122264,0.7390936467,0.0273738388,0,0,0,4.2155711702,0.0273738388,16.369555583,5.6937584636,9.4713482136,0.4379814203,2.0256640688,0.3832337427,3.3396083296,3.2848606521,51.07958314,0.8485890018,21.76220182,2.2720286177,26.196763701,0.1916168714,63.315689069,2.9837484257,50.285741816,9.9093296339,0.1368691938,0,2.6005146829,224.24648718
MAR02,0.1642430326,0.3011122264,0.2189907101,0,0.0273738388,0.0547476775,0,46.973507325,1.9161687137,23.349884469,3.1479914583,18.559462684,13.741667061,3.0932437807,10.648423281,4.8451694619,2.4362716503,2.4088978115,10.21044186,0.6022244529,0,0.0273738388,2.3815239728,7.1993195959,0,0,76.236140968,175.49368034,98.16258582,96.16429559,1.99829023,22.309678596,55.021415923,3.7228420724,98.053090465,43.141169898,266.59381576,19.818659268,29.290007481,92.660444228,124.82470478,68.215606209,1.7519256811,6.3507305941,19.928154623,0,40.184795311,13.413180996,2.4088978115,3.2301129746,7.4456841448,0.3284860652,668.63338574,70.268644116,0.2463645489,32.930728037,3.8323374275,3.3396083296,29.919605773,1.4508134547,0.3284860652,0.1642430326,0.3011122264,0.5474767754,0.1094953551,0,0,0,4.2703188477,0,15.603088097,6.706590498,9.1154883096,0.4106075815,1.6971780036,0.1642430326,4.2976926865,2.5457670054,65.642465365,0.821215163,26.278885217,2.4910193278,36.051345657,0,72.650168089,2.9016269094,57.676678283,11.907619864,0.1642430326,0,2.6278885217,248.3354653
APR02,0.1368691938,0.0821215163,0.0547476775,0,0.0273738388,0,0,38.43286963,1.7519256811,18.915322588,3.1479914583,14.617629902,14.070153127,2.7647577155,11.305395411,4.5988049129,2.4088978115,2.1899071014,7.77417021,0.3832337427,0,0.1368691938,2.0256640688,5.2284032046,0,0,65.094988589,161.39615337,93.372164036,92.140341292,1.2318227445,18.066733587,49.957255751,3.9692066213,96.082174074,38.159131242,258.95651474,19.462799364,31.863148325,87.377293346,120.25327371,54.364443792,1.3960657771,6.9255812082,18.066733587,0,27.97606322,12.947825737,1.9435425525,3.9692066213,6.9803288857,0.0547476775,625.87544958,73.663000123,0.0821215163,34.846896751,3.7228420724,4.708300268,30.302839516,1.5603088097,0.1916168714,0.0821215163,0.3832337427,0.8485890018,0.0547476775,0,0,0,2.8468792318,0,15.301975871,5.5021415923,9.2797313422,0.4379814203,1.8066733587,0.5474767754,3.6954682336,2.7921315543,54.118079243,0.7664674855,21.159977367,3.0384961032,29.153138287,0.0547476775,73.881990834,2.8742530706,58.771631834,12.099236735,0.1368691938,0,3.8323374275,240.04119215
MAY02,0.0273738388,0.355859904,0.1916168714,0,0.0273738388,0.1368691938,0,41.142879668,1.7245518424,19.052191782,4.4071880416,15.958948001,33.177092586,3.1479914583,30.029101128,3.9418327825,1.8614210362,2.0804117463,9.4987220523,0.6569721304,0,0.0821215163,1.7245518424,7.0350765633,0,0,88.143760831,156.63310543,89.840938835,88.663863768,1.177075067,18.805827233,47.98633936,3.8049635887,95.096715878,36.188214851,276.91375297,21.570584949,34.901644429,91.428621484,129.01290211,62.768212294,1.7519256811,8.2121516303,17.245518424,0,35.558616559,14.508134547,3.175365297,3.4764775235,7.5825533386,0.2737383877,645.91309956,79.73999233,0.1642430326,38.159131242,4.0513281376,3.3122344909,34.053055427,2.1899071014,0.5201029366,0.2463645489,0.3832337427,0.8485890018,0.1916168714,0,0,0,3.7775897499,0.0273738388,13.577424029,6.1591137227,9.0607406321,0.4927290978,1.9709163913,0.1094953551,3.7228420724,2.7647577155,57.430313734,0.8759628406,24.116351954,3.5038513622,28.934147577,0.3832337427,77.495337551,3.6407205561,60.715174386,13.029947253,0.1094953551,0,3.065869942,252.90689637
JUN02,0.1368691938,0.355859904,0.2737383877,0,0.0273738388,0.0547476775,0,39.007720244,1.4781872934,19.052191782,3.2574868133,15.219854355,14.289143837,2.4088978115,11.880246025,4.4345618803,2.1077855851,2.3267762952,9.4439743748,0.6569721304,0,0.0547476775,2.0256640688,6.706590498,0,0,67.668129433,147.29862641,80.698076687,79.657870814,1.0402058732,18.313098135,48.287451586,3.3669821684,93.180547165,37.611654467,258.65540251,18.915322588,33.259214103,93.454285552,113.02658027,67.996615499,0.5474767754,6.7613381756,25.813529958,0,34.87427059,11.743376831,2.5457670054,2.8468792318,6.1043660452,0.2463645489,619.85320505,71.96582212,0.2189907101,33.888812394,3.3943560072,3.5859728785,30.87769013,2.8468792318,0.3284860652,0.1094953551,0.4106075815,1.888794875,0.1094953551,0,0,0,3.3122344909,0,14.152274643,4.5988049129,11.414890766,0.4927290978,2.4088978115,0.4106075815,4.1060758151,3.9965804601,58.361024252,0.5201029366,23.924735083,3.9144589438,30.001727289,0.1094953551,74.128355383,3.1206176195,59.017996383,11.77075067,0.2189907101,0,3.5859728785,244.47575403
JUL02,0.0821215163,0.4379814203,0.355859904,0,0,0.0821215163,0,41.170253506,1.8066733587,18.668958039,3.3396083296,17.355013779,17.628752166,1.7792995199,15.849452646,4.0239542988,1.6424303261,2.3815239728,8.8691237607,0.9307105181,0,0.0273738388,1.3960657771,6.5149736267,0,0,72.212186669,149.37903815,82.313133174,80.999188913,1.3139442608,17.245518424,49.820386557,3.175365297,99.476530081,38.898224889,277.18749136,20.530379076,35.284878171,97.231875302,124.14035881,71.281476151,2.0256640688,9.416600536,27.401212606,0,32.43799894,15.54834042,2.7373838768,4.0239542988,8.5132638567,0.2737383877,654.94646635,97.642482884,0.2737383877,45.960675291,5.2010293658,3.887085105,42.319954735,2.1077855851,0.2463645489,0.1368691938,0.2189907101,1.4781872934,0.0273738388,0,0,0,4.2703188477,0,14.946115967,5.3926462372,11.55175996,0.4927290978,2.3267762952,0.1916168714,5.1189078495,3.4217298459,60.441435999,0.8759628406,24.910193278,2.8468792318,31.808400648,0.0547476775,77.194225324,2.7647577155,58.771631834,15.411471226,0.2463645489,0,3.4764775235,277.07799601
AUG02,0.0547476775,0.3832337427,0.2463645489,0.0273738388,0,0.1094953551,0,41.909347153,1.4781872934,19.134313299,3.9144589438,17.382387617,13.796414739,2.8195053931,10.976909346,4.1334496539,1.532934971,2.6005146829,10.511554087,0.7664674855,0,0.0547476775,1.9435425525,7.7467963712,0,0,70.788747053,137.17030606,78.891403328,77.331094518,1.5603088097,14.89136829,43.387534447,3.531225201,101.55694183,40.540655215,270.0155456,17.820369038,32.766485005,97.970968949,121.45772261,72.376429701,2.6552623605,14.261769998,19.408051686,0,36.051345657,16.095817195,2.4910193278,4.2155711702,8.9238714382,0.465355259,641.28692081,82.504750045,0.4379814203,39.254084793,3.6680943949,3.1479914583,35.996597979,4.0787019764,0.1368691938,0.1368691938,0.2463645489,3.1479914583,0.1368691938,0,0.1916168714,0.0821215163,4.8725433006,0.0273738388,13.933283933,6.3233567553,11.223273895,0.5748506141,2.2994024565,0.3011122264,4.8999171394,3.1479914583,63.835792006,0.9854581956,26.443128249,3.5585990398,32.848606521,0.1916168714,84.694657147,3.065869942,64.492764136,16.780163165,0.355859904,0,3.3669821684,275.05233194
SEP02,0.1094953551,0.5201029366,0.3284860652,0,0.0547476775,0.1368691938,0,41.08813199,1.6698041648,18.449967329,3.2574868133,17.710873683,16.615920132,2.9563745869,13.659545545,3.5038513622,1.6424303261,1.8614210362,9.77246044,0.3832337427,0,0.1094953551,1.6150564873,7.6646748549,0,0,71.609962216,142.67244766,79.356758587,77.686954422,1.6698041648,17.628752166,45.686936903,3.4217298459,100.70835283,36.4345794,249.37567117,18.586836523,33.615074007,84.557787953,112.61597269,55.130911278,1.2591965833,6.0769922064,20.229266849,0,27.565455639,12.126610574,2.5731408441,2.710010038,6.4875997879,0.355859904,599.87030275,85.2968816,0.3011122264,38.925598727,5.4747677535,3.4491036847,37.146299208,2.6826361992,0,0.0273738388,0.5474767754,1.6424303261,0.4106075815,0,0.0273738388,0.0273738388,3.5859728785,0.0273738388,15.876826485,5.3652723984,14.699751418,0.4379814203,3.0932437807,0.1642430326,5.2831508821,5.7211323024,64.164278071,0.7664674855,27.291717251,3.1479914583,32.958101876,0.1642430326,80.123226073,3.3122344909,59.811837707,16.752789326,0.2463645489,0,3.6407205561,275.62718255
OCT02,0.1368691938,0.6022244529,0.3832337427,0,0.0547476775,0.1642430326,0,42.922179188,1.99829023,19.846033106,3.5038513622,17.574004489,27.291717251,2.9290007481,24.362716503,4.0787019764,2.1625332626,1.9161687137,11.195900056,0.821215163,0,0.3011122264,1.8340471974,8.239525469,0,0,86.227592118,155.8392641,91.29175229,89.95043419,1.3413180996,18.477341168,46.070170646,3.065869942,102.73401689,38.788729534,269.24907812,18.449967329,32.766485005,94.686108297,123.34651749,85.73486302,0.821215163,7.9384132426,46.946133486,0,30.029101128,13.002573415,2.2172809402,3.0932437807,7.6099271774,0.0821215163,668.41439503,85.707489181,0.1916168714,40.458533698,4.7630479456,3.0111222644,37.283168401,4.8999171394,0.0273738388,0,0.2189907101,4.5988049129,0,0,0.0273738388,0.0273738388,4.0787019764,0,17.10864923,5.8032538187,13.358433319,0.5474767754,2.7373838768,0.2463645489,5.1736555271,4.6535525905,61.837501776,1.0128320344,26.142016023,2.1899071014,32.492746617,0,83.846068145,3.9144589438,62.768212294,16.88965852,0.2737383877,0,2.710010038,279.35002462
NOV02,0.1642430326,0.355859904,0.2737383877,0,0.0273738388,0.0547476775,0,48.8623022,2.3267762952,22.911903048,4.0513281376,19.572294719,11.98974138,2.8742530706,9.1154883096,4.5714310742,1.9709163913,2.6005146829,12.701461188,0.7938413243,0,0.1368691938,2.5183931666,9.2523575034,0,0,78.645038779,147.40812176,83.982937339,82.121516303,1.8614210362,17.272892262,46.152292162,3.1206176195,101.91280173,39.582570858,267.38765708,19.627042396,32.602241972,87.897396283,127.26097643,59.29173477,0.5201029366,7.1993195959,15.110359,0,36.461953238,18.504715007,2.2720286177,3.8049635887,11.98974138,0.4379814203,637.20821883,86.337087473,0.0273738388,40.978636635,4.6535525905,3.6954682336,36.982056175,2.9563745869,0.3284860652,0.2463645489,0.6295982917,1.532934971,0.0273738388,0,0.1094953551,0.0821215163,5.6390107861,0.0273738388,16.479050938,6.1864875615,11.716002993,0.5474767754,2.4636454891,0.4379814203,4.4345618803,3.8323374275,74.155729221,0.9307105181,31.726279132,2.9837484257,38.514991146,0.0821215163,88.253256187,3.6954682336,65.177110106,19.134313299,0.2463645489,0,2.9290007481,294.76149585
DEC02,0.2737383877,0.3284860652,0.2463645489,0,0.0821215163,0,0,51.544938399,2.3267762952,24.937567117,4.1334496539,20.147145333,11.278021572,2.8468792318,8.4311423404,4.9272909782,1.8340471974,3.0932437807,11.98974138,0.6295982917,0,0.1642430326,2.354150134,8.8417499219,0,0,80.342216783,145.92993447,87.103554958,85.07789089,2.0256640688,16.615920132,42.21045938,2.9016269094,103.5826059,40.540655215,253.09851324,16.862284681,33.505578651,80.807572042,121.92307787,36.023971818,0.7390936467,5.6937584636,10.484180248,0,19.10693946,14.289143837,1.8614210362,3.6407205561,8.4858900179,0.3011122264,596.36645139,83.161722176,0.2463645489,38.268626597,4.8999171394,3.175365297,36.571448593,2.8195053931,0.0547476775,0.0547476775,0.4379814203,1.9161687137,0.0547476775,0,0.2189907101,0.0821215163,4.9546648169,0,19.298556331,6.5423474654,10.621049442,0.4927290978,2.4088978115,0.4379814203,3.9965804601,3.2848606521,72.321682024,1.6424303261,30.686073258,3.2301129746,36.763065465,0.1368691938,97.669856723,3.8597112662,71.555214538,22.035940208,0.2189907101,0,3.2848606521,300.81111422
JAN03,0.1068626956,0.2938724129,0.1602940434,0,0.0267156739,0.1068626956,0,46.45855691,2.2174009336,22.81518551,3.8203413675,17.605629099,10.525975516,2.4578419987,8.0681335175,4.8889683235,2.0303912163,2.8585771072,10.766416581,0.7213231953,0,0.0801470217,2.110538238,7.8544081263,0,0,73.04065244,152.8136547,88.776184366,86.719077476,2.0571068902,16.189698383,47.847771953,3.686762998,104.69872601,38.764442827,255.32169545,18.727687403,30.963466049,81.295795674,124.33474633,64.117617357,2.2441166075,8.4688686259,18.006364208,0,35.398267916,13.83871908,2.8051457594,3.686762998,7.0796535832,0.267156739,633.24161842,78.971532045,0.3205880868,35.184542525,4.5950959106,3.7401943458,35.131111177,2.8852927811,0.1335783695,0.0267156739,0.2938724129,2.1639695858,0,0,0.2404410651,0.0267156739,4.4080861933,0.0267156739,18.300236621,6.2781833662,12.422788363,0.4808821302,2.912008455,0.267156739,4.5149488889,4.2477921499,68.392125181,2.2174009336,29.280378593,3.2058808679,33.688464786,0.0534313478,94.867358015,3.6066159763,68.258546812,22.735038488,0.267156739,0,3.5264689547,290.13221854
FEB03,0.1335783695,0.3740194346,0.2137253912,0,0,0.1602940434,0,43.092381999,1.7098031295,20.14361812,3.3394592374,17.899501512,9.2970545168,2.0571068902,7.2399476266,4.488233215,1.9502441946,2.5379890204,11.247298711,0.801470217,0,0.1335783695,1.8968128468,8.4154372781,0,0,68.632566246,140.97861116,80.147021697,78.650943958,1.4960777383,15.708816253,45.122773215,3.0723024984,91.95534956,34.089199895,258.23370391,16.403423774,32.566406483,79.34555148,129.91832217,73.174230809,1.068626956,7.8811238002,18.059795556,0,46.164684497,13.785287732,2.5914203682,3.446321933,7.6139670612,0.1335783695,615.28868556,73.922269678,0.4808821302,32.619837831,4.8088213018,2.7249987377,33.287729678,1.5227934122,0.1335783695,0.0534313478,0.1602940434,1.0953426299,0.0534313478,0,0.0267156739,0,4.1676451282,0.0267156739,17.792638817,6.6522028008,10.659553886,0.7480388692,2.2975479553,0.5075978041,4.0874981065,3.0188711506,61.018599185,1.309068021,25.433321552,3.0990181723,31.17719144,0.1335783695,71.838447114,3.4730376069,49.076692952,18.994844142,0.2938724129,0,2.5112733465,250.24571741
MAR03,0.1335783695,0.4808821302,0.3473037607,0.0267156739,0,0.1068626956,0,45.229635911,2.377694977,20.864941315,3.6066159763,18.380383642,9.3772015385,2.0036755424,7.3735259961,5.1561250625,2.377694977,2.7784300855,10.980141972,0.9083329126,0,0.0801470217,2.4845576726,7.5071043656,0,0,71.357564984,154.0425757,88.722753018,86.932802867,1.7899501512,16.483570796,48.836251887,3.4196062591,110.09529214,38.630864458,264.03100514,18.460530664,33.928905852,84.207804129,127.4337645,68.926438659,1.6029404339,5.1561250625,17.632344773,0,44.535028389,15.040924405,2.1906852597,3.7134786719,8.97646643,0.1602940434,654.18670676,76.647268416,0.267156739,35.558561959,4.7286742801,3.0723024984,33.020572939,1.5495090861,0.4007351085,0.1068626956,0.4808821302,0.4808821302,0.0534313478,0,0,0.0267156739,5.6637228666,0,18.08651123,8.4955842998,12.102200276,0.6946075214,2.5647046943,0.5610291519,4.6218115845,3.6600473241,67.991390073,1.2289209993,27.463712768,4.0607824326,35.237973873,0.0534313478,85.597019172,3.6600473241,63.44972551,18.353667969,0.1335783695,0,3.6600473241,279.84668409
APR03,0.267156739,0.4274507824,0.267156739,0,0.0267156739,0.1335783695,0,38.711011479,1.7899501512,18.166658251,3.3127435635,15.441659514,9.1634761473,1.9235285207,7.2399476266,4.9691153452,2.110538238,2.8585771072,9.777936647,0.801470217,0,0.1870097173,1.4960777383,7.2933789744,0,0,63.31614714,144.07762934,82.551432347,81.40265837,1.1487739777,16.243129731,45.283067259,3.2860278896,90.512703169,34.356356634,253.77218637,18.91469712,33.71518046,80.093590349,121.04871844,103.41637366,2.0303912163,9.510779908,17.098031295,0,74.777171243,12.663229428,2.1906852597,2.5379890204,7.5872513873,0.3473037607,642.08450649,78.11663048,0.1068626956,35.959297068,5.0759780408,2.6982830638,34.276209612,1.309068021,0.0534313478,0,0.0801470217,1.0953426299,0.0267156739,0,0.0267156739,0.0267156739,5.7705855622,0,22.174009336,7.0262222354,10.55269119,0.2137253912,2.110538238,0.3740194346,4.1943608021,3.6600473241,62.274235858,1.2289209993,27.330134399,3.7669100197,29.948270441,0.1068626956,78.463934241,3.8737727153,56.957816752,17.418619382,0.2137253912,0,3.1524495201,268.94668914
MAY03,0.0801470217,0.3473037607,0.1335783695,0.0267156739,0,0.1870097173,0,38.684295806,1.4693620644,16.964452926,3.7936256936,16.456855122,19.101706838,3.5799003024,15.521806535,4.2745078238,2.0838225641,2.1906852597,8.4955842998,0.7213231953,0,0.1068626956,1.2823523471,6.3850460618,0,0,70.983545549,152.65336066,86.532067758,85.51687215,0.9884799343,17.605629099,48.5156638,2.9921554767,93.932309428,33.341161026,264.85919103,18.380383642,35.451699264,86.585499106,124.44160902,63.663450901,2.5112733465,7.7475454307,27.490428442,0,25.914203682,14.987493057,2.2174009336,3.2593122157,9.3772015385,0.1335783695,626.42912158,91.073732321,0.4007351085,40.714687022,4.7821056279,4.4615175411,40.714687022,1.7632344773,0,0,0.1870097173,1.4426463905,0.0267156739,0,0.1068626956,0,4.7019586062,0.0534313478,17.712491795,8.3887216042,11.461024103,0.3473037607,2.6181360421,0.2137253912,4.5416645628,3.7401943458,65.98771453,0.9350485865,27.971310572,3.686762998,33.394592374,0.0267156739,83.860500369,3.2325965418,61.686491032,18.781118751,0.1602940434,0,2.9921554767,288.0216803
JUN03,0.1068626956,0.3205880868,0.1870097173,0,0.0267156739,0.1068626956,0,37.00120835,1.8700971729,17.712491795,2.644851716,14.773767666,11.861759211,2.6715673899,9.1901918212,5.2095564103,2.6715673899,2.5379890204,8.6558783432,0.7213231953,0,0.0534313478,1.4693620644,6.4117617357,0,0,63.155853097,143.73032558,77.181581894,76.032807916,1.0953426299,16.3767081,50.172035582,2.644851716,99.008287469,32.058808679,252.99743182,16.697296187,33.074004287,82.765157739,120.46097361,46.084537476,1.9235285207,5.3698504537,11.327445733,0,27.463712768,14.025728797,2.5379890204,3.3928905852,7.8009767785,0.2938724129,590.54997153,87.440400671,0.1870097173,38.630864458,3.953919737,8.1215648653,36.547041894,2.377694977,0.2137253912,0.0534313478,0.2938724129,1.5227934122,0.1870097173,0,0.1068626956,0,5.4232818015,0,15.815678948,6.6254871269,10.285534451,0.7480388692,1.8700971729,0.3205880868,4.2477921499,3.0990181723,54.900709862,0.6946075214,23.189204944,3.4196062591,27.597291138,0.0801470217,84.608539238,3.446321933,62.755117988,18.246805273,0.1602940434,0,2.5647046943,270.12217879
JUL03,0.1068626956,0.3473037607,0.267156739,0.0267156739,0,0.0534313478,0,41.355863195,1.6296561078,17.044599947,3.7936256936,18.887981446,13.758572058,2.2441166075,11.51445545,4.4348018672,1.8968128468,2.5379890204,11.16715169,1.309068021,0,0.2404410651,1.6563717817,7.9612708219,0,0,71.170555267,134.29969269,73.468103222,72.29261357,1.1754896516,15.201218448,45.630371019,3.8737727153,95.535249862,33.71518046,271.85869759,17.47205073,35.90586572,91.421036082,127.05974506,65.854136161,1.3892150427,6.9727908876,18.08651123,0,39.405619001,21.025235358,2.644851716,3.686762998,14.453179579,0.2404410651,626.16196484,97.16490597,0.5075978041,45.550223998,3.5264689547,4.2745078238,43.30610739,2.0571068902,0.1335783695,0,0.1870097173,1.2823523471,0.1335783695,0,0.2938724129,0.0267156739,5.3164191059,0.0267156739,16.056120013,6.4651930835,9.8847993426,0.2938724129,2.0036755424,0.2137253912,4.0340667587,3.3394592374,57.064679448,0.5877448258,24.498272965,3.3661749113,28.612486746,0.5610291519,73.334524852,3.179165194,54.366396384,15.708816253,0.0801470217,0,5.1828407364,273.11433427
AUG03,0.267156739,0.2404410651,0.1602940434,0,0,0.0801470217,0,41.783313978,1.9235285207,18.861265773,3.5264689547,17.47205073,18.674256055,2.9654398028,15.708816253,5.1828407364,2.5379890204,2.644851716,10.766416581,0.9350485865,0,0.1068626956,1.3357836949,8.3887216042,0,0,76.914425155,128.20851904,67.403645247,66.174724247,1.2022053254,17.017884274,43.78698952,3.8470570414,112.01882066,32.112240026,253.82561771,15.682100579,34.409787982,83.406333912,120.32739524,61.39261862,0.7480388692,4.7019586062,11.060288994,0,44.88233215,15.388228166,2.4578419987,3.2325965418,9.3772015385,0.3205880868,606.79310126,100.26392414,0.2137253912,44.855616476,5.2362720842,6.2247520184,43.733558172,2.0838225641,0.0534313478,0.0267156739,0.0801470217,1.4159307166,0.1335783695,0,0.2938724129,0.0801470217,6.7323498225,0.0801470217,17.445335056,14.212738514,12.022053254,0.3205880868,2.5647046943,0.5075978041,5.1828407364,3.446321933,67.937958725,1.1220583038,29.200231571,3.4997532808,34.115915569,0,79.799717936,3.5531846285,59.255364708,16.884305904,0.1068626956,0,3.6600473241,304.23809436
SEP03,0.2137253912,0.4007351085,0.2938724129,0,0,0.1068626956,0,40.394098935,1.7365188034,18.968128468,2.8852927811,16.804158882,14.426463905,3.3394592374,11.087004668,3.2058808679,1.309068021,1.8968128468,11.300730059,0.7213231953,0,0.1068626956,2.1372539119,8.3352902564,0,0,69.941634267,120.72813035,64.945803248,63.690166575,1.2556366732,13.812003406,41.970323695,2.7517144116,98.126670231,28.772780789,226.09474821,15.147787101,28.692633767,72.826927048,109.42740029,59.656099816,0.8549015648,3.8203413675,11.407592755,0,43.573264129,16.804158882,2.3242636292,5.022546693,9.2169074951,0.2404410651,552.93430268,91.82177119,0.3205880868,41.836745326,4.6752429323,2.8585771072,42.130617739,1.7098031295,0,0.0534313478,0.1335783695,1.4159307166,0.0267156739,0,0.0801470217,0,6.1713206706,0.0267156739,20.277196489,6.7323498225,9.6710739514,0.3205880868,1.6830874556,0.4274507824,4.8355369757,2.4044106509,63.048990401,1.2022053254,25.727193965,3.6600473241,32.459543787,0.1068626956,79.398982827,3.8203413675,58.373747469,17.017884274,0.1870097173,0,2.5112733465,281.4763402
OCT03,0.1068626956,0.2938724129,0.2404410651,0,0,0.0534313478,0,44.722038107,2.1372539119,20.945088337,3.2058808679,18.43381499,11.16715169,2.7517144116,8.4154372781,3.9806354109,1.9502441946,2.0303912163,11.941906233,0.7213231953,0,0.0801470217,1.7098031295,9.4306328863,0,0,72.212466549,130.61292969,71.865162788,70.449232071,1.4159307166,16.296561078,42.451205825,3.179165194,108.35877333,29.654398028,240.44106509,17.204893991,31.978661657,76.620552742,114.6369567,48.916398909,0.8816172387,4.8622526496,11.728180842,0,31.444348179,19.395579251,2.8051457594,6.7857811703,9.6176426036,0.1870097173,580.5583095,163.39306157,0.4274507824,45.950959106,34.409787982,36.279885155,46.324978541,2.6715673899,0,0,0.3205880868,2.2441166075,0,0,0.0801470217,0.0267156739,7.6941140829,0,20.891656989,12.876954819,10.980141972,0.2938724129,1.9502441946,0.3473037607,5.7171542144,2.6715673899,71.143839593,1.0953426299,31.524495201,3.8203413675,34.703660395,0.2404410651,81.40265837,3.6333316502,60.350707338,17.231609665,0.1870097173,0,6.331614714,377.62605056
NOV03,0.1068626956,0.4541664563,0.3473037607,0,0,0.1068626956,0,46.992870388,2.0838225641,21.71984288,4.0874981065,19.101706838,14.105875819,2.6181360421,11.487739777,4.5149488889,2.2174009336,2.2975479553,11.995337581,0.8281858909,0,0.1870097173,1.6830874556,9.2970545168,0,0,78.170061828,131.68155665,75.418347417,73.842122656,1.57622476,15.41494384,40.848265391,3.2860278896,95.241377449,30.536015266,238.81140898,17.391903708,38.390423393,70.449232071,112.57984981,47.607330888,0.6678918475,4.8622526496,7.7208297568,0,34.356356634,15.7622476,2.9654398028,4.0340667587,8.3085745825,0.4541664563,562.92596472,89.150203801,0.2137253912,40.180373544,4.5149488889,4.0607824326,40.180373544,1.5495090861,0,0,0.0801470217,1.2556366732,0.0801470217,0,0.1068626956,0.0267156739,9.3772015385,0.0267156739,20.250480815,6.5186244313,11.380877081,0.4541664563,2.1372539119,0.4541664563,5.289703432,3.0455868245,77.528885655,1.3892150427,31.818367614,2.7784300855,41.542872913,0.6678918475,88.081576845,3.6066159763,65.052665944,19.235285207,0.1870097173,0,2.8318614333,307.36382821
DEC03,0.0534313478,0.6144604997,0.3205880868,0,0,0.2938724129,0,44.481597042,1.7899501512,20.49092188,3.7669100197,18.43381499,10.285534451,2.6181360421,7.667398409,4.5950959106,2.1906852597,2.4044106509,13.304405602,0.6411761736,0,0.2938724129,1.6830874556,10.68626956,0,0,73.334524852,135.87591745,77.956336437,76.620552742,1.3357836949,16.189698383,41.72988263,3.3394592374,102.37446238,33.020572939,237.98322309,17.605629099,32.7534162,71.491143353,116.13303444,44.775469455,4.0340667587,6.4651930835,10.525975516,0,23.750234096,15.628669231,2.5914203682,3.2593122157,9.6977896253,0.0801470217,572.99777378,90.86000693,0.5075978041,40.073510848,4.6485272584,5.7973012361,39.833069783,1.4159307166,0,0.0267156739,0,1.3357836949,0.0534313478,0,0,0,10.018377712,0.0267156739,23.857096792,6.9727908876,11.16715169,0.3740194346,2.5647046943,0.5075978041,4.8355369757,2.8852927811,77.902905089,1.2022053254,33.341161026,3.9004883892,39.459050349,0.3740194346,89.604370257,3.3928905852,67.724233334,18.353667969,0.1335783695,0,3.2593122157,315.4586774
JAN04,0.1566591905,0.2088789207,0.1566591905,0,0.0522197302,0,0,41.305806573,2.0887892072,18.564114079,3.3942824617,17.258620825,14.282096204,3.759820573,10.522275631,4.9347645021,2.2715582629,2.6632062392,12.349966188,0.8094058178,0,0.0783295953,1.3838228498,10.078407925,0,0,73.238171578,144.43977368,85.457588441,84.334864242,1.1227241989,16.266445951,42.715739288,3.8903698985,101.85458372,34.360582459,241.2812633,15.979237435,30.104674449,75.222521325,119.97483009,73.577599825,1.7493609611,6.3446972169,24.830481701,0,40.653059946,15.195941483,2.9243048901,3.4987219221,8.6423653449,0.1305493255,614.60011436,81.018911375,0.1827690556,35.770515174,4.4125672003,2.6370963741,38.015963572,3.4465021919,0.0783295953,0.0261098651,0.2349887858,3.0026344854,0,0,0.1044394604,0,7.4413115507,0,22.558923438,8.1723877733,10.522275631,0.3916479764,2.2193385327,0.4699775716,5.2219730181,2.2193385327,73.995357666,1.2532735243,30.861860537,4.6736658512,37.206557754,0.5221973018,88.17301441,2.9765246203,65.379102186,19.739058008,0.0783295953,0,3.1331838108,298.98406515
FEB04,0.1566591905,0.2349887858,0.2349887858,0,0,0,0,44.021232542,2.1148990723,20.470134231,3.1331838108,18.303015428,13.603239712,2.610986509,10.992253203,4.621446121,2.3759977232,2.2454483978,14.934842832,0.7832959527,0,0.0522197302,1.6188116356,12.480515513,0,0,77.572409183,132.89921331,81.488888947,79.974516772,1.5143721752,14.647634316,36.762690047,3.1070739457,90.235693752,32.585111633,222.87380841,15.457040133,28.120324702,70.992723181,108.30372039,112.58573827,1.8015806912,5.0914236926,20.15681585,0,85.535918036,16.031457165,3.3420627316,3.5248317872,8.9817935911,0.1827690556,610.31809649,84.204314916,0.3916479764,37.363216944,4.6997757163,3.1331838108,38.616490469,2.3498878581,0,0,0.1566591905,2.1148990723,0.0261098651,0,0.0261098651,0.0261098651,7.806849662,0,19.242970572,6.7102353282,10.496165766,0.4699775716,2.3759977232,0.3394282462,4.5431165257,2.7676456996,68.799494513,1.2532735243,29.03416998,4.8825447719,33.629506236,0.5221973018,80.679483129,3.3942824617,61.070974446,16.083676896,0.1305493255,0,2.9504147552,283.7620138
MAR04,0,0.3133183811,0.1827690556,0,0.0261098651,0.1044394604,0,44.93507782,1.5665919054,20.757342747,3.0809640807,19.530179088,15.039282292,3.4987219221,11.54056037,4.7258855813,1.9843497469,2.7415358345,16.449215007,0.7310762225,0,0.1305493255,1.5927017705,13.994887688,0,0,81.462779082,144.51810327,83.264359773,81.749987598,1.5143721752,15.561479594,45.692263908,3.0026344854,93.629976214,35.117768546,250.05417797,16.449215007,33.551176641,79.034561628,121.01922469,109.84420244,1.2793833894,6.1097084311,13.498800252,0,88.956310363,17.571939206,3.5770515174,3.759820573,9.9739684645,0.2610986509,653.73880213,95.770985151,1.0182847385,42.271871581,4.1514685494,4.3081277399,44.021232542,1.6188116356,0,0.0261098651,0.1305493255,1.2793833894,0,0,0.0261098651,0.1566591905,7.806849662,0,20.36569477,7.3368720904,10.626715092,0.4438677065,2.9504147552,0.2610986509,4.8825447719,2.0887892072,68.851714243,1.4099327149,27.754786591,5.195863153,34.491131784,0.1305493255,77.337420398,3.5770515174,55.352913991,18.250795698,0.1566591905,0,3.5770515174,293.42266389
APR04,0.2088789207,0.3916479764,0.2088789207,0.0261098651,0,0.1566591905,0,36.684360452,1.8015806912,16.188116356,3.2115134061,15.483149999,15.117611887,3.9686994937,11.148912394,3.9948093588,1.7493609611,2.2454483978,15.326490808,1.0966143338,0,0.1305493255,1.9582398818,12.141087267,0,0,71.723799403,131.61982992,75.170301595,73.969247801,1.2010537942,14.203766609,42.245761716,2.9765246203,94.361052436,28.538082544,215.45860673,15.822578245,27.963665512,70.705514665,100.9668483,52.950806403,2.5326569138,6.083598566,11.43612091,0,32.898430014,13.368250926,2.4804371836,2.6370963741,8.094058178,0.1566591905,539.27315358,93.551646619,0.2610986509,38.616490469,3.8120403032,9.1906725118,41.671344684,2.7415358345,0,0,0.0783295953,2.5326569138,0.0261098651,0,0.0261098651,0.0783295953,6.7624550584,0.0261098651,17.571939206,6.083598566,8.4857061544,0.3655381113,1.9843497469,0.287208516,4.2036882795,1.6449215007,66.345167195,1.2010537942,27.154259694,5.5091815341,32.480672172,0.6005268971,85.797016687,3.0809640807,62.611456487,20.052376389,0.0522197302,0,2.7676456996,290.73334778
MAY04,0.1566591905,0.4699775716,0.3133183811,0.0522197302,0.0261098651,0.0783295953,0,37.310997214,1.8799102865,16.031457165,3.185403541,16.214226221,12.219416862,2.2454483978,9.9739684645,4.3864573352,1.7493609611,2.6370963741,14.282096204,0.8094058178,0,0.3133183811,2.036569477,11.122802528,0,0,68.825604378,132.42923574,76.867442826,75.640279167,1.2010537942,14.804293506,40.757499406,3.2115134061,95.170458254,28.799181195,221.986073,14.647634316,31.932365005,72.924853197,102.48122048,51.253665172,0.8877354131,6.1097084311,9.8434191391,0,34.412802189,14.595414585,2.7154259694,4.0992488192,7.5718608762,0.2088789207,547.44554135,89.374068204,0.2088789207,42.532970232,3.5509416523,2.5848766439,40.496400755,2.3498878581,0.0783295953,0,0.0783295953,2.036569477,0.0783295953,0,0.0261098651,0.0522197302,6.0052689708,0,19.895717199,7.3107622253,8.5640357496,0.1566591905,1.5665919054,0.2088789207,4.6475559861,1.9843497469,68.460066267,1.3838228498,28.459752948,4.6997757163,33.916714752,0.5483071669,79.034561628,3.6292712476,56.632297381,18.694663405,0.0783295953,0,3.5509416523,285.09361692
JUN04,0.0522197302,0.4177578414,0.287208516,0.0261098651,0,0.1044394604,0,34.099483808,1.7493609611,15.326490808,2.6632062392,14.3604258,9.5562106231,2.3498878581,7.2063227649,3.185403541,1.3838228498,1.8015806912,14.882623101,0.8094058178,0,0.0783295953,1.9321300167,12.062757672,0,0,62.193698645,115.01395572,63.211983384,61.880380264,1.3316031196,13.107152275,38.694820064,3.0809640807,84.047655726,27.154259694,211.30713818,14.020997554,30.078564584,67.180682877,100.02689316,60.052689708,0.7571860876,3.8642600334,24.62160278,0,30.809640807,13.263811466,2.2193385327,3.5509416523,7.2585424951,0.2349887858,513.92047457,97.363686922,0.3394282462,44.621759439,3.3681725967,3.3942824617,45.640044178,1.4882623101,0.0522197302,0,0.2088789207,1.148834064,0.0261098651,0,0,0.0522197302,6.6319057329,0.1044394604,16.449215007,5.0653138275,8.4595962893,0.4960874367,2.0887892072,0.287208516,3.9948093588,1.5927017705,59.34772335,0.6527466273,26.553732797,3.7859304381,28.355313488,0.7571860876,78.799572843,2.7937555647,57.076165087,18.72077327,0.2088789207,0,2.5587667789,277.02566861
JUL04,0.0783295953,0.3394282462,0.1305493255,0,0.0783295953,0.1305493255,0,37.65042546,1.723251096,16.501434737,3.759820573,15.665919054,10.809484147,2.323777993,8.4857061544,4.5692263908,2.2454483978,2.323777993,12.637174704,1.0182847385,0,0.0783295953,1.8015806912,9.7389796787,0,0,66.084068544,115.71892208,65.509651512,64.282487852,1.2271636592,15.039282292,35.169988277,4.6475559861,92.820570396,28.668631869,221.07222772,14.229876474,31.671266355,73.290391309,101.88069358,52.01085126,1.5404820403,4.2036882795,9.7911994089,0,36.475481531,12.741614164,2.036569477,3.0287443505,7.4413115507,0.2349887858,527.68037348,102.55955007,0.1827690556,46.841097972,3.7337107079,2.610986509,49.19098583,0.7832959527,0,0,0.0261098651,0.7049663574,0.0522197302,0,0,0,7.2585424951,0.0783295953,17.754708261,5.4569618039,9.817309274,0.2610986509,1.9060201516,0.2349887858,5.3264124784,2.0887892072,67.546220989,1.148834064,28.198654298,4.7258855813,33.472847046,0.3916479764,86.162554798,3.2376232712,62.037039455,20.652903286,0.2349887858,0,3.3159528665,301.12507409
AUG04,0.1827690556,0.2088789207,0.1305493255,0,0.0261098651,0.0522197302,0,41.149147382,1.9060201516,17.963587182,3.8642600334,17.415280015,12.062757672,2.7937555647,9.2690021071,3.185403541,1.4882623101,1.6971412309,11.462230775,0.7571860876,0,0.1044394604,2.1148990723,8.4857061544,0,0,68.251187346,110.94081677,59.974360112,59.19106416,0.7832959527,14.177656744,36.788799912,3.5509416523,93.708305809,28.120324702,219.71451474,13.185481871,28.87751079,72.950963062,104.70055901,63.864730011,1.4882623101,4.0209192239,9.7389796787,0,48.616568798,13.263811466,1.7493609611,3.6031613825,7.6763003366,0.2349887858,533.16344514,102.87286846,0.4960874367,44.543429844,3.8642600334,8.8773541307,45.091737011,1.9843497469,0.0261098651,0,0.0783295953,1.6710313658,0.0783295953,0,0,0.1305493255,7.4674214158,0.0261098651,19.242970572,5.0392039624,8.094058178,0.2088789207,1.6449215007,0.2088789207,4.3081277399,1.723251096,69.269472085,0.861625548,27.859226051,4.2297981446,36.318822341,0.574417032,86.084225203,3.2115134061,60.444337684,22.245605057,0.1827690556,0,2.9243048901,303.57940141
SEP04,0.0522197302,0.287208516,0.1044394604,0,0.0261098651,0.1566591905,0,35.953284229,1.3054932545,16.919192579,2.7676456996,14.960952697,11.54056037,3.3420627316,8.1984976384,3.6031613825,1.8015806912,1.8015806912,11.906098481,0.5483071669,0,0.0783295953,1.9582398818,9.3212218372,0,0,63.342532709,108.77369797,59.530492406,58.538317533,0.9921748734,12.402185918,36.841019642,3.0026344854,92.141713904,28.694741734,202.56033337,13.420470656,27.206479424,67.259012473,94.674370818,80.914471915,3.6553811126,3.2637331363,17.493609611,0,56.501748055,12.245526727,2.6370963741,1.9843497469,7.3890918206,0.2349887858,528.3331201,98.434191391,0.2349887858,45.561714583,3.8642600334,4.908654637,43.864573352,1.9060201516,0,0.0261098651,0.1305493255,1.5927017705,0,0,0.1566591905,0,7.9112891224,0,21.227320318,5.9008295104,9.1645626467,0.4699775716,1.8538004214,0.287208516,4.4125672003,2.1410089374,67.076243417,1.1749439291,27.989775377,5.4308519388,32.480672172,0.3916479764,79.478429335,3.6553811126,54.83071669,20.914001937,0.0783295953,0,6.6319057329,298.1224396
OCT04,0.2088789207,0.3916479764,0.2349887858,0,0.0783295953,0.0783295953,0,44.93507782,1.9060201516,20.574573691,3.9948093588,18.459674619,13.107152275,3.0287443505,10.078407925,3.6814909777,1.3316031196,2.3498878581,12.950493085,0.861625548,0,0.1305493255,1.8799102865,10.078407925,0,0,75.274741055,112.95127638,63.995279336,62.663676217,1.3316031196,12.506625378,36.449371666,2.5587667789,90.679561459,30.026344854,206.502923,14.960952697,28.82529106,64.883014749,97.833664493,41.175257247,1.0705044687,2.898195025,9.3734415674,0,27.833116186,11.958318211,2.1932286676,2.8459752948,6.7885649235,0.1305493255,495.85244793,95.588216096,0.3916479764,43.838463487,3.8642600334,3.9425896286,43.551254971,1.7754708261,0,0.0261098651,0.287208516,1.2793833894,0.0783295953,0,0,0.1044394604,8.0157285827,0,22.846131954,6.4230268122,9.1123429165,0.2349887858,1.7493609611,0.3655381113,4.6475559861,2.1148990723,79.191220819,1.6188116356,33.107308935,4.8042151766,39.660885072,0.8094058178,93.629976214,3.9948093588,65.796860028,23.733867367,0.1044394604,0,3.2115134061,320.60303344
NOV04,0.1566591905,0.3655381113,0.1827690556,0,0.0522197302,0.1305493255,0,45.274506067,2.0887892072,21.070661128,4.2036882795,17.911367452,10.574495362,2.6632062392,7.9112891224,3.6292712476,1.8015806912,1.8276905563,12.793833894,0.9138452782,0,0.1044394604,1.9060201516,9.8695290041,0,0,72.794303872,112.42907908,64.569696368,63.420862304,1.148834064,10.809484147,37.049898563,2.8720851599,98.904168962,31.201288783,220.55003042,16.083676896,37.415436674,66.893474361,100.15744249,50.418149489,1.9060201516,5.7180604548,7.4152016857,0,35.378867197,13.13326214,2.6370963741,2.8720851599,7.5457510111,0.0783295953,529.50806403,111.75022259,0.4438677065,48.616568798,4.5692263908,10.470055901,47.65050379,0.7571860876,0,0,0.2088789207,0.5221973018,0,0,0,0.0261098651,8.3551568289,0.0261098651,21.044551263,6.083598566,8.381266694,0.1827690556,1.8276905563,0.2349887858,4.5692263908,1.5665919054,77.128541477,1.9843497469,30.679091481,4.0209192239,40.444181025,1.0182847385,87.833586164,3.7859304381,60.366008089,23.498878581,0.1827690556,0,2.6370963741,325.01560064
DEC04,0.0522197302,0.4438677065,0.3133183811,0,0,0.1305493255,0,45.744483638,2.1410089374,20.182925715,4.4125672003,19.007981786,11.618889965,2.9243048901,8.6945850751,4.6736658512,2.1671188025,2.5065470487,11.096692663,0.7832959527,0,0.2349887858,1.3838228498,8.6945850751,0,0,73.629819555,115.14450505,63.107543923,61.201523772,1.9060201516,13.577129847,38.459831278,3.0548542156,93.003339452,31.305728243,200.68042308,14.386535665,30.679091481,66.005738948,89.60905699,36.397151936,0.8094058178,6.5274662726,7.0496635744,0,22.010616271,15.404820403,2.2454483978,3.0287443505,9.9739684645,0.1566591905,494.99082238,93.133888777,0.4177578414,41.410246033,3.9686994937,4.5953362559,42.741849153,0.1566591905,0,0,0.0261098651,0.0261098651,0.0261098651,0,0.0522197302,0.0261098651,10.15673752,0.0261098651,22.088945866,5.5614012642,8.6162554798,0.4960874367,1.7754708261,0.4699775716,4.2297981446,1.6449215007,79.086781359,1.6971412309,32.297903117,3.8903698985,41.201367113,0.4960874367,100.94073844,4.0992488192,70.94050345,25.822656574,0.0783295953,0,3.1070739457,323.37067914
JAN05,0.1020800338,0.3828001268,0.2552000845,0,0,0.1276000423,0,43.435054386,1.7098405663,19.931126601,4.1597613777,17.63432584,10.05488333,2.8327209382,7.222162392,4.517041496,1.9905606593,2.5264808368,10.590803508,0.6380002113,0,0.1786400592,1.3780804564,8.3960827808,0,0,69.08266288,128.41668253,66.811382128,65.407781663,1.4036004649,16.434885443,45.17041496,2.424400803,101.92691376,28.301689374,205.41054803,15.541685147,26.744968858,65.280181621,97.843712406,57.70073911,5.1040016904,3.9045612932,7.8601626033,0,40.832013524,14.061524657,2.8072009297,3.3431211072,7.7070425526,0.2041600676,538.24249827,89.294509574,0.4083201352,39.913293219,3.9556013101,4.8232815975,40.194013312,0.4338401437,0,0,0.1531200507,0.1531200507,0.0255200085,0,0.0765600254,0.0255200085,6.6096821891,0.0255200085,20.951926939,6.5076021553,9.0596030005,0.2296800761,1.9650406508,0.1786400592,4.9764016482,1.7098405663,78.703706067,1.1228803719,32.359370717,3.7769612509,41.444493726,0.7656002536,106.44395525,3.3686411157,75.870985128,27.051208959,0.1531200507,0,3.8790412847,322.67498687
FEB05,0.1276000423,0.1786400592,0.1531200507,0,0,0.0255200085,0,42.337694022,1.8884806255,20.44152677,3.5728011833,16.434885443,11.739203888,2.9858409889,8.7533628991,3.725921234,1.7353605748,1.9905606593,11.637123854,0.6635202198,0,0,1.9650406508,9.0085629836,0,0,69.7461831,111.52243694,57.062738899,55.914338519,1.1484003804,13.449044454,41.010653583,2.2968007607,82.097867191,26.898088909,192.88022388,14.954724953,27.485049103,57.981459203,92.458990622,60.456900023,0.8676802874,5.3847217834,10.310083415,0,43.894414538,13.831844581,2.4499208114,3.3941611241,7.7580825695,0.2296800761,489.98416228,94.041231146,0.4338401437,41.087213608,4.6191215299,3.7769612509,44.124094614,0.4848801606,0,0,0.0510400169,0.3062401014,0.0255200085,0,0.0255200085,0.0765600254,7.2987224173,0.1276000423,21.054006973,6.660722206,8.3705627723,0.5359201775,1.5567205156,0.280720093,4.1597613777,1.8374406086,65.637461739,1.2504804142,27.995449272,3.7769612509,32.614570802,0.5869601944,89.166909532,3.5217611664,61.937060514,23.478407776,0.2296800761,0,11.688163871,305.11722105
MAR05,0.0765600254,0.2552000845,0.2296800761,0,0,0.0255200085,0,42.082493938,2.0160806677,19.191046356,3.8024812594,17.072885655,12.760004226,2.7816809213,9.9783233048,3.7769612509,1.5312005071,2.2457607438,11.484003804,0.7400802451,0,0.1020800338,1.4036004649,9.2382430597,0,0,70.435223328,117.749319,62.396420666,61.477700361,0.9187203043,13.091764336,42.261133997,3.3431211072,94.347471248,27.969929264,200.4851864,14.495364801,27.816809213,59.180899601,98.992112786,65.331221638,1.1994403973,5.2316017327,7.3497624342,0,51.550417073,13.474564463,2.4754408199,3.1134410312,7.6049625188,0.280720093,522.70081312,90.085629836,0.4848801606,38.994572915,4.4149614622,5.3336817665,40.857533532,0.1786400592,0,0,0.0765600254,0.0510400169,0,0,0.0510400169,0,9.6465631949,0.0765600254,20.467046779,6.6096821891,9.4424031273,0.3572801183,2.2202407353,0.280720093,4.3639214453,2.2202407353,73.70178441,1.5567205156,30.751610185,3.9300813016,37.463372408,0.9187203043,91.208510208,3.496241158,60.788660133,26.898088909,0.0255200085,0,3.8790412847,306.21458142
APR05,0.1531200507,0.510400169,0.4083201352,0,0.0255200085,0.0765600254,0,37.744092501,1.582240524,15.745845215,3.4707211495,16.945285612,12.811044243,2.9858409889,9.8252032541,4.4149614622,1.9395206424,2.4754408199,9.9017632795,0.5359201775,0,0.1276000423,1.8374406086,7.4008024511,0,0,65.535381705,113.13019747,64.055221215,63.034420877,0.9952803296,11.917843947,37.157132306,3.3686411157,86.946668797,28.454809424,199.41334605,14.189124699,31.517210439,61.732900446,91.974110462,49.406736364,5.869601944,3.9556013101,9.2637630682,0.0255200085,30.292250033,12.326164082,2.2712807522,2.3478407776,7.5794425103,0.1276000423,493.0465633,92.178270529,0.1531200507,43.256414327,2.9603209805,4.006641327,41.801773845,1.6588005494,0,0,0.1786400592,1.3780804564,0.0255200085,0,0.0765600254,0,9.5189631527,0,18.399926094,6.5841621807,7.9877626455,0.1531200507,1.6588005494,0.3828001268,4.2108013946,1.582240524,67.628022398,1.2249604057,29.322489712,3.3686411157,33.711931165,0.8932002958,98.992112786,3.0624010143,70.537303362,25.239288359,0.1531200507,0,3.215521065,307.0567417
MAY05,0.1531200507,0.1786400592,0.1276000423,0,0,0.0510400169,0,37.055052273,1.582240524,16.48592546,3.3686411157,15.618245173,12.53032415,3.496241158,9.0340829921,3.9045612932,1.6077605325,2.2968007607,11.71368388,0.7145602367,0,0.1276000423,1.582240524,9.2892830766,0,0,65.535381705,109.48083626,59.512659711,58.36425933,1.1484003804,11.203283711,38.764892839,3.5983211918,106.06115513,29.092809636,196.5551051,12.173044032,27.306409044,64.79530146,92.280350563,79.673466388,2.0671206846,4.0832013524,10.335603423,0,63.187540928,13.19384437,2.7816809213,3.3176010988,6.8138422567,0.280720093,537.65553807,100.80403339,0.4083201352,46.650575451,3.7004012256,4.5936015214,45.451135053,0.2041600676,0,0,0.0765600254,0.0765600254,0,0,0.0510400169,0,7.0435223328,0.1020800338,18.476486119,8.1408826963,8.3705627723,0.4338401437,1.7864005917,0.3828001268,4.4404814707,1.3270404395,60.099619905,1.6077605325,24.422648089,3.6493612087,30.419850075,0.5614401859,80.821866768,2.6285608706,54.40865802,23.657047835,0.1276000423,0,3.6748812171,288.29953548
JUN05,0.0255200085,0.2041600676,0.1786400592,0,0,0.0255200085,0,37.718572492,1.9650406508,15.950005283,3.215521065,16.588005494,10.437683457,2.6796008875,7.7580825695,3.2665610819,1.582240524,1.6843205578,9.2892830766,0.7145602367,0,0.0255200085,0.8421602789,7.7070425526,0,0,60.941780184,107.69443567,58.160099263,57.062738899,1.0973603634,12.479284133,37.055052273,3.4196811326,90.825710081,26.719448849,194.20726432,13.066244328,27.944409255,66.479622018,86.716988721,33.278091022,1.4546404818,3.0368810058,4.517041496,0,24.269528038,11.38192377,2.3223207692,3.496241158,5.3081617581,0.2552000845,467.52655484,90.621550014,0.280720093,41.470013735,2.4754408199,3.5983211918,42.797054174,2.0926406931,0,0.0255200085,0.5359201775,1.4546404818,0.0765600254,0,0,0,7.3497624342,0.0255200085,15.950005283,6.2268820623,7.5794425103,0.280720093,1.7864005917,0.2552000845,3.9045612932,1.352560448,59.078819567,1.2760004226,27.127768985,3.3176010988,27.357449061,0.7145602367,98.76243271,3.0879210227,67.168662246,28.35272939,0.1531200507,0,3.215521065,291.61713658
JUL05,0.0765600254,0.2296800761,0.0765600254,0,0.0765600254,0.0765600254,0,39.785693177,1.7864005917,18.068165984,3.215521065,16.715605536,14.367764759,2.8837609551,11.484003804,3.6748812171,1.862960617,1.8119206001,11.177763702,0.6890402282,0,0.3828001268,1.1484003804,8.9575229667,0,0,69.312342956,100.31915323,55.531538392,53.974817876,1.5567205156,11.458483795,33.329131039,3.0113609974,95.572431654,29.832889881,220.21215293,12.989684302,28.556889458,91.974110462,86.691468712,48.717696135,2.0416006762,3.4452011411,6.0482420032,0,37.182652315,11.892323939,2.2968007607,2.424400803,6.8648822736,0.3062401014,509.55800877,97.307792228,0.7400802451,44.532414749,2.7051208959,4.0576813439,45.272494994,0.3572801183,0.0255200085,0.0510400169,0.1531200507,0.0255200085,0,0,0.0510400169,0.0510400169,8.804402916,0.0255200085,19.471766449,6.3800021131,8.8554429329,0.3062401014,1.4801604902,0.1276000423,5.359201775,1.582240524,64.591141393,1.2760004226,27.765769196,2.5775208537,32.97185092,1.4036004649,83.705627723,3.3686411157,56.041938561,24.141927996,0.1531200507,0,4.517041496,295.41961784
AUG05,0.0765600254,0.3317601099,0.1276000423,0,0,0.2041600676,0,37.514412425,1.5567205156,17.226005705,2.2712807522,16.460405452,12.377204099,2.8837609551,9.4934431442,3.6748812171,1.6077605325,2.0671206846,9.6976032118,0.5614401859,0,0.0765600254,1.7098405663,7.3497624342,0,0,63.672421088,94.653711349,51.524897065,50.325456668,1.1994403973,12.428244116,30.700570168,2.8327209382,93.173550859,24.550248131,206.25270831,14.036004649,30.419850075,71.966423835,89.830429752,60.763140125,12.122004015,3.0879210227,4.797761589,0,40.755453498,12.402724108,1.9395206424,2.5264808368,7.6304825272,0.3062401014,494.62880382,121.19452014,0.9952803296,50.478576719,5.2571217412,6.5331221638,57.930419187,2.3478407776,0.0255200085,0,0.1276000423,2.0671206846,0.0765600254,0,0.0255200085,0.0255200085,8.4981628146,0.0765600254,18.221286035,7.0180023244,8.3195227554,0.3317601099,1.1484003804,0.3828001268,4.5936015214,1.862960617,62.472980691,1.4036004649,27.561609128,3.2665610819,30.241210016,1.4291204733,91.51475031,3.1134410312,59.716819778,28.53136945,0.1531200507,0,6.150322037,327.24306838
SEP05,0.1020800338,0.1786400592,0.0510400169,0,0.0255200085,0.1020800338,0,38.611772788,1.8374406086,17.430165773,2.9858409889,16.358325418,10.463203465,2.0926406931,8.3705627723,3.8535212763,2.1947207269,1.6588005494,8.6002428484,0.5869601944,0,0.0765600254,1.2504804142,6.6862422145,0,0,61.809460471,96.491151958,53.643057767,52.571217412,1.071840355,11.484003804,31.364090388,3.8024812594,95.189631527,25.673128503,196.68270514,14.240164716,26.438728757,66.785862119,89.217949549,65.765061781,8.0388026625,2.5264808368,7.4518424681,0,47.747935814,10.846003592,1.7864005917,1.8374406086,6.9159222906,0.3062401014,494.45016376,108.66419599,0.3317601099,44.328254682,3.8535212763,14.954724953,45.195934969,1.0208003381,0,0,0.791120262,0,0.1276000423,0,0.1020800338,0,8.3705627723,0,17.8129659,7.222162392,8.7788829076,0.4083201352,1.3780804564,0.3062401014,4.6446415383,2.0416006762,70.001383184,1.582240524,31.032330278,3.3176010988,34.069211284,2.6030408621,92.407950606,3.6493612087,60.83970015,27.791289204,0.1276000423,0,3.0368810058,319.91882596
OCT05,0.0255200085,0.2296800761,0.1276000423,0,0,0.1020800338,0,42.848094191,2.2712807522,19.369686415,3.5728011833,17.63432584,21.538887134,3.3176010988,18.221286035,4.6701615468,2.0160806677,2.654080879,9.8507232626,0.5869601944,0,0.1531200507,1.8119206001,7.2987224173,0,0,79.163066219,101.67171367,56.960658865,55.633618426,1.3270404395,12.760004226,31.951050582,3.2410410734,103.22843419,25.877288571,197.60142545,14.444324784,30.572970126,58.262179296,94.321951239,58.389779339,3.0113609974,3.5217611664,8.8809629414,0,42.975694234,13.474564463,2.1947207269,2.5009608283,8.5492028315,0.2296800761,503.48424675,98.992112786,0.3317601099,46.956815552,3.215521065,3.9556013101,44.532414749,0.3828001268,0.0255200085,0,0.2296800761,0.0765600254,0,0,0,0.0510400169,10.361123432,0,25.928328587,9.3148030851,8.804402916,0.3572801183,1.7098405663,0.4338401437,4.7467215721,1.5567205156,76.406905306,2.0926406931,33.278091022,2.9858409889,38.050332602,2.934800972,97.716112364,3.8280012678,65.152581579,28.582409466,0.1531200507,0,4.8232815975,335.66467117
NOV05,0.1276000423,0.4083201352,0.2296800761,0,0,0.1786400592,0,45.144894952,1.8119206001,20.033206635,3.9811213185,19.318646398,15.031284978,3.3431211072,11.688163871,4.6701615468,1.7864005917,2.8837609551,10.437683457,0.8676802874,0,0.1531200507,1.7864005917,7.6304825272,0,0,75.819945112,104.30027454,57.751779127,56.501298713,1.2249604057,12.811044243,33.737451174,3.0624010143,108.33243588,25.928328587,195.73846483,15.209925038,27.918889247,58.03249922,94.577151324,41.240333659,4.0576813439,2.5775208537,9.9272832879,0,24.677848173,11.739203888,2.3223207692,2.2712807522,6.8393622652,0.3062401014,490.3414424,104.32579455,0.2552000845,50.759296811,3.3176010988,4.4149614622,45.578735096,1.8119206001,0,0.1020800338,0.7400802451,0.8421602789,0.1020800338,0,0.0255200085,0,10.335603423,0.3828001268,19.267606381,8.6002428484,10.463203465,0.6890402282,2.2968007607,0.2296800761,5.1550417073,2.0926406931,84.190507884,1.6843205578,32.665610819,2.9603209805,46.880255527,1.2249604057,92.943870783,4.1087213608,59.920979846,28.812089543,0.1020800338,0,4.4660014791,338.01251195
DEC05,0.1531200507,0.2041600676,0.1276000423,0,0,0.0765600254,0,45.451135053,2.3478407776,19.752486542,3.6238412002,19.726966534,12.913124277,4.6956815552,8.2174427216,4.4149614622,1.6843205578,2.7306409044,11.126723685,0.5614401859,0,0.1020800338,1.5567205156,8.9064829498,0,0,74.263224596,108.74075601,64.3104213,63.008900869,1.3015204311,12.964164294,31.466170422,3.0879210227,101.18683351,24.550248131,191.7318235,15.439605114,32.48697076,55.327378324,88.477869304,43.741294487,6.2779220792,2.1692007184,5.5378418341,0,29.756329855,12.632404184,2.3988807945,3.2665610819,6.7628022398,0.2041600676,485.67128085,116.62643863,0.6890402282,43.332974352,3.0624010143,26.004888613,43.537134419,2.424400803,0,0.0255200085,0.1020800338,2.2968007607,0,0,0,0,12.760004226,0.2552000845,22.661767506,7.9622426371,7.8091225864,0.1786400592,1.352560448,0.280720093,4.2618414115,1.7353605748,92.688670698,2.934800972,37.055052273,3.3686411157,49.330176338,1.2249604057,107.23507552,4.3894414538,73.421064317,29.245929686,0.1786400592,0,6.3034420877,377.95132518
JAN06,0.1497008976,0.2994017952,0.1746510472,0,0.0249501496,0.0998005984,0,42.989107763,1.9960119681,18.363310106,5.1646809674,17.465104721,12.774476596,2.6696660073,10.104810588,3.7924227394,2.0459122673,1.7465104721,9.7305583444,0.5239531416,0,0.1497008976,1.0728564328,7.9840478724,0,0,69.735668135,115.76869415,64.546037018,62.949227444,1.5968095745,15.394242304,35.828414827,2.7944167553,97.829536586,25.074900349,198.92754277,15.818394847,27.569915309,62.500124751,93.039107862,42.016051928,2.0459122673,10.354312084,7.5349451795,0,22.080882397,13.298429737,3.6676719914,2.6447158577,6.9111914395,0.0748504488,495.70957227,100.77365424,0.62375374,42.889307164,3.443120645,6.5868394947,47.230633195,1.7714606217,0.0249501496,0,1.2225573305,0.2994017952,0,0,0.1996011968,0.0249501496,10.479062832,0,22.380284192,9.0818544548,9.2066052028,0.2994017952,1.4471086769,0.3243519448,4.9650797706,2.1706630153,85.279611337,2.3453140625,36.352367969,3.567871393,43.014057912,1.3722582281,93.064058012,3.2185692985,64.546037018,25.174700948,0.124750748,0,3.8423230386,337.25117216
FEB06,0.124750748,0.249501496,0.124750748,0.0499002992,0.0499002992,0.0249501496,0,42.041002078,1.7215603225,20.234571326,4.4910269282,15.593843501,12.699626147,2.8942173537,9.8054087932,3.3932203457,1.4720588265,1.9211615193,10.504012982,0.499002992,0,0.2245513464,1.3473080785,8.4331505652,0,0,69.012113797,104.01717369,62.599925349,61.252617271,1.3473080785,11.25251747,30.164730868,2.7195663065,90.269641257,23.852343019,190.24489071,12.475074801,29.565927277,58.034047972,90.169840658,62.200722956,0.7235543384,3.2934197473,8.2085992188,0,49.975149651,10.878265226,1.8463110705,2.2704636137,6.6367397939,0.124750748,484.18260316,108.40840002,0.5988035904,44.985119731,3.7924227394,7.7594965259,51.27255743,1.4720588265,0,0,1.1976071809,0.1996011968,0.0499002992,0,0.0249501496,0,9.4561066988,0.0249501496,20.65872387,6.4620887467,10.379262234,0.3243519448,1.9461116689,0.2245513464,4.815378873,3.0688684009,72.704735938,1.7714606217,30.738584309,3.3433200465,36.851370961,3.5429212434,85.030109841,3.1936191489,59.057004106,22.704636137,0.0748504488,0,6.7365403923,324.87589796
MAR06,0.124750748,0.249501496,0.1996011968,0.0499002992,0,0,0,44.585917337,2.0958125665,19.685668035,4.690628125,18.11380861,15.469092753,3.0189681017,12.450124651,5.1147806682,2.4451146609,2.6696660073,12.150722856,0.4241525432,0,0.1497008976,1.8962113697,9.6806580452,0,0,77.694765858,118.16390851,68.962213497,67.265603325,1.6966101729,12.475074801,36.726620213,3.4181704954,93.637911453,23.527991074,201.92156072,14.121784674,30.938185505,61.077966223,95.783624319,81.2875874,1.4471086769,5.6137836602,7.3852442819,0,66.841450781,12.699626147,2.1706630153,3.6177716922,6.6866400931,0.2245513464,534.6567558,92.390403973,0.5988035904,40.069940259,2.8193669049,5.9630857547,42.939207463,1.6467098737,0.2245513464,0.1996011968,0.2994017952,0.6986041888,0.0748504488,0,0.124750748,0.0249501496,11.003015974,0.0249501496,19.38626624,9.2315553524,8.9072034076,0.5239531416,1.3473080785,0.1996011968,4.8403290226,1.9960119681,80.988185605,2.0708624169,34.655757796,2.5948155585,41.666749834,2.1457128657,88.223728989,4.066874385,61.127866523,22.929187483,0.0998005984,0,4.3662761802,318.31400861
APR06,0.0499002992,0.2245513464,0.124750748,0,0,0.0998005984,0,41.741600283,2.3702642121,18.388260256,3.9920239362,16.991051878,14.196635123,3.3183698969,10.878265226,4.191625133,2.2455134641,1.9461116689,8.8074028092,0.7235543384,0,0.1497008976,0.9481056848,6.9860418883,0,0,69.211714993,110.30461139,62.999127743,61.477168617,1.5219591257,12.225573305,35.079910339,3.8423230386,90.743694099,21.531979106,168.51331041,12.749526446,22.52998509,53.293519548,79.940279322,51.347407879,3.7175722906,2.1956131649,8.1087986204,0,37.325423803,10.553913281,2.1207627161,2.5698654089,5.4890329122,0.374252244,456.8372392,84.880408943,0.6736540392,38.048978142,2.2455134641,5.9131854555,37.999077842,0.4241525432,0,0,0.1746510472,0.0499002992,0.0748504488,0,0.124750748,0,11.477068817,0.0499002992,17.51500502,6.3622881483,6.9860418883,0.1746510472,1.2225573305,0.1996011968,3.8922233378,1.4970089761,77.944267354,2.2704636137,32.360344033,2.3453140625,40.968145645,1.4471086769,105.58903311,3.3682701961,75.848454787,26.172706932,0.1996011968,0,5.064880369,317.74015517
MAY06,0.124750748,0.3493020944,0.249501496,0,0.0249501496,0.0748504488,0,37.400274252,1.5968095745,17.49005487,2.9441176529,15.369292154,16.367298138,4.9650797706,11.402218368,4.7654785738,2.4451146609,2.3203639129,9.5309571476,0.873255236,0,0.0499002992,1.1726570313,7.4351445811,0,0,68.538060954,106.3874379,57.584945279,56.462188547,1.122756732,12.574875399,36.227617221,2.9940179521,88.922333178,24.451146609,193.83771225,13.947133627,28.567921293,61.427268318,89.895389013,57.959197523,2.2704636137,4.565877377,10.00500999,0,41.117846543,11.926171509,2.1457128657,3.8922233378,5.6636839594,0.2245513464,486.47801692,95.933325216,0.3493020944,41.018045944,3.1437188497,9.0818544548,42.340403873,0.499002992,0,0.0499002992,0.124750748,0.1497008976,0,0,0.1746510472,0,11.327367919,0.0249501496,17.714606217,7.1856430851,8.1087986204,0.1746510472,1.7465104721,0.2245513464,4.2914257314,1.6716600233,73.577991174,2.0459122673,30.089880419,2.7694666057,38.672731882,0.5988035904,84.531106849,3.6177716922,58.857402909,21.956131649,0.0998005984,0,4.2664755818,303.76807139
JUN06,0.1996011968,0.3493020944,0.0998005984,0,0.0499002992,0.1996011968,0,35.578913331,1.4221585273,15.818394847,3.2185692985,15.119790658,16.117796642,3.6676719914,12.450124651,3.443120645,1.8962113697,1.5469092753,10.00500999,0.3243519448,0,0.1996011968,1.4221585273,8.0588983212,0,0,65.6937439,97.679835688,52.220663115,51.197706981,1.0229561336,11.352318068,34.106854505,2.8942173537,91.791600382,24.550947207,181.61213895,13.348330037,27.694666057,59.456206499,81.112936353,45.209671077,1.0728564328,1.7465104721,7.8343469747,0.0249501496,34.531007048,10.978065824,1.8463110705,3.443120645,5.6137836602,0.0748504488,454.71647648,91.442298288,0.9730558344,41.342397889,1.9461116689,5.1646809674,42.016051928,0.9481056848,0,0,0.0249501496,0.7235543384,0.0748504488,0,0.0998005984,0.0249501496,10.928165525,0.0499002992,17.465104721,6.9610917387,8.5329511636,0.2744516456,1.9710618185,0.124750748,3.942123637,2.2205633145,73.77759237,2.2704636137,30.963135655,2.1457128657,38.398280236,0.5489032912,109.05710391,3.3433200465,79.940279322,25.698654089,0.0748504488,0,2.8443170545,322.55553404
JUL06,0.1746510472,0.0998005984,0.0499002992,0,0,0.0499002992,0,36.776520512,1.6217597241,15.918195445,2.6447158577,16.591849485,10.703614179,2.4451146609,8.258499518,4.5159770778,2.0958125665,2.4201645113,9.0569043052,0.5489032912,0,0.0748504488,1.0479062832,7.3852442819,0,0,61.327467719,97.455284342,52.894317154,51.971161619,0.9231555352,10.978065824,33.582901363,2.7694666057,95.334521626,24.650747806,178.5682207,12.799426745,25.948155585,55.63883361,84.181804754,67.215703025,1.8712612201,2.3702642121,10.678664029,0,52.295513564,11.177667021,2.4700648105,2.5698654089,5.8632851563,0.2744516456,477.17161112,96.033125815,0.2994017952,44.111864495,2.8692672041,4.3662761802,44.38631614,2.2455134641,0,0,0.9730558344,1.0479062832,0.0998005984,0,0.0748504488,0.0499002992,13.822382879,0,17.939157563,7.2854436835,8.7076022108,0.1497008976,1.4471086769,0.2994017952,5.1646809674,1.6467098737,81.91134114,2.8443170545,33.258549418,2.5449152593,43.263559408,0.374252244,85.728714029,3.3433200465,58.907303208,23.378290176,0.0998005984,0,4.3912263298,318.43875936
AUG06,0.2245513464,0.2994017952,0.124750748,0,0.0249501496,0.1497008976,0,38.398280236,1.5219591257,17.614805618,3.3932203457,15.868295146,13.872283178,3.3932203457,10.479062832,3.5928215426,1.6966101729,1.8962113697,10.204611187,0.5489032912,0,0.0998005984,1.7215603225,7.8343469747,0,0,66.591949285,95.509172673,54.266575382,53.1687688,1.0978065824,9.7305583444,31.512038946,3.1686689993,92.066052028,23.403240326,187.15107216,13.572881383,26.671709924,54.491126729,92.415354122,57.759596327,9.6058075964,2.7944167553,11.25251747,0,34.106854505,11.027966124,2.2954137633,2.9191675033,5.439132613,0.374252244,470.08576863,107.98424747,0.2994017952,50.074950249,3.3932203457,4.940129621,49.276545462,0.5738534408,0.124750748,0.0249501496,0.3493020944,0.0499002992,0,0,0.0249501496,0,13.298429737,0.0249501496,17.340353973,5.7135842587,9.4810568484,0.3493020944,1.5219591257,0.4241525432,4.4161764794,2.7694666057,82.909347124,2.7694666057,34.605857497,2.7445164561,42.789506566,1.6716600233,85.978215525,3.7175722906,58.857402909,23.303439727,0.0998005984,0,8.2834496676,333.25914822
SEP06,0.0499002992,0.2245513464,0.0748504488,0,0.0499002992,0.0998005984,0,39.271535472,1.7714606217,18.812412799,3.1936191489,15.494042902,14.870289162,2.3203639129,12.549925249,3.3932203457,1.4970089761,1.8962113697,9.4810568484,0.4740528424,0,0.2744516456,1.2724576297,7.4600947307,0,0,67.290553474,102.19581277,56.636839594,55.339431815,1.2974077793,10.62876373,34.930209442,3.2185692985,95.534122823,24.351346011,184.00735331,13.073878391,26.671709924,58.408300216,85.853464777,40.6437937,2.0459122673,3.0688684009,14.221585273,0,21.307427759,10.179661037,1.9211615193,2.3952143617,5.6387338098,0.2245513464,460.13065894,101.47225843,0.4491026928,46.057976164,3.9920239362,4.7405284242,46.232627211,1.6217597241,0,0,0.1746510472,1.3223579289,0.0499002992,0,0.0499002992,0.0249501496,12.125772706,0.0249501496,17.090852477,8.75750251,8.9321535572,0.249501496,1.2225573305,0.1497008976,5.7385344083,1.5718594249,83.857452809,2.8942173537,34.156754804,2.8443170545,43.962163597,1.8463110705,89.895389013,3.692622141,62.375374003,23.727592271,0.0998005984,0,4.4660767786,330.09047922
OCT06,0.0748504488,0.2994017952,0.2245513464,0.0249501496,0,0.0499002992,0,38.523030984,1.7714606217,18.363310106,3.0189681017,15.369292154,12.475074801,3.6676719914,8.8074028092,3.8672731882,1.9461116689,1.9211615193,10.803414777,0.6487038896,0,0.1746510472,1.7465104721,8.2335493684,0,0,66.043045994,103.81757249,56.636839594,55.514082862,1.122756732,10.828364927,36.352367969,2.9441176529,109.5561069,23.602841523,194.48641614,14.770488564,27.245563364,60.154810688,92.315553524,38.17372889,4.8403290226,2.4201645113,8.258499518,0,22.654735838,12.599825549,3.2185692985,2.3952143617,6.7365403923,0.249501496,485.18060914,100.72375394,0.2994017952,43.862362999,2.8443170545,6.1626869515,47.55498514,0.0998005984,0,0.0499002992,0.0249501496,0.0249501496,0,0,0,0,12.5249751,0,16.841350981,8.3583001164,8.008998022,0.2245513464,1.2724576297,0.1746510472,4.7405284242,1.5968095745,84.231705053,2.9690678025,34.805458694,3.1437188497,43.313459708,1.9211615193,88.972233478,3.6676719914,61.751620263,23.453140625,0.0998005984,0,4.2664755818,325.94875439
NOV06,0.0748504488,0.2245513464,0.124750748,0,0.0249501496,0.0748504488,0,46.556979156,1.9211615193,22.305433743,3.9920239362,18.338359957,16.042946194,3.692622141,12.350324053,3.8922233378,1.6467098737,2.2455134641,9.5808574468,0.5489032912,0,0.0998005984,1.4720588265,7.4600947307,0,0,76.372407929,103.09401815,57.385344083,55.838434807,1.5469092753,10.928165525,34.780508544,2.9690678025,98.927343168,21.457128657,188.94748293,13.522981084,29.316425781,56.537038996,89.571037068,41.392298188,2.1207627161,2.0958125665,7.2854436835,0,29.890279222,10.60381358,2.0708624169,3.0189681017,5.314381865,0.1996011968,467.39115248,126.49725848,0.6736540392,47.804486636,3.1686689993,18.837362949,56.013085854,0.3992023936,0,0,0.3243519448,0.0748504488,0,0,0,0,15.294441705,0,20.933175515,8.0838484708,9.4810568484,0.3243519448,1.6966101729,0.4241525432,4.940129621,2.0958125665,97.105982247,4.0169740858,37.400274252,2.3203639129,53.368369997,0.9481056848,86.527118817,3.5429212434,59.980159641,22.904237334,0.0998005984,0,4.4910269282,369.76121709
DEC06,0.0499002992,0.249501496,0.124750748,0.0249501496,0,0.0998005984,0,42.215653125,2.1956131649,20.359322074,3.9920239362,15.668693949,20.284471626,3.1187687001,17.165702926,3.2185692985,1.3223579289,1.8962113697,9.1816550532,0.8483050864,0,0.124750748,1.1477068817,7.0608923371,0,0,75.199750898,108.28364927,61.601919365,59.605907397,1.9960119681,11.676670013,35.00505989,2.5698654089,116.56709894,23.503040924,179.19197444,12.899227344,29.241575332,55.563983162,81.487188597,59.630857547,1.1726570313,1.6467098737,6.4371385971,0,50.374352045,12.674675997,2.7944167553,2.5948155585,7.1357427859,0.1497008976,502.42116252,94.012163697,0.5738534408,41.816450731,2.9690678025,4.5159770778,44.136814644,0.998005984,0,0.0249501496,0.0748504488,0.8483050864,0,0,0,0.0499002992,14.196635123,0.0499002992,20.583873421,9.256505502,8.9072034076,0.2744516456,1.4970089761,0.3992023936,5.0898305186,1.6467098737,104.26667518,3.7175722906,40.419242354,2.7445164561,57.385344083,0.5738534408,113.09902814,3.8672731882,83.059048022,25.998055884,0.1746510472,0,5.0149800698,370.95882427
JAN07,0.1702741267,0.3162233782,0.1702741267,0,0.0243248752,0.1216243762,0,42.033384432,2.3838377745,20.554519586,3.7217059132,15.373321158,11.821889371,3.4541322855,8.367757086,4.6460511727,1.8000407685,2.8460104042,8.6353307137,0.5108223802,0,0.097299501,1.3865178892,6.6406909432,0,0,67.623153195,107.5159486,56.895883209,55.241791692,1.654091517,12.502985878,38.117079517,3.5514317865,122.062224,25.881667266,182.38791462,15.032772904,25.419494636,56.579659831,85.355987252,41.668511303,2.0919392715,2.2622133982,5.4730969312,0.0243248752,31.816936827,12.819209257,2.0919392715,3.600081537,6.908264571,0.2189238772,495.88690684,91.120982686,0.291898503,40.257668539,3.5271069112,4.378477545,42.665831188,0.8027208832,0,0,0.1459492515,0.6567716317,0,0,0,0,11.457016243,0,21.357240469,8.367757086,7.589361078,0.2189238772,1.4108427645,0.1459492515,4.1595536677,1.654091517,90.391236429,3.4784571607,35.295393988,3.0649342815,48.552450999,1.3378681387,86.231682761,3.6244064122,58.793223479,23.741078244,0.0729746257,0,4.7433506737,323.39921645
FEB07,0.1216243762,0.2675736277,0.0729746257,0.0243248752,0,0.1702741267,0,41.279313299,1.751391018,20.068022081,3.6244064122,15.835493788,12.162437625,2.5541119012,9.6083257237,3.9163049152,1.7270661427,2.1892387725,8.2947824602,0.583797006,0,0.0486497505,1.2892183882,6.3731173155,0,0,66.042036303,88.347946908,46.606460979,45.487516717,1.1189442615,10.435371482,31.306114447,2.237888523,82.607276349,20.238296208,168.08488798,12.867859007,26.465464272,50.522765894,78.228798804,47.457831613,1.3865178892,2.0676143962,12.746234631,0,31.257464696,11.67594012,2.043289521,2.5784367765,6.9325894462,0.1216243762,420.6500677,91.729104567,1.0216447605,39.138724277,3.4784571607,4.1109039172,43.979374452,0.4378477545,0.0243248752,0,0.0729746257,0.194599002,0,0,0.1459492515,0,10.678620235,0,18.99772757,8.2218078345,8.0515337077,0.3405482535,1.4351676397,0.2675736277,4.3055029192,1.7027412675,77.547702297,2.9676347805,30.770967191,2.335188024,41.473912301,1.8243656437,77.401753045,3.6244064122,54.07419768,19.605849451,0.097299501,0,3.7217059132,298.61216857
MAR07,0.0729746257,0.2432487525,0.1216243762,0.0243248752,0.0243248752,0.0729746257,0,45.560491343,2.2135636477,22.257260854,3.794680539,17.294986303,16.127392291,2.9433099052,13.184082385,4.0622541667,1.8730153942,2.1892387725,10.824569486,1.167594012,0,0.1702741267,1.5324671407,7.9542342067,0,0,76.890930665,98.807643265,56.579659831,55.314766318,1.2405686377,9.3894018465,32.838581587,2.7487109032,88.785794662,22.062661852,183.16631063,14.181402271,28.046581163,52.566055415,88.372271783,51.276837027,1.9703148952,3.7703556637,8.1974829592,0.0243248752,37.314358633,11.72458987,2.821685529,2.2135636477,6.6406909432,0.0486497505,458.57254821,99.464414897,0.5108223802,41.109039172,3.697381038,5.9109446857,48.236227621,4.0379292915,0.097299501,0,1.459492515,2.3108631487,0.097299501,0,0.0729746257,0,16.832813673,0.0486497505,19.50854995,8.8785794662,8.6110058385,0.2189238772,1.264893513,0.194599002,5.1325486777,1.8000407685,92.629124952,3.600081537,37.217059132,2.8946601547,48.917324128,1.5324671407,87.739825026,3.2838581587,62.223030889,22.159961353,0.0729746257,0,4.4271272955,343.71048728
APR07,0.097299501,0.2432487525,0.2189238772,0,0.0243248752,0,0,38.40897802,1.9216651447,17.197686802,2.7000611527,16.58956492,10.094823229,2.8460104042,7.2488128245,4.4514521707,1.8973402695,2.5541119012,8.1001834582,0.583797006,0,0.1216243762,1.2405686377,6.1541934382,0,0,61.395985131,89.51554092,48.455151498,47.67675549,0.778396008,10.873219237,30.187170185,2.7973606537,85.939784258,22.354560355,165.77402483,13.62193014,24.081626497,49.16057288,78.909895311,33.616977595,5.156873553,2.3838377745,5.8866198105,0,20.189646457,9.9975237277,2.6514114022,2.0189646457,5.0838989272,0.2432487525,409.99577234,85.283012626,0.3648731287,36.681911877,2.4081626497,7.6136859532,38.214379018,0.486497505,0,0,0.097299501,0.291898503,0,0,0.0486497505,0.0486497505,13.646255015,0,16.103067415,6.908264571,7.2731376997,0.4621726297,1.2405686377,0.291898503,3.89198004,1.3865178892,85.039763874,3.9406297905,32.61965771,3.0649342815,45.414542092,1.5081422655,91.826404068,3.4541322855,66.285285056,21.941037475,0.1459492515,0,3.8190054142,311.89355045
MAY07,0.0729746257,0.3162233782,0.2189238772,0.0243248752,0,0.0729746257,0,37.314358633,1.8243656437,17.854458433,2.6757362775,14.959798279,11.262417241,3.5757566617,7.686660579,2.724386028,0.9243452595,1.8000407685,9.8515744762,1.0946193862,0,0.1459492515,1.848690519,6.7623153195,0,0,61.541934382,98.953592517,56.458035455,55.606664821,0.8513706337,8.7812799652,33.714277096,2.6514114022,81.73158084,22.597809107,175.55262468,12.1867625,30.843941817,53.028228045,79.493692317,41.741485929,1.4351676397,2.6027616517,10.800244611,0.097299501,26.806012525,12.040813249,2.9919596557,2.7000611527,6.032569062,0.3162233782,435.26931772,100.70498353,0.5351472555,45.560491343,3.0892591567,5.7163456837,45.803740096,2.3108631487,0,0,0.0729746257,2.140589022,0,0,0.0729746257,0.0243248752,12.965158508,0,16.443615669,7.3217874502,8.6839804642,0.389198004,1.556792016,0.3162233782,4.767675549,1.654091517,83.142423604,3.1379089072,34.930520859,2.8946601547,42.179333683,0.2675736277,79.736941069,3.1379089072,55.947213075,20.578844461,0.0729746257,0,4.9136248005,316.49095188
JUN07,0.0486497505,0.291898503,0.1459492515,0.0243248752,0,0.1216243762,0,33.471028344,1.848690519,15.689544536,2.4568124002,13.475980888,14.935473403,3.5271069112,11.408366492,2.9919596557,0.9973198852,1.9946397705,7.7353103295,0.7540711327,0,0.0729746257,1.4351676397,5.4730969312,0,0,59.474319986,91.218282187,52.322806662,51.471436029,0.8270457585,10.021848603,28.873626922,2.5541119012,80.855885331,21.819413099,161.78474529,11.578640619,27.973606537,49.987618638,72.244879492,45.949689347,3.6487312875,3.7703556637,4.9865994262,0.4135228792,33.13048009,10.19212273,2.724386028,2.529787026,4.6947009232,0.2432487525,414.37424988,84.69921562,0.291898503,41.084714297,2.1162641467,3.4541322855,37.752206388,0.7297462575,0,0,0.389198004,0.2189238772,0,0,0.0486497505,0.0729746257,11.092143114,0,15.05709778,6.5677163175,6.9569143215,0.2189238772,1.4108427645,0.1459492515,4.2325282935,0.9486701347,82.412677347,2.8460104042,33.252104467,2.3595128992,43.955049577,1.9946397705,90.269612052,3.5271069112,66.16366068,20.48154496,0.097299501,0,3.794680539,303.57444312
JUL07,0.2189238772,0.194599002,0.1216243762,0,0,0.0729746257,0,32.61965771,1.8000407685,13.938153518,2.3108631487,14.570600275,10.775919736,2.6514114022,8.1245083335,3.1622337825,1.167594012,1.9946397705,6.2514929392,0.291898503,0,0.0729746257,1.0216447605,4.86497505,0,0,53.222827047,83.069448978,48.309202246,47.822704741,0.486497505,9.438051597,25.322195135,2.8946601547,79.031519687,21.989687226,159.76578064,11.578640619,27.170885654,49.720045011,71.296209357,28.776327421,1.6784163922,2.627086527,4.475777046,0.7540711327,19.240976323,9.8758993515,2.9433099052,2.2622133982,4.6217262975,0.0486497505,385.40332346,98.588719388,0.486497505,43.979374452,2.7973606537,5.83797006,45.487516717,1.0946193862,0,0,0.0729746257,0.9486701347,0,0,0.0729746257,0,11.384041617,0,15.859818663,6.0812188125,7.6623357037,0.3405482535,1.1919188872,0.097299501,4.7920004242,1.2405686377,82.485651972,3.0649342815,36.219739247,2.335188024,40.86579042,0.778396008,75.650362027,4.2568531687,55.314766318,15.981443039,0.097299501,0,5.2055233035,304.79068688
AUG07,0.097299501,0.097299501,0.0486497505,0,0,0.0486497505,0,36.244064122,2.0189646457,14.424651023,3.1622337825,16.638214671,16.321991293,4.7190257985,11.602965494,2.5541119012,0.9486701347,1.6054417665,7.200163074,0.583797006,0,0.097299501,1.167594012,5.351472555,0,0,62.514929392,78.180149053,45.633465969,44.952369462,0.681096507,8.3434322107,24.203250874,2.1892387725,82.582951473,19.605849451,158.11168912,11.627290369,26.927636902,48.69840025,70.858361603,71.563782985,1.8973402695,2.627086527,9.5840008485,1.0216447605,56.43371058,23.789727994,3.697381038,2.6514114022,17.149037051,0.291898503,436.02338885,112.16199978,0.7297462575,50.911963898,2.724386028,5.7163456837,52.07955791,0.5108223802,0.0486497505,0.0729746257,0.2189238772,0.1216243762,0,0,0,0.0486497505,14.667899776,0,16.176042041,8.5866809632,9.2191277197,0.291898503,1.5811168912,0.3648731287,5.1811984282,1.8000407685,83.750545485,2.821685529,36.754886503,1.9216651447,42.252308309,1.5324671407,78.836920685,3.4298074102,60.252715994,14.984123154,0.1702741267,0,7.1271884482,332.56969442
SEP07,0.1459492515,0.2189238772,0.1216243762,0,0.0243248752,0.0729746257,0,38.579252146,2.237888523,17.416610679,2.821685529,16.103067415,14.765199277,4.5974014222,10.167797854,3.0892591567,1.848690519,1.2405686377,7.2488128245,0.486497505,0,0.097299501,1.2892183882,5.3757974302,0,0,64.047396533,80.904535081,45.073993838,43.78477545,1.264893513,9.2191277197,26.611413523,2.3838377745,84.431641992,20.48154496,149.06283553,10.727269985,24.397849876,43.857750076,70.079965595,35.854866118,2.237888523,1.4351676397,6.519066567,0.8027208832,24.860022505,9.6813003495,2.724386028,2.4811372755,4.2082034182,0.2675736277,382.80056181,103.52666906,0.486497505,46.874034607,3.4784571607,5.3757974302,47.311882361,0.8270457585,0.2675736277,0.1216243762,0.3648731287,0,0.0486497505,0,0.0243248752,0,13.257057011,0,15.421970908,9.5110262227,7.5650362027,0.3162233782,1.1189442615,0.0486497505,4.767675549,1.3135432635,90.123662801,2.9919596557,36.219739247,1.9703148952,48.941649003,1.8730153942,89.953388674,3.405482535,71.636757611,14.789524152,0.1216243762,0,5.0109243015,337.06979634
OCT07,0.1216243762,0.194599002,0.1459492515,0,0,0.0486497505,0,41.692836178,1.94599002,19.557199701,3.2838581587,16.905788299,18.584204691,4.475777046,14.108427645,3.6487312875,1.3135432635,2.335188024,7.5650362027,0.7540711327,0,0.0729746257,1.2405686377,5.4974218065,0,0,71.807031738,97.275176124,55.144492191,54.171497181,0.97299501,10.921868987,31.208814946,2.6514114022,91.46153094,20.676143962,166.47944621,12.332711752,27.827657286,51.057913149,75.261164023,41.182013798,2.6027616517,1.8243656437,7.6136859532,1.167594012,27.973606537,9.8758993515,2.529787026,2.3108631487,4.8406501747,0.194599002,429.60162179,94.988637851,0.3648731287,43.882074951,2.8946601547,4.281178044,43.565851573,0.7540711327,0,0.0486497505,0.389198004,0.194599002,0,0,0,0.1216243762,13.378681387,0,19.313950948,9.6569754742,7.394762076,0.2432487525,1.3135432635,0.0729746257,4.3298277945,1.4351676397,101.36175517,2.9919596557,45.365892341,2.237888523,50.766014646,0.681096507,81.26940821,3.3325079092,62.78250302,15.032772904,0.1216243762,0,7.492061577,336.29140033
NOV07,0.0729746257,0.2189238772,0.1459492515,0,0.0243248752,0.0486497505,0,38.263028768,2.2622133982,17.854458433,3.016284531,15.130072405,15.203047031,3.016284531,12.1867625,3.794680539,1.8243656437,1.9703148952,7.881259581,0.8027208832,0,0.1702741267,1.5324671407,5.3757974302,0,0,65.433914422,96.764353744,58.501324976,57.431030465,1.070294511,8.8056048405,29.457423928,2.6027616517,87.326302147,20.627494212,166.91729396,12.892183882,29.724997555,49.720045011,74.580067516,36.462988,1.4838173902,1.3865178892,11.821889371,0.3648731287,21.40589022,13.646255015,3.3568327845,2.4081626497,7.5650362027,0.3162233782,424.34744873,92.580475201,0.6567716317,43.006379442,2.5784367765,5.0109243015,41.32796305,0.4378477545,0,0,0.1459492515,0.1702741267,0,0,0.0729746257,0.0486497505,16.881463423,0,17.246336552,8.9272292167,8.5380312127,0.2675736277,1.2892183882,0.1459492515,5.83797006,0.9973198852,120.62705636,3.600081537,46.168613224,2.3838377745,68.474523828,1.7757158932,82.339702721,3.9163049152,63.341975151,15.008448029,0.0729746257,0,7.8326098305,357.18646817
DEC07,0.0243248752,0.2675736277,0.1702741267,0,0.0486497505,0.0486497505,0,42.471232186,2.821685529,19.095027071,3.210883533,17.343636053,11.16511774,3.2595332835,7.9055844562,3.2595332835,1.4351676397,1.8243656437,7.6136859532,0.6567716317,0,0.2432487525,1.3865178892,5.3271476797,0,0,64.801467666,92.385876199,54.171497181,52.760654417,1.4108427645,10.021848603,28.192530415,2.529787026,85.818159882,20.651819087,158.93873488,11.748914746,31.257464696,47.895679367,68.036676074,36.925160629,3.9406297905,1.459492515,6.1055436877,0.5108223802,24.908672256,11.189442615,2.627086527,2.6514114022,5.4974218065,0.4135228792,408.43898032,94.745389098,0.9486701347,43.760450575,3.3325079092,3.7217059132,42.982054567,0.5108223802,0,0,0.2189238772,0.1216243762,0.0243248752,0,0.0729746257,0.0729746257,20.359920584,0,19.070702196,7.686660579,7.7353103295,0.2189238772,1.1919188872,0.1702741267,4.7920004242,1.362193014,127.09747318,3.8190054142,51.301161902,3.0406094062,68.936696458,0.8513706337,98.613044263,4.0622541667,81.853205216,12.624610255,0.0729746257,0,8.6839804642,385.35467371
JAN08,0.0710983871,0.1421967743,0.1421967743,0,0,0,0,37.990238191,1.9670553773,17.087312374,2.8202360229,16.115634417,10.641058608,2.8202360229,7.8208225846,4.1474059161,1.8959569902,2.2514489259,6.8017457024,0.5213881723,0,0.1658962366,1.3982682803,4.7161930132,0,0,59.793743579,106.76607801,61.026115623,60.078137127,0.9479784951,11.138747318,34.601215071,2.2988478506,106.33948769,20.168242483,161.01414739,13.413895706,25.168829045,50.029565079,72.401857564,36.497172062,4.9531876369,2.7017387111,5.1664827983,0.4028908604,23.272872055,10.806954844,2.3462467754,2.5358424744,5.6404720459,0.2843935485,443.89093033,91.551023165,0.7109838713,41.616255935,2.5595419368,6.8254451648,39.838796257,0.379191398,0,0,0.1658962366,0.1421967743,0,0,0,0.0710983871,13.461294631,0.0710983871,18.130088719,9.1479924778,8.1763145203,0.3317924733,1.3034704308,0.0473989248,5.2849801102,1.2086725813,107.24006726,4.2185043032,46.806438196,2.5832413992,53.631883361,1.9670553773,80.483374235,3.38902312,64.865428528,12.1578242,0.0710983871,0,6.7069478529,337.31444802
FEB08,0.0947978495,0.2843935485,0.2369946238,0,0,0.0473989248,0,38.345730127,2.0381537645,17.869394633,3.1283290339,15.309852696,18.556679042,4.6213951637,13.935283878,3.3653236576,1.5404650546,1.8248586031,6.9202430143,0.7820822585,0,0.0947978495,1.2323720436,4.8109908627,0,0,67.567167239,90.271252197,52.849801102,51.878123145,0.9716779575,8.2000139827,29.221437112,2.4647440873,80.080483374,19.457258612,151.70025868,12.015627425,24.339347862,43.891404323,71.453879069,29.648027434,1.8959569902,3.3416241953,6.6121500034,0.6635849466,17.134711299,9.9063752739,2.1566510764,2.2988478506,5.3797779597,0.0710983871,383.52839966,109.84700812,0.7346833337,38.037637116,4.1711053785,26.756693024,40.146889268,2.8676349477,0,0,0.2132951614,2.6306403239,0,0,0,0.0236994624,13.508693555,0,16.660722052,9.1716919402,7.6075274232,0.379191398,1.1849731189,0.0710983871,4.6924935508,1.2797709684,92.451602735,3.2705258081,38.203533353,2.3936457001,48.583897874,3.9104112923,75.577585522,2.8913344101,62.637679064,9.9537741986,0.0947978495,0,6.6832483905,338.28612598
MAR08,0.0947978495,0.1658962366,0.1421967743,0,0,0.0236994624,0,40.312785504,2.132951614,18.817373128,3.2468263457,16.115634417,11.826031726,3.0572306467,8.7688010797,4.0526080666,1.943355915,2.1092521516,6.9439424767,0.687284409,0,0.1184973119,1.0901752694,5.0479854864,0,0,63.39606186,94.655652737,55.124949491,54.295468307,0.8294811832,7.6786258104,31.852077436,2.8676349477,84.725578,19.623154849,156.534949,12.584414523,26.519698401,47.896613465,69.534222616,36.568270449,3.4127225824,2.6306403239,3.8630123676,0.8057817208,25.856113454,9.5271838758,2.5358424744,1.6589623664,5.1190838736,0.2132951614,404.50242386,100.95970973,0.5213881723,41.142266688,3.6971161309,14.45667205,41.142266688,0.2132951614,0,0,0.0947978495,0.1184973119,0,0,0,0,15.286153234,0,17.063612912,8.7451016174,8.4607080688,0.3080930109,1.2086725813,0.1421967743,5.2849801102,1.5167655922,105.60480436,4.1237064537,43.535912388,2.4173451625,55.527840351,7.6312268856,80.791467246,3.3416241953,66.548090357,10.759555919,0.1421967743,0,8.2711123698,353.02719158
APR08,0.0473989248,0.2132951614,0.1184973119,0,0,0.0947978495,0,35.359597868,1.8485580655,15.45204947,2.7728370982,15.286153234,13.935283878,3.7919139804,10.143369898,3.5312198943,1.6589623664,1.8722575278,6.2566580677,0.3554919357,0,0.0236994624,1.3034704308,4.5739962389,0,0,59.343453794,89.915760261,51.878123145,51.048641962,0.8294811832,7.8682215094,30.169415607,1.9670553773,78.54001832,19.528356999,156.62974685,11.352042479,26.993687648,45.076377442,73.207639285,41.000069913,1.8722575278,2.6543397863,6.7306473153,0.5213881723,29.221437112,9.5508833382,2.6543397863,2.0855526892,4.6687940884,0.1421967743,397.13189106,89.939459723,0.379191398,41.734753247,2.7965365606,5.2375811855,39.791397332,0.2369946238,0,0.0236994624,0.0947978495,0.0710983871,0,0,0.0236994624,0.0236994624,14.124879577,0,13.674589792,8.4133091441,7.0624397886,0.0473989248,0.8531806456,0.189595699,4.3607010775,1.6115634417,88.635989293,2.7254381734,37.634746256,2.7728370982,45.502967765,9.9063752739,76.644061329,2.7965365606,62.590280139,11.209845705,0.0473989248,0,8.034117746,316.67221629
MAY08,0.0473989248,0.1658962366,0.0473989248,0,0.0236994624,0.0947978495,0,38.085036041,2.0381537645,16.921416138,3.199427421,15.926038718,12.442217748,3.6971161309,8.7451016174,3.6971161309,1.7063612912,1.9907548397,7.3942322618,0.6398854842,0,0.1184973119,1.3745688179,5.2612806478,0,0,61.831897343,87.048125313,50.385057015,49.34228067,1.0427763446,8.1052161332,28.557852165,2.322547313,84.678179076,18.011591407,159.97137105,11.304643554,28.652650015,49.176384434,70.837693047,35.004105932,2.5595419368,2.0381537645,5.8300677449,2.0618532269,22.514489259,12.702911834,2.6306403239,3.0809301091,6.8254451648,0.1658962366,399.73883192,104.94121941,0.379191398,48.963089272,3.38902312,3.2468263457,48.963089272,0.6635849466,0,0.0473989248,0.189595699,0.2843935485,0.0473989248,0,0.0947978495,0,14.05378119,0.0236994624,14.788464524,7.5838279609,8.2000139827,0.3554919357,1.6589623664,0.0947978495,4.4081000023,1.6826618288,101.88398876,3.7445150557,42.730130667,2.8202360229,52.589107016,3.3653236576,81.312855418,3.2705258081,65.97930326,12.039326888,0.0236994624,0,11.683834952,348.50059426
JUN08,0.189595699,0.1658962366,0.0236994624,0,0.0236994624,0.1184973119,0,36.497172062,1.5404650546,17.016213987,2.5595419368,15.380951083,11.06764893,3.1757279586,7.8919209718,3.4127225824,1.8959569902,1.5167655922,6.0907618311,0.6161860218,0,0.1658962366,0.8294811832,4.4791983894,0,0,57.423797341,88.588590368,51.712226908,50.787947875,0.9242790327,8.6503037679,28.226059692,3.0809301091,84.393785527,18.43818173,155.77656621,11.541638178,26.045709153,51.759625833,66.429593045,35.38329733,3.7682145181,1.6826618288,6.6595489281,0.6161860218,22.656686033,9.6930801125,2.2988478506,2.4410446249,4.7398924755,0.2132951614,395.35443138,92.167209187,0.2843935485,43.204119915,2.8439354853,3.9578102171,41.876950021,0.4976887099,0,0,0.0710983871,0.3554919357,0.0473989248,0,0.0236994624,0,13.887884953,0,14.504070975,8.9346973164,7.8208225846,0.3317924733,1.3034704308,0.379191398,4.5028978518,1.3034704308,99.608840373,3.8393129052,41.545157548,2.6306403239,51.593729596,2.0618532269,89.963159186,3.4364220448,70.742895197,15.712743556,0.0710983871,0,8.0815166708,337.52774318
JUL08,0.0947978495,0.189595699,0.0710983871,0,0,0.1184973119,0,33.439941415,2.0381537645,14.741065599,2.512143012,14.148579039,9.4086865639,2.4410446249,6.967641939,3.009831722,1.4693666674,1.5404650546,5.8300677449,0.379191398,0,0.2606940862,1.2323720436,3.9578102171,0,0,51.972920994,85.744654883,50.029565079,48.963089272,1.066475807,8.3185112946,27.396578509,2.1803505387,80.530773159,17.964192482,161.91472696,11.802332264,25.71391668,50.669450564,73.729027457,44.294295184,2.4884435497,2.0144543021,5.0242860241,1.066475807,33.700635501,9.5271838758,2.6780392487,2.0381537645,4.5028978518,0.3080930109,402.15617709,96.741205426,0.4265903228,44.175797872,2.4410446249,7.2994344123,42.398338194,1.4219677427,0.0236994624,0,0.0236994624,1.3508693555,0,0,0,0.0236994624,16.281530653,0,13.721988717,8.3659102193,5.8774666697,0.2132951614,1.0190768822,0.189595699,3.3653236576,1.0901752694,96.551609727,3.4364220448,41.308162924,2.8202360229,48.986788735,8.9820962411,78.279324234,2.7965365606,58.11108175,17.300607536,0.0710983871,0,6.0670623687,332.290162
AUG08,0.1421967743,0.2369946238,0.1421967743,0,0,0.0947978495,0,37.563647869,2.0618532269,16.234131729,3.5075204319,15.760142481,9.1479924778,2.2277494635,6.9202430143,3.3179247329,1.2797709684,2.0381537645,6.6595489281,0.5213881723,0,0.0473989248,1.2323720436,4.8583897874,0,0,57.068305405,82.42673015,48.062509702,47.280427444,0.7820822585,7.0861392509,27.278081197,2.5832413992,85.31806456,16.376328503,157.8621189,11.541638178,27.752070444,47.920312928,70.648097348,51.807024758,19.149165601,1.256071506,8.6977026926,0.687284409,22.016800549,8.7925005421,1.9907548397,1.6826618288,4.8583897874,0.2606940862,405.16600881,97.475888759,0.4502897852,45.076377442,2.5595419368,5.9485650568,43.441114538,0.4502897852,0.0710983871,0.0473989248,0.0710983871,0.1421967743,0,0,0.0947978495,0.0236994624,18.509280117,0,15.570546782,7.844522047,6.2803575301,0.0710983871,0.8057817208,0.1421967743,4.1474059161,1.1138747318,104.15913715,3.3179247329,41.260764,2.8202360229,56.760212395,0.7583827961,90.531946283,3.1283290339,68.657342508,18.627777429,0.1184973119,0,7.6075274232,349.18787867
SEP08,0.0947978495,0.2132951614,0.1658962366,0,0,0.0473989248,0,34.506417222,1.3982682803,15.523147857,2.8676349477,14.717366137,12.1578242,3.2468263457,8.910997854,3.4601215071,1.7063612912,1.7537602159,6.6595489281,0.3080930109,0,0.1421967743,1.2086725813,5.0005865617,0,0,57.092004868,90.247552734,51.735926371,50.574652714,1.1612736565,9.6693806501,28.842245714,2.8439354853,92.072411337,17.679798934,159.71067696,11.826031726,27.017387111,48.489100025,72.378158101,26.827791412,1.2797709684,1.1612736565,4.645094626,0.7346833337,19.006968827,9.0057957035,2.132951614,2.0144543021,4.6924935508,0.1658962366,398.38796257,93.470679618,0.4739892476,41.142266688,2.2277494635,7.0861392509,42.540534968,0.9005795704,0.1421967743,0.0473989248,0.5450876347,0.1184973119,0.0236994624,0,0.0236994624,0,16.731820439,0,18.082689794,8.6740032302,6.209259143,0.1658962366,0.7583827961,0.0710983871,3.8393129052,1.3745688179,96.38571349,2.7491376358,41.000069913,2.4647440873,50.171761854,1.7063612912,81.739445741,3.7682145181,60.457328526,17.490203235,0.0236994624,0,7.4179317242,331.31848404
OCT08,0.0710983871,0.3317924733,0.2369946238,0,0,0.0947978495,0,38.369429589,1.7774596783,18.248586031,3.009831722,15.333552158,13.011004845,3.4838209695,9.5271838758,3.6260177438,1.943355915,1.6826618288,6.4462537667,0.4265903228,0,0.0710983871,1.3982682803,4.5502967765,0,0,61.855596806,87.782808647,51.143439811,50.171761854,0.9716779575,9.0531946283,27.586174208,2.9624327972,93.352182306,18.888471515,161.60663395,12.300020974,28.818546251,47.114531207,73.373535521,31.472886038,1.445667205,1.943355915,5.8300677449,0.8294811832,21.424313989,11.06764893,2.2040500011,4.3370016151,4.455498927,0.0710983871,407.13306419,95.627330694,0.4976887099,45.645164539,3.578618819,6.2566580677,39.649200558,1.4219677427,0,0,0.9953774199,0.0710983871,0.2843935485,0,0.0236994624,0.0473989248,15.997137105,0,17.016213987,8.1052161332,7.9867188213,0.2843935485,1.1138747318,0,4.6213951637,1.9670553773,98.850457577,3.0809301091,41.189665612,3.6260177438,50.953844112,3.6734166685,85.341764022,3.7208155933,65.837106485,15.689044094,0.0947978495,0,7.4416311866,341.46185394
NOV08,0.0947978495,0.2369946238,0.1421967743,0,0,0.0947978495,0,41.071168301,1.9670553773,18.675176354,3.1046295715,17.324306998,13.840486029,3.3179247329,10.522561296,3.38902312,1.2323720436,2.1566510764,6.8254451648,0.3080930109,0,0.0710983871,1.1138747318,5.332379035,0,0,65.457915087,85.744654883,50.171761854,49.105286047,1.066475807,8.2237134451,27.349179584,3.5075204319,83.872397355,20.902925817,163.85808288,12.489616673,30.240513994,48.868291423,72.25966079,27.823168831,1.2323720436,1.4693666674,5.6641715083,0.379191398,19.078067214,9.7167795749,3.1283290339,2.132951614,4.2422037656,0.2132951614,395.42552977,82.92441886,1.3034704308,39.246309697,2.9861322596,3.2231268834,36.165379588,0.2369946238,0,0,0.0710983871,0.0710983871,0.0473989248,0,0.0236994624,0.0236994624,15.45204947,0,17.798296246,8.1289155955,7.844522047,0.2606940862,1.066475807,0.0236994624,4.7635919379,1.7300607536,109.75221027,3.2468263457,43.251518839,2.6069408615,60.646924225,2.132951614,82.758522623,3.7208155933,63.751553796,15.001759685,0.2843935485,0,7.3468333371,334.37571469
DEC08,0.1658962366,0.3317924733,0.2369946238,0.0236994624,0.0236994624,0.0473989248,0,39.435905396,2.3936457001,17.34800646,4.1237064537,15.570546782,8.6266043055,2.7965365606,5.8300677449,3.5549193567,1.6115634417,1.943355915,7.0624397886,0.8057817208,0,0.0473989248,1.445667205,4.7635919379,0,0,59.177557557,79.9382866,48.086209164,47.114531207,0.9716779575,7.7971231223,24.054954313,3.1520284962,82.403030687,19.717952698,164.18987535,13.15320162,30.050918295,44.483890883,76.501864555,27.420277971,1.7774596783,1.066475807,3.7919139804,1.256071506,19.528356999,9.6219817253,2.3936457001,1.8248586031,5.2375811855,0.1658962366,386.44343353,79.772390363,0.5687870971,37.753243568,2.6069408615,2.9387333348,35.904685502,0.3317924733,0,0.0710983871,0.1658962366,0.0473989248,0.0236994624,0,0.0236994624,0,22.798882807,0,19.078067214,8.4370086065,7.7734236599,0.2369946238,1.2323720436,0.0236994624,4.5265973141,1.7537602159,116.53025651,3.2705258081,46.569443572,3.1520284962,63.538258635,1.3271698932,93.186286069,4.076307529,72.093764553,16.921416138,0.0947978495,0,6.3040569925,355.53933459
JAN09,0.1155062257,0.346518677,0.1617087159,0,0,0.1848099611,0,37.169903421,1.8249983656,17.256630115,3.5344905055,14.553784434,10.34935782,2.9569593772,7.3923984429,3.788604202,1.8480996107,1.9405045913,7.4386009332,0.5544298832,0,0.1617087159,1.1781635018,5.5442988322,0,0,59.208491278,96.840419602,55.350583341,54.287926065,1.0626572762,10.926888948,30.562947312,3.4651867701,83.718912366,20.513905679,159.00587026,13.491127158,23.424662566,50.106600696,71.983479838,38.625281864,1.1550622567,1.201264747,6.6069561083,0.4851261478,29.176872604,9.1480930731,2.5411369647,1.8480996107,4.5971477817,0.1617087159,411.31766961,79.768599448,0.3003161867,38.394269413,2.5411369647,3.6961992214,34.836677662,0.4620249027,0.1386074708,0.0462024903,0.0924049805,0.0924049805,0.0924049805,0,0,0,18.850616029,0,17.926566224,8.3395494934,6.1680324508,0.1617087159,0.7854423346,0.1386074708,3.8810091825,1.201264747,101.94579478,3.442085525,39.803445366,3.0031618674,55.697102018,1.5939859142,86.698972988,3.5575917506,68.010065675,14.969606847,0.1617087159,0,6.5607536181,328.31489584
FEB09,0,0.1617087159,0.0462024903,0,0.0462024903,0.0693037354,0,38.070851981,2.1253145523,16.586694006,3.5575917506,15.801251672,10.857585213,2.8876556418,7.9699295712,3.5806929958,1.7556946302,1.8249983656,8.8939793766,0.5313286381,0,0.1386074708,1.6863908948,6.5376523729,0,0,61.564818282,91.180614544,50.222106921,48.882234704,1.3398722178,10.834483968,30.124023655,1.9867070815,78.729043417,17.510743812,151.31315563,12.682583579,26.589533149,44.377491902,67.663546998,39.988255327,2.2639220231,1.9636058364,5.3825901162,0.5544298832,29.823707468,9.5408142403,2.6335419453,1.2936697275,5.5674000773,0.0462024903,390.24933405,82.471445128,0.4389236575,37.562624588,2.8876556418,4.1582241241,37.424017117,0.0462024903,0,0,0.0231012451,0.0231012451,0,0,0,0,14.553784434,0,15.269923034,7.4848034234,6.2604374313,0.1848099611,1.0164547859,0.0693037354,3.8810091825,1.1088597664,86.398656801,2.8645543966,33.65851416,2.9800606223,46.895527622,2.2870232683,72.422403495,2.5642382099,57.961024041,11.850938754,0.0462024903,0,6.4221461473,293.61682565
MAR09,0.0924049805,0.3234174319,0.2541136965,0.0231012451,0.0231012451,0.0231012451,0,42.644898517,2.2639220231,19.566754629,3.442085525,17.372136341,12.91359603,3.7424017117,9.1711943182,3.8579079374,2.2177195329,1.6401884045,9.1249918279,0.4620249027,0,0.1155062257,1.8712008559,6.6762598437,0,0,68.957216725,88.77808505,52.208814003,51.030650501,1.1781635018,8.4781569642,28.091114083,2.7952506612,84.596759681,18.688907313,159.69890761,11.989546225,29.592695017,46.040781552,72.075884818,38.810091825,1.201264747,1.0164547859,5.521197587,0.4620249027,30.609149803,9.0325868474,2.1022133072,2.0560108169,4.7126540073,0.1617087159,402.40058899,81.963217735,0.3003161867,37.701232059,2.8645543966,3.7424017117,37.354713382,0.6006323735,0.0693037354,0.0693037354,0.1155062257,0.2772149416,0.0231012451,0,0,0.0462024903,23.124346379,0,16.887010193,7.2768922172,7.6927146296,0.3927211673,1.1088597664,0.0231012451,4.2506291047,1.9174033461,100.14389766,3.1879718285,37.424017117,3.2572755639,56.274633146,2.4256307391,79.583789487,3.1417693382,63.667031589,12.751887314,0.0231012451,0,5.6367038127,325.33483522
APR09,0,0.2772149416,0.1617087159,0,0.0231012451,0.0924049805,0,35.575917506,1.8018971205,16.263276574,2.7952506612,14.71549315,9.3329030341,2.2870232683,7.0458797659,3.8579079374,1.8480996107,2.0098083267,6.2835386765,0.4620249027,0,0.1386074708,0.85474607,4.828160233,0,0,55.327482096,83.672709875,48.18919735,47.218945054,0.9702522956,9.1942955633,26.289216963,2.6335419453,79.32967579,18.388591127,155.44827851,11.989546225,28.576240231,49.898689489,64.983802562,31.486997118,0.9240498054,1.5708846691,6.9303735402,0.3927211673,21.668967936,8.6629669253,2.4487319842,1.5015809337,4.5509452914,0.1617087159,379.62276129,81.501192833,0.5544298832,37.724333304,3.0724656028,4.1582241241,35.991739919,0.5775311284,0.0231012451,0.0231012451,0.346518677,0.1155062257,0.0693037354,0,0,0,17.926566224,0,15.639542956,6.3990449021,7.5541071588,0.2310124513,1.0857585213,0.1617087159,4.3199328401,1.7556946302,91.457829486,2.7028456807,35.830031203,3.0262631126,49.898689489,2.2870232683,81.03916793,2.7952506612,64.406271434,13.837645835,0,0,5.8215137738,310.20351966
MAY09,0.2079112062,0.2772149416,0.1155062257,0,0.0231012451,0.1386074708,0,39.018003031,2.0098083267,17.025617664,2.7721494161,17.210427625,10.34935782,2.6797444355,7.6696133845,4.3661353303,2.4487319842,1.9174033461,6.3297411667,0.3696199221,0,0.1617087159,1.1319610116,4.6664515171,0,0,60.548363496,81.709104039,45.994579062,45.070529256,0.9240498054,8.2933470031,27.421177974,2.7952506612,74.501515557,17.834161243,158.33593415,12.890494785,32.826869335,49.251854626,63.366715403,32.249338207,1.4553784434,1.5246821788,8.0623345518,0.6468348638,20.560108169,9.3560042793,2.7259469258,2.0098083267,4.5740465365,0.0462024903,376.78130814,92.774600458,0.2772149416,41.905658673,2.6335419453,6.6993610889,41.258823809,0.2772149416,0,0,0.0231012451,0.0462024903,0.0231012451,0,0.0231012451,0.1617087159,20.906626846,0,14.784796886,6.4683486375,6.7686648243,0.1617087159,0.8085435797,0.1386074708,3.9965154082,1.6632896496,103.17016077,2.8876556418,37.03129595,3.6037942409,59.647414936,1.9405045913,77.943601082,2.5642382099,61.865134469,13.421823423,0.0924049805,0,5.7984125286,330.83293156
JUN09,0.0231012451,0.1386074708,0.1155062257,0,0.0231012451,0,0,36.014841164,2.1022133072,16.448086535,3.095566848,14.368974473,11.619926302,3.0493643577,8.5705619447,4.0427178985,2.4487319842,1.5939859142,7.415499688,0.4851261478,0,0.2310124513,1.2705684824,5.4287926065,0,0,59.254693769,85.197392054,46.017680307,45.255339218,0.7623410894,9.2404980536,29.939213694,2.9107568869,84.342645984,18.712008559,165.86694006,12.982899765,33.196489258,52.116409022,67.571142017,31.117377196,0.7392398443,0.693037354,6.6300573535,0.6237336186,22.431309025,8.3626507385,2.4718332293,1.201264747,4.481641556,0.2079112062,396.50977148,93.767953999,0.4158224124,44.400593148,3.442085525,3.7193004666,41.790152447,0.4851261478,0,0,0.2541136965,0.0231012451,0.2079112062,0,0,0,16.840807703,0,15.824352917,7.8313221004,7.4386009332,0.0693037354,1.1088597664,0.0693037354,4.481641556,1.7094921399,87.576820303,2.0791120621,34.975285133,4.0889203887,46.433502719,0.5775311284,80.23062435,2.7952506612,64.452473924,12.821191049,0.1617087159,0,6.1680324508,316.74117203
JUL09,0.0924049805,0.2079112062,0.1386074708,0,0.0462024903,0.0231012451,0,33.196489258,1.6863908948,15.200619298,2.4949344745,13.81454459,7.3461959526,1.7787958753,5.5674000773,3.2341743188,1.6170871594,1.6170871594,6.8148673145,0.6699361089,0,0.0231012451,0.85474607,5.2670838906,0,0,50.89204303,74.0625919,39.618635405,38.879395561,0.7392398443,9.1018905828,25.342065912,2.8183519063,76.280311433,15.824352917,166.05175002,12.451571127,37.216105911,49.1363484,67.247724585,36.569271047,1.4784796886,1.8249983656,7.415499688,0.9009485602,24.949344745,10.511066536,3.2341743188,1.8249983656,5.1977801552,0.2541136965,382.11769576,102.54642715,0.4158224124,47.935083653,3.0031618674,5.8446150189,45.347744198,0.3234174319,0.0462024903,0,0.0924049805,0.0231012451,0.1155062257,0,0,0.0462024903,20.421500698,0,17.487642566,6.6762598437,6.9072722951,0.3234174319,1.1550622567,0.1155062257,3.9272116728,1.386074708,92.497385517,2.6104407001,36.22275237,3.5806929958,50.083499451,2.1253145523,84.157836023,2.7952506612,62.165450656,19.081628481,0.1155062257,0,5.4518938516,338.59494993
AUG09,0.2772149416,0.3234174319,0.2079112062,0,0.0462024903,0.0693037354,0,40.288571514,1.6401884045,18.827514784,3.5344905055,16.286377819,10.30315533,2.4025294939,7.9006258358,3.7193004666,1.4553784434,2.2639220231,7.3230947075,0.4389236575,0,0.0924049805,1.0626572762,5.7291087932,0,0,62.234754391,74.085693145,40.49648272,39.64173665,0.85474607,7.3461959526,26.243014472,3.3496805444,74.386009332,17.603148792,164.2498529,12.035748715,30.124023655,52.486028944,69.604051589,51.446472913,23.886687469,1.2705684824,8.3395494934,0.8316448248,17.118022644,8.7784731509,2.5180357196,1.5939859142,4.5509452914,0.1155062257,393.89933078,93.675549018,0.2079112062,43.869264509,3.3265792993,3.5344905055,42.737303498,0.6468348638,0,0.0462024903,0.1617087159,0.3234174319,0,0,0,0.1155062257,20.791120621,0,18.319287391,9.8642316722,7.0920822561,0.0924049805,0.8778473151,0.0231012451,4.5971477817,1.5015809337,107.16667618,3.3265792993,37.862940775,4.6202490268,61.356907076,1.0857585213,96.239787228,3.2572755639,66.623990966,26.127508247,0.2310124513,0,6.3297411667,361.21106892
SEP09,0.1155062257,0.2772149416,0.1617087159,0,0,0.1155062257,0,39.110408012,1.9636058364,17.580047547,3.6037942409,15.962960388,11.689230038,3.2110730736,8.4781569642,3.8348066922,2.1253145523,1.7094921399,7.6003096491,0.4389236575,0,0.1848099611,1.547783424,5.4287926065,0,0,62.627475558,80.207523105,45.278440463,44.192681941,1.0857585213,8.0854357969,26.843646846,2.3794282488,81.385686607,18.18067992,168.01535586,13.283215952,30.586048557,50.568625598,73.577465752,39.64173665,1.1781635018,1.5015809337,5.5442988322,0.9702522956,30.447441087,8.6860681704,2.5180357196,1.2705684824,4.8050589879,0.0924049805,398.49647856,85.567011976,0.693037354,40.935406377,3.2341743188,3.5575917506,37.146802175,0.5313286381,0.1386074708,0.0231012451,0.3003161867,0.0231012451,0,0,0.0231012451,0.0231012451,19.289539687,0,18.111376185,7.2999934623,7.9006258358,0.3234174319,1.039556031,0.2079112062,4.7126540073,1.6170871594,96.56320466,2.240820778,38.763889335,3.5344905055,52.024004042,0.7392398443,88.754983805,3.1879718285,60.38665478,25.134154706,0.0462024903,0,5.682906303,330.4402104
OCT09,0.1848099611,0.0924049805,0.0924049805,0,0,0,0,43.799960774,2.1484157975,20.398399453,4.6664515171,16.586694006,11.134800155,2.4718332293,8.6629669253,3.4651867701,1.6632896496,1.8018971205,6.4221461473,0.3696199221,0,0.0693037354,1.1781635018,4.8050589879,0,0,65.099308788,81.177775401,47.888881163,46.733818906,1.1550622567,7.4848034234,25.804090815,2.9107568869,76.950247541,16.448086535,165.33561142,13.81454459,32.364844433,50.453119373,68.703103029,32.064528246,4.1120216339,1.9174033461,5.4980963419,2.3101245134,18.226882411,9.3791055244,2.9569593772,1.6632896496,4.5509452914,0.2079112062,384.26611156,83.926823572,0.346518677,38.856294315,3.6961992214,3.2110730736,37.816738284,0.5775311284,0.0231012451,0.0231012451,0.5082273929,0,0,0,0,0.0231012451,21.576562955,0,19.867070815,8.5936631899,6.9303735402,0.1848099611,0.9471510505,0.1617087159,3.9041104276,1.7325933851,108.78376334,2.8876556418,40.704393926,4.135122879,61.056590889,1.1550622567,91.942955633,2.7259469258,64.290765208,24.833838519,0.0924049805,0,5.2439826454,348.59778907
NOV09,0.0693037354,0.1617087159,0.1155062257,0,0,0.0462024903,0,42.806607233,1.8249983656,20.467703189,4.5047428011,16.009162878,12.15125494,3.0724656028,9.0787893377,3.1648705834,1.2243659921,1.9405045913,6.9996772756,0.6006323735,0,0.0924049805,1.2474672372,5.0591726843,0,0,65.353422484,87.137896645,50.083499451,49.04394342,1.039556031,7.5541071588,29.500290036,2.9569593772,80.299928086,17.395237586,169.37832932,15.986061633,29.592695017,51.931599061,71.867973612,33.496805444,1.9636058364,1.3398722178,6.5145511278,1.4091759532,22.269600309,9.2404980536,2.8645543966,1.3398722178,4.8512614781,0.1848099611,399.90565451,84.45815221,0.5313286381,35.645221242,3.2572755639,10.118345369,34.905981397,0.1155062257,0,0,0.0924049805,0.0231012451,0,0,0,0,18.827514784,0,18.296186146,9.3329030341,7.1382847464,0.5082273929,0.7854423346,0.0462024903,3.9965154082,1.8018971205,110.8628754,2.587339455,39.942052837,3.788604202,64.544878904,1.6170871594,93.675549018,2.8183519063,63.205006687,27.605987935,0.0462024903,0,4.9667677038,349.29082643
DEC09,0.1386074708,0.2310124513,0.1386074708,0,0.0231012451,0.0693037354,0,41.074013848,2.1946182877,18.94302101,4.3199328401,15.616441711,9.6101179757,2.8645543966,6.7455635791,3.8810091825,1.6632896496,2.2177195329,6.9996772756,0.346518677,0,0.0462024903,1.3398722178,5.2670838906,0,0,61.934438204,92.543588007,54.403432291,53.155965053,1.2474672372,9.3560042793,28.784151437,2.8414531515,78.267018514,19.197134706,166.37516746,14.553784434,32.087629491,51.608181629,68.1255719,33.473704199,1.8480996107,1.3629734629,8.2933470031,2.0098083267,19.959475796,9.7025229563,3.095566848,1.6170871594,4.8743627233,0.1155062257,402.40058899,73.485060771,0.4851261478,35.645221242,3.5806929958,1.6170871594,32.156933227,0.2772149416,0.0231012451,0,0.1848099611,0.0231012451,0,0,0,0.0462024903,23.21675136,0,21.738271671,8.5474606996,6.5376523729,0.1386074708,0.9702522956,0.1386074708,3.6961992214,1.5939859142,120.19577843,3.5575917506,43.407239607,4.2968315949,68.93411548,0.7623410894,98.2726968,2.9800606223,69.118925441,26.150609492,0.0231012451,0,3.973414163,357.0066423
JAN10,0.04540559,0.1816223599,0.1135139749,0,0.04540559,0.022702795,0,42.318009855,2.3156850886,19.592512073,4.0183947126,16.39141798,11.101666748,3.291905273,7.8097614754,3.2692024781,1.0443285694,2.2248739087,8.2411145801,0.6810838496,0,0.0908111799,1.702709624,5.7665099266,0,0,65.157021611,95.170116583,55.758064487,54.736438712,1.0216257744,9.8303102292,29.581741867,2.8605521683,84.522505735,19.251970149,173.81259842,15.392495001,30.875801182,55.031575047,72.512727187,30.875801182,1.9978459588,1.4529788791,5.3124540268,1.3848704942,20.727651823,9.4670655094,2.7016326034,1.725412419,4.7675869472,0.2724335398,415.96060974,77.303016929,0.2724335398,37.141772598,3.1556885031,3.5643388129,33.168783475,0.5902726696,0,0.022702795,0.2724335398,0.1362167699,0,0,0,0.1589195649,17.11790742,0,21.885494367,9.0811179946,9.1719291745,0.3178391298,1.1124369543,0.1135139749,4.9038037171,2.7243353984,122.79941808,4.1092058926,42.635848985,4.7675869472,71.286776258,1.2486537243,96.350661923,3.4508248379,69.856500173,22.997931321,0.04540559,0,6.5838105461,362.13228283
FEB10,0.0908111799,0.1589195649,0.068108385,0.022702795,0,0.068108385,0,38.503940297,1.8616291889,18.366561144,3.2010940931,15.074655871,13.213026682,4.0410975076,9.1719291745,3.0194717332,1.3167621092,1.702709624,8.2411145801,0.4994614897,0,0.022702795,1.1805453393,6.5384049561,0,0,63.227284037,82.388443006,47.539652702,46.540729722,0.9989229794,7.8551670653,26.993623239,2.2021711137,76.008957615,17.11790742,153.78873324,12.895187552,29.218497148,47.426138727,64.248909812,31.693101801,0.9081117995,1.0897341594,8.3092229651,1.4075732892,19.978459588,10.261663334,4.0638003026,1.657304034,4.3362338424,0.2043251549,373.46097753,77.688964444,1.1578425443,35.802307694,3.6097444029,4.2227198675,32.896349935,1.0897341594,0.1362167699,0.022702795,0.3178391298,0.5221642847,0.022702795,0,0,0.068108385,13.621676992,0,18.820617044,7.9459782453,6.720027316,0.1135139749,0.9081117995,0.022702795,4.4043422274,1.2713565192,87.746302623,2.2929822936,34.667167944,3.9048807377,46.881271647,1.4302760841,75.53219892,2.7697409884,54.895358277,17.730882884,0.1362167699,0,5.6302931567,296.22606898
MAR10,0.1135139749,0.1362167699,0.0908111799,0,0,0.04540559,0,40.002324766,2.4291990636,17.889802449,3.9275835327,15.755739721,12.009778548,2.6108214234,9.3989571244,3.8140695577,1.2940593142,2.5200102435,7.9686810403,0.4994614897,0,0.1135139749,1.4302760841,5.9254294915,0,0,64.044584657,93.717137704,52.012103314,50.740746795,1.2713565192,9.9211214091,31.783912981,2.4291990636,77.825181214,17.140610215,167.93257452,14.597897176,33.41851422,50.604530025,69.311633094,33.9633813,0.9535173894,1.5891956491,5.3805624118,0.7945978245,25.245508025,9.8757158191,2.9967689382,1.8843319839,4.6994785622,0.2951363348,402.88379983,80.890058537,0.9081117995,36.415283158,4.0638003026,3.1783912981,36.324471978,0.2951363348,0,0,0.1816223599,0.068108385,0,0,0,0.04540559,13.939516122,0,19.683323253,9.3535515344,6.8562440859,0.2043251549,1.0897341594,0.068108385,4.2000170725,1.2940593142,90.833882741,2.0205487538,34.14500366,5.3351568218,49.333173506,1.2940593142,78.506265063,2.0432515488,56.893204236,19.388186918,0.1816223599,0,6.3113770062,307.96341399
APR10,0.068108385,0.0908111799,0.0908111799,0,0,0,0,35.007709869,1.657304034,15.642225746,3.0421745282,14.666005561,11.101666748,3.5189332229,7.5827335255,3.1783912981,1.5437900591,1.634601239,6.4021881862,0.5675698747,0,0.068108385,0.9762201844,4.7902897422,0,0,55.848875667,79.119240528,45.927754258,45.019642458,0.9081117995,7.0832720358,26.108214234,2.3383878836,72.648943957,14.325463636,151.13250623,12.350320473,32.850944345,44.020719479,61.910521928,23.474690016,0.7264894396,1.1578425443,4.8583981271,0.5448670797,16.187092825,8.0140866302,2.8605521683,1.1805453393,3.8594751477,0.1135139749,351.05331888,72.490024392,0.4313531047,32.737430371,2.8832549633,3.428122043,33.00986391,0.6810838496,0,0.022702795,0.3178391298,0.2270279499,0.022702795,0,0.022702795,0.068108385,17.004393445,0,16.43682357,8.1957089901,5.9481322865,0.1816223599,0.5902726696,0.04540559,3.6324471978,1.4983844691,93.921462859,2.9513633482,35.121223844,4.7675869472,51.08128872,0.9308145944,87.201435543,1.725412419,62.977553293,22.384955857,0.1135139749,0,4.8356953321,307.64557486
MAY10,0.1135139749,0.2043251549,0.068108385,0.022702795,0.04540559,0.068108385,0,34.689870739,1.8843319839,16.368715185,2.7697409884,13.667082582,9.6713906642,2.1113599337,7.5600307305,3.0875801182,1.5210872641,1.5664928541,6.651918931,0.5448670797,0,0.068108385,1.2486537243,4.7902897422,0,0,54.418599583,79.119240528,47.539652702,46.654243697,0.8854090045,7.0151636508,24.564424175,2.4519018585,72.285699237,17.095204625,161.30335838,13.258432272,33.486622605,48.379656116,66.178647386,40.706111411,3.5416360179,1.9978459588,10.647610849,0.6129754646,23.906043121,9.1038207896,3.0421745282,1.9751431638,3.9502863277,0.1362167699,382.06533683,85.476023124,1.5437900591,38.935293402,3.0648773232,5.085426077,36.846636263,0.6810838496,0,0.0908111799,0.4994614897,0,0.068108385,0,0,0.022702795,16.777365495,0,16.323309595,7.8324642703,6.8562440859,0.2497307449,0.8854090045,0.022702795,4.4724506123,1.2259509293,96.895529002,2.5427130385,34.485545584,4.9265065121,54.940763867,0.6356782596,84.18196381,2.4973074485,61.093221309,20.523326668,0.068108385,0,6.0389434664,321.69860496
JUN10,0.022702795,0.2043251549,0.0908111799,0,0.022702795,0.0908111799,0,33.14608068,1.657304034,14.961141896,2.6562270134,13.871407737,8.8086844548,2.1113599337,6.697324521,3.7459611728,1.657304034,2.0886571388,6.2205658263,0.3859475148,0,0.04540559,0.9762201844,4.8129925371,0,0,52.148320084,78.460859473,45.337481588,44.452072584,0.8854090045,8.5135481199,24.609829765,1.9524403688,73.738678116,15.256278231,162.64282328,13.235729477,34.735276329,49.76452661,64.907290866,31.397965466,1.680006829,1.2940593142,5.1308316669,0.5902726696,22.702794986,7.9232754503,2.6335242184,1.1805453393,3.9729891226,0.1362167699,371.37232039,75.918146435,0.3632447198,35.666090924,2.3383878836,3.9275835327,33.622839375,0.8627062095,0.2724335398,0.022702795,0.5221642847,0,0,0,0,0.04540559,12.441131653,0,15.460603386,7.4011111656,7.0378664458,0.2270279499,0.4540558997,0.0908111799,3.7459611728,2.5200102435,85.226292379,2.3610906786,32.056346521,4.2681254575,46.540729722,1.0443285694,76.372202335,2.3837934736,55.485630947,18.411966734,0.0908111799,0,4.4951534073,286.25954198
JUL10,0.1135139749,0.2270279499,0.1362167699,0,0,0.0908111799,0,32.237968881,1.7935208039,15.188169846,2.4064962686,12.849781962,12.713565192,3.314608068,9.3989571244,3.5870416079,1.657304034,1.9297375739,6.6292161361,0.6810838496,0,0.1589195649,1.4529788791,4.3362338424,0,0,55.508333742,73.284622216,43.044499294,41.84125116,1.2032481343,7.2194888057,23.020634116,2.3837934736,84.81764207,15.710334131,162.98336521,14.461680406,29.831472612,50.58182723,68.108384959,51.535344619,1.4983844691,1.2259509293,6.0162406714,0.8854090045,41.909359545,9.8076074342,3.2237968881,1.2259509293,5.1535344619,0.2043251549,400.52270915,82.956012881,0.4767586947,38.640157067,2.7243353984,4.4043422274,36.710419493,0.4540558997,0.1135139749,0,0.2951363348,0.04540559,0,0,0,0,15.460603386,0,16.414120775,7.4465167556,7.3102999857,0.2724335398,1.1124369543,0.0908111799,4.3589366374,1.4756816741,92.309564415,2.1567655237,34.848790304,4.3135310474,50.99047754,1.5437900591,80.186271892,2.9513633482,57.982938396,19.183861764,0.068108385,0,4.9038037171,308.98503977
AUG10,0.068108385,0.04540559,0.022702795,0,0,0.022702795,0,35.779604899,1.3394649042,15.687631336,3.337310863,15.415197796,12.191400908,2.6562270134,9.5351738943,3.2237968881,1.5891956491,1.634601239,8.0367894252,0.5902726696,0,0.1135139749,1.2940593142,6.0389434664,0,0,59.345106095,77.234908544,43.475852399,42.84017414,0.6356782596,8.5816565049,25.17739964,1.7935208039,75.39598215,15.960064876,177.39964002,15.960064876,31.806615776,53.692110143,75.94084923,59.390511685,32.328780061,1.3167621092,5.9481322865,0.9081117995,18.888725429,11.260586313,2.3156850886,4.1092058926,4.5859645873,0.2497307449,418.4352144,94.193896399,0.4313531047,44.179639044,4.0865030976,2.5881186285,42.908282524,0.3632447198,0.04540559,0,0.2043251549,0.068108385,0.022702795,0,0,0.022702795,13.099512707,0,17.867099654,8.42273694,6.9470552659,0.3178391298,0.8854090045,0.1816223599,3.9956919176,1.5664928541,91.673886155,1.657304034,34.939601484,4.6313701772,50.44561046,1.3394649042,76.690041464,3.0648773232,55.008872252,18.548183504,0.068108385,0,4.9492093071,315.54614752
SEP10,0.04540559,0.1362167699,0.0908111799,0,0,0.04540559,0,33.78175894,1.634601239,15.778442516,3.0875801182,13.281135067,9.6032822793,2.2702794986,7.3330027806,3.1329857081,1.3848704942,1.748115214,6.8562440859,0.6356782596,0,0.1135139749,1.5210872641,4.5859645873,0,0,53.555893373,75.03273743,43.589366374,42.930985319,0.6583810546,6.5838105461,24.85956051,2.4746046535,83.22844642,16.57304034,181.48614312,16.913582265,31.534182236,58.45969709,74.578681531,35.393657384,4.3362338424,1.1578425443,4.3362338424,1.680006829,23.883340326,8.0367894252,2.4064962686,0.9762201844,4.4724506123,0.1816223599,402.22541878,87.201435543,0.8173006195,40.728814206,3.337310863,4.0638003026,38.254209552,0.6129754646,0.04540559,0,0.3178391298,0.1135139749,0,0,0.022702795,0.1135139749,12.100589728,0,19.024942199,7.3102999857,6.6065133411,0.3405419248,0.9308145944,0.04540559,3.7686639678,1.5210872641,90.402529636,2.4519018585,34.962304279,4.6086673823,48.379656116,1.0670313644,70.832720358,2.3610906786,50.58182723,17.821694064,0.068108385,0,4.0183947126,299.17743233
OCT10,0.0908111799,0.0908111799,0.04540559,0,0.022702795,0.022702795,0,38.617454272,1.5891956491,16.84547388,4.0865030976,16.096281645,10.874638799,2.9059577583,7.9686810403,3.291905273,1.3848704942,1.9070347789,7.1513804207,0.7037866446,0,0.0908111799,1.0670313644,5.2897512319,0,0,60.117001124,83.251149215,48.742900836,47.653166677,1.0897341594,8.9221984297,25.58604995,2.3383878836,83.59169114,19.388186918,190.81699186,17.730882884,32.147157701,60.684570999,80.254380277,26.675784109,2.6789298084,2.0659543438,4.7448841522,1.2713565192,15.914659286,9.4897683044,2.9740661432,1.1578425443,5.2216428469,0.1362167699,415.55195943,81.230600462,0.5221642847,37.573125703,3.1329857081,4.0638003026,35.938524464,0.7491922346,0.04540559,0.0908111799,0.4540558997,0.0908111799,0,0,0,0.068108385,14.893033511,0,19.161158969,7.1513804207,6.3794853912,0.1589195649,0.9535173894,0,4.2000170725,1.0670313644,91.991725285,2.0659543438,33.986084095,5.2670484369,50.67263841,1.2259509293,80.163569097,3.1102829132,57.528882496,19.501700893,0.022702795,0,4.7221813572,307.66827766
NOV10,0.1135139749,0.1135139749,0.0908111799,0,0,0.022702795,0,37.209880983,1.7708180089,17.322232575,3.8594751477,14.257355252,10.488691284,3.0194717332,7.4692195506,2.8832549633,1.2486537243,1.634601239,6.3567825962,0.3178391298,0,0.068108385,1.1578425443,4.8129925371,0,0,57.165637776,85.021967224,48.879117606,47.630463882,1.2486537243,8.33192576,27.810923858,2.4746046535,89.358201067,18.934131019,191.06672261,18.253047169,31.216343106,55.213197407,86.384134924,30.240122922,1.9070347789,1.9751431638,6.742730111,0.9081117995,18.707103069,8.8086844548,3.428122043,1.5891956491,3.428122043,0.3632447198,425.90443395,82.138712261,1.0216257744,36.347174773,3.5416360179,4.1092058926,37.119069803,0.4540558997,0.04540559,0.04540559,0.2497307449,0.022702795,0,0,0,0.0908111799,11.873561778,0,18.275749964,7.9005726553,6.788135701,0.1135139749,1.0443285694,0.1362167699,3.8367723527,1.657304034,92.899837085,2.4291990636,33.168783475,4.4497478174,52.852106729,1.0216257744,75.21435979,2.7243353984,54.895358277,17.57196332,0.022702795,0,4.8129925371,301.37960345
DEC10,0.1816223599,0.1135139749,0.068108385,0,0.022702795,0.022702795,0,36.733122288,1.7708180089,16.232498415,3.6324471978,15.097358666,8.1503034002,2.8151465783,5.3351568218,2.9967689382,1.3621676992,1.634601239,6.4929993661,0.4767586947,0,0.0908111799,0.9762201844,4.9492093071,0,0,54.668330327,82.706282136,47.312624752,46.268296182,1.0443285694,10.238960539,25.154696845,1.9070347789,78.914915373,16.89087947,181.39533194,16.913582265,32.169860496,53.714812938,78.597076243,26.04010585,1.657304034,0.6356782596,5.3805624118,0.8854090045,17.48115214,7.6508419104,2.4973074485,1.0216257744,4.0183947126,0.1135139749,395.50539146,71.967860107,0.5902726696,32.896349935,3.1102829132,2.6789298084,32.692024781,0.1135139749,0,0,0.068108385,0.04540559,0,0,0,0,14.915736306,0,21.726574802,6.8108384959,6.9697580609,0.2270279499,1.0897341594,0,4.1546114825,1.4983844691,99.370133656,2.5654158335,35.280143409,4.0638003026,57.460774111,0.3632447198,73.534352961,2.2929822936,54.532113558,16.66385152,0.04540559,0,4.5178562023,300.28986929
JAN11,0.0670124809,0.2233749362,0.1786999489,0,0.0223374936,0.0223374936,0,36.432452089,2.0773869064,16.529745277,3.730361434,14.094958472,10.677321949,3.5293239915,7.1479979575,3.1719240936,1.2062246553,1.9656994383,5.3833359617,0.3797373915,0,0.0670124809,1.1838871617,3.7526989277,0,0,55.955421511,84.659100809,49.276510919,48.137298745,1.1392121745,9.7168097234,25.665780166,1.9656994383,75.165666021,16.060657911,170.21170136,16.708445226,25.777467634,53.475959719,74.249828783,15.211833153,1.5859620468,0.3797373915,3.2836115617,0.3127249106,9.6497972426,6.8352730468,2.390111817,0.6254498213,3.5293239915,0.290387417,370.10993174,68.375067962,0.4020748851,32.947803085,2.1667368809,2.7698492085,30.088603902,0.0893499745,0,0,0.0670124809,0.0223374936,0,0,0,0,13.782233562,0,20.394131672,7.2820229192,6.2321607192,0.1786999489,0.8264872638,0.0223374936,3.7973739149,1.4072620979,92.611248536,2.1890743745,32.836115617,3.7973739149,53.78868463,0.3573998979,67.99533057,2.390111817,52.024022634,13.514183638,0.0670124809,0,3.9984113575,281.11735717
FEB11,0.0670124809,0.0223374936,0.0223374936,0,0,0,0,35.427264877,1.7423245021,17.222207579,3.0155616383,13.447171157,9.5827847617,2.0773869064,7.5053978553,3.0825741192,1.5636245532,1.518949566,7.4607228681,0.469087366,0,0.1116874681,1.4072620979,5.4726859362,0,0,55.6426966,78.784339987,45.211087081,44.004862426,1.2062246553,8.1308476766,25.44240523,1.9880369319,65.113793894,17.400907528,163.22006586,14.363008396,25.554092698,48.450023655,74.852941111,23.767093209,1.4742745787,0.9605122255,5.6960608724,0.4020748851,15.234170647,8.2201976511,2.8815366766,0.9381747319,4.1100988255,0.290387417,358.49443506,76.773965562,0.580774834,35.561289838,2.7921867021,4.6015236851,33.238190502,0.2010374426,0.0446749872,0,0.0446749872,0.0670124809,0,0,0.0223374936,0.0223374936,11.459134226,0,18.495444715,7.5947478298,6.0981357575,0.2680499234,0.8488247574,0.0223374936,3.730361434,1.2285621489,78.516290064,2.1667368809,28.055891983,3.9984113575,44.295249843,1.1615496681,62.679007089,1.7423245021,47.176786519,13.759896068,0,0,3.7080239404,266.68733629
MAR11,0.0670124809,0.3573998979,0.2680499234,0,0,0.0893499745,0,41.570075621,1.7423245021,18.227394792,4.2664612809,17.333895047,9.739147217,2.5911492596,7.1479979575,3.2836115617,1.6529745277,1.630637034,8.0861726894,0.5137623532,0,0.0670124809,1.2732371362,6.2321607192,0,0,63.103419468,84.904813238,48.673398592,47.176786519,1.4742745787,7.818122766,28.413291881,2.2560868553,77.712140294,21.823731264,212.65293923,17.04350763,30.714053723,76.483578145,88.411799736,28.726016792,1.7423245021,1.2732371362,6.768260566,0.7147997957,18.227394792,8.5999350426,2.5017992851,1.2508996426,4.6461986723,0.2010374426,436.67566272,84.368713392,0.4244123787,38.487501502,4.0207488511,3.3729615362,38.063089123,0.4244123787,0,0,0.1786999489,0.2233749362,0,0,0,0.0223374936,14.20664594,0,21.511006353,8.3988976,7.1703354511,0.1563624553,1.0721996936,0,4.3781487489,1.5636245532,92.097486183,2.3007618426,34.064677766,4.4674987234,51.264547851,1.1168746809,65.33716883,2.2560868553,49.566898336,13.380158677,0.1340249617,0,4.668536166,299.30007698
APR11,0.1340249617,0.1786999489,0.0670124809,0,0,0.1116874681,0,34.801815055,1.7423245021,15.747933,3.2389365745,14.072620979,9.3147348383,2.390111817,6.9246230213,4.1324363192,2.4571242979,1.6753120213,6.5002106426,0.3797373915,0,0.0446749872,0.9828497192,5.0929485447,0,0,55.061921766,81.598864183,48.248986213,47.266136494,0.9828497192,7.639422817,25.710455153,2.4347868043,86.959862651,20.617506609,187.52325892,16.864807681,28.480304362,59.663445451,82.514701421,24.481893004,1.6753120213,0.6477873149,7.8404602596,0.3797373915,13.938596017,8.5329225617,2.8815366766,1.3625871106,4.1324363192,0.1563624553,412.14909473,80.638351958,0.7818122766,36.566477051,2.1890743745,7.9968227149,33.10416554,0.0223374936,0,0,0,0,0,0,0.0223374936,0,13.782233562,0,18.584794689,7.5500728426,7.1926729447,0.1116874681,0.5584373404,0.0446749872,4.4004862426,2.0773869064,87.294925055,2.4347868043,31.495866,4.4674987234,48.896773528,1.1168746809,80.057577124,2.8368616894,64.600031541,12.5983464,0.0223374936,0,3.5293239915,299.76916434
MAY11,0.1340249617,0.0223374936,0,0,0,0.0223374936,0,35.248564928,1.5412870596,15.837282974,4.0654238383,13.804571055,8.3988976,2.390111817,6.008785783,3.8867238894,2.0773869064,1.809336983,6.2098232255,0.7818122766,0,0.0446749872,1.2732371362,4.1100988255,0,0,53.900372098,84.79312577,48.740411072,47.623536392,1.1168746809,7.818122766,28.234591932,2.8368616894,75.724103362,19.724006864,200.56835519,15.546895557,29.64185403,61.517457421,93.862148179,26.983692289,1.4072620979,1.1392121745,6.9916355021,0.8041497702,16.641432745,7.818122766,2.8368616894,0.9381747319,3.7526989277,0.290387417,418.44826793,78.158890166,0.4020748851,35.159214953,2.2784243489,3.0155616383,37.30361434,0.469087366,0.0223374936,0,0.290387417,0,0,0.0223374936,0.0223374936,0.1116874681,13.179121234,0,19.321931979,6.6342356043,6.8129355532,0.3127249106,0.6477873149,0.0670124809,4.4228237362,1.3625871106,92.745273498,2.4347868043,34.109352753,4.7578861404,51.4432478,1.3625871106,69.134542745,2.1667368809,53.78868463,13.134446247,0.0446749872,0,3.5739989787,291.39260423
JUN11,0.1116874681,0.1340249617,0.0446749872,0,0.0223374936,0.0670124809,0,33.930652804,1.7869994894,15.234170647,3.8420489021,13.067433766,8.4212350936,2.8145241957,5.6067108979,3.3282865489,1.7423245021,1.5859620468,5.8300858341,0.4244123787,0,0.0670124809,0.759474783,4.5791861915,0,0,51.755972711,78.560965051,47.087436545,46.126924319,0.9605122255,7.6170853234,23.856443183,2.8368616894,76.282540702,19.612319396,194.29151948,16.284032847,32.367028251,57.854108468,87.786349915,29.820553979,1.0945371872,0.5584373404,9.6497972426,0.8934997447,17.624282464,9.6944722298,2.9485491575,1.0051872128,5.4950234298,0.2457124298,411.09923253,83.18482623,0.9381747319,38.063089123,2.8368616894,3.3059490553,38.04075163,0.5584373404,0.1340249617,0.0670124809,0.3127249106,0,0,0,0.0223374936,0.0223374936,11.771859136,0,18.249732285,6.589560617,7.058647983,0.2010374426,1.1615496681,0.0223374936,4.1547738128,1.518949566,86.669475234,2.4124493106,30.714053723,4.1771113064,49.365860894,1.7199870085,62.120569749,2.1890743745,47.154449026,12.754708855,0.0223374936,0,4.1994488,282.12254438
JUL11,0.1116874681,0.1116874681,0.0446749872,0,0.0223374936,0.0446749872,0,35.717652294,1.7423245021,15.859620468,3.8643863958,14.251320928,8.2648726383,2.9038741702,5.3609984681,3.0155616383,1.5636245532,1.4519370851,5.4950234298,0.7371372894,0,0.1116874681,1.0051872128,3.6410114596,0,0,52.716484936,72.775554204,44.406937311,43.580450047,0.8264872638,5.539698417,22.828918477,2.7475117149,82.961451294,18.919857094,177.11398689,15.144820672,29.530166562,57.094633685,75.34436597,24.124493106,1.0945371872,1.340249617,5.8300858341,0.6701248085,15.18949566,8.689285017,3.5963364723,1.1392121745,3.8197114085,0.1340249617,387.33213932,85.351563111,0.290387417,40.542550915,3.1719240936,3.0825741192,38.264126566,0.0670124809,0,0,0.0670124809,0,0,0,0,0,12.553671413,0,18.495444715,6.3885231745,6.589560617,0.290387417,0.6031123277,0.1563624553,4.3111362681,1.2285621489,95.716160149,2.1220618936,34.020002779,4.8695736085,54.704521868,0.6701248085,69.179217732,3.0155616383,51.979347647,14.161970953,0.0223374936,0,4.9142485958,299.9255268
AUG11,0,0.2457124298,0.1563624553,0,0,0.0893499745,0,36.99088943,1.6082995404,16.708445226,4.2441237872,14.430020877,9.9625221532,2.5241367787,7.4383853745,2.859199183,1.4072620979,1.4519370851,7.1926729447,0.6254498213,0,0.0670124809,1.2285621489,5.2716484936,0,0,57.250996141,75.433715945,47.288473987,46.484324217,0.8041497702,6.2098232255,21.935418732,2.9038741702,84.190013443,16.686107732,174.32180019,15.680920519,30.4460038,53.632322175,74.562553694,33.081828047,1.8316744766,0.6254498213,10.610309468,0.8711622511,19.14323203,9.4264223064,3.0825741192,1.4742745787,4.7802236341,0.0893499745,396.04376183,96.363947464,0.4914248596,44.540962272,2.859199183,3.730361434,44.741999715,0.3350624043,0.0446749872,0,0.1116874681,0.0670124809,0.0223374936,0,0.0223374936,0.0670124809,13.536521132,0,18.562457196,8.8009724851,8.6669475234,0.1563624553,0.9828497192,0,5.4726859362,2.0550494128,92.678261017,2.1890743745,34.176365234,3.7526989277,52.560122481,0.6477873149,70.385442387,2.8145241957,52.694147443,14.876770749,0,0,5.1152860383,315.09268496
SEP11,0.0893499745,0.1563624553,0.0670124809,0,0,0.0893499745,0,36.454789583,1.6976495149,16.172345379,4.4674987234,14.117295966,8.7339600043,2.1890743745,6.5448856298,3.5516614851,1.7646619957,1.7869994894,6.9469605149,0.4914248596,0,0.0893499745,0.9828497192,5.3833359617,0,0,55.933084017,79.7895272,49.723260792,48.762748566,0.9605122255,6.2098232255,23.856443183,3.0155616383,76.840978043,19.545306915,190.67284552,17.021170136,29.351466613,55.955421511,88.344787255,26.268892494,1.2955746298,0.8711622511,6.2321607192,0.9605122255,16.909482668,9.3147348383,2.9038741702,1.2062246553,5.1376235319,0.0670124809,405.44784664,88.791537128,0.6924623021,40.475538434,2.9485491575,4.5791861915,40.095801043,0.4020748851,0.0446749872,0.0446749872,0.1786999489,0,0.0893499745,0,0,0.0446749872,13.045096272,0,19.992056787,8.6446100298,7.0139729958,0.2680499234,0.9381747319,0.0670124809,3.9537363702,1.7869994894,92.789948485,1.8986869575,35.315577409,4.2887987745,51.286885345,1.630637034,68.754805353,2.9932241447,51.286885345,14.340670902,0.1340249617,0,4.0654238383,305.13016281
OCT11,0.0893499745,0.1563624553,0.0446749872,0.0223374936,0.0223374936,0.0670124809,0,39.64905117,1.8316744766,19.031544562,4.9142485958,13.871583536,8.5105850681,2.4347868043,6.0757982638,3.1942615872,1.7869994894,1.4072620979,6.9916355021,0.5584373404,0,0.0446749872,0.9158372383,5.4726859362,0,0,58.591245758,81.08510183,49.901960741,48.829761047,1.0721996936,6.0534607702,25.129680319,2.680499234,86.736487715,19.858031826,199.36213053,16.55208277,28.569654336,60.64629517,93.594098255,27.117717251,1.4072620979,0.8711622511,7.5500728426,1.4742745787,15.814945481,15.904295455,3.1049116128,0.8264872638,11.771859136,0.2010374426,432.74426384,99.066784192,0.9381747319,43.446425085,3.909061383,6.7012480851,44.071874906,0.5360998468,0.0670124809,0,0.4020748851,0.0223374936,0,0,0.0223374936,0.0223374936,12.419646451,0,21.689706302,9.158372383,7.058647983,0.2680499234,1.0051872128,0.0446749872,4.4228237362,1.3179121234,100.25067135,2.0327119192,38.487501502,4.9142485958,54.816209336,1.0051872128,74.450866226,3.1272491064,52.962197366,18.361419753,0,0,4.4451612298,330.08114318
NOV11,0.0670124809,0.1786999489,0.0893499745,0,0.0223374936,0.0670124809,0,41.50306314,1.4966120723,19.567644409,5.2269735064,15.211833153,11.034721847,2.7698492085,8.2648726383,2.3677743234,0.8711622511,1.4966120723,7.818122766,0.580774834,0,0.0670124809,0.8711622511,6.2991732,0,0,62.969394506,82.983788787,52.828172404,51.621947749,1.2062246553,6.768260566,23.387355817,2.9262116638,78.583302545,20.706856583,189.91337073,17.445582515,28.927054234,54.012059566,89.528674417,33.282865489,1.2955746298,0.4914248596,9.0466849149,1.2955746298,21.153606455,9.5604472681,3.2165990809,1.0721996936,5.0929485447,0.1786999489,417.95684307,88.456474724,0.6031123277,39.559701196,3.4623115106,2.9932241447,41.838125545,0.6924623021,0,0,0.3350624043,0.0223374936,0.3127249106,0,0,0.0223374936,12.799383843,0,21.443993872,8.7116225107,7.1033229702,0.1786999489,1.0498622,0.0446749872,4.2664612809,1.5636245532,105.63400732,2.2784243489,38.35347654,4.7578861404,60.244220285,1.6529745277,78.449277583,3.0602366255,54.793871843,20.483481647,0.1116874681,0,4.7802236341,329.72374328
DEC11,0.0670124809,0.1116874681,0.0446749872,0,0.0223374936,0.0446749872,0,39.09061383,1.7646619957,18.383757247,5.249311,13.692883587,8.4659100809,2.3230993362,6.1428107447,3.1719240936,1.4519370851,1.7199870085,7.3490354,0.4244123787,0,0.1563624553,1.4072620979,5.3609984681,0,0,58.256183353,89.037249558,52.426097519,51.242210358,1.1838871617,8.6446100298,27.966542009,3.2612740681,78.918364949,21.823731264,195.45306915,17.892332387,32.657415668,59.03799563,85.865325464,24.370205536,1.630637034,0.4914248596,5.4726859362,0.8934997447,15.881957962,9.8731721787,3.2389365745,1.1168746809,5.249311,0.2680499234,422.7370667,94.576947975,0.8934997447,42.329550404,2.9038741702,7.8404602596,40.609563396,0.1786999489,0,0,0.0670124809,0.0893499745,0.0223374936,0,0,0,17.534932489,0,22.739568502,8.7562974979,6.9469605149,0.2457124298,1.0275247064,0.0670124809,4.1547738128,1.4519370851,110.235531,2.7698492085,40.877613319,3.9313988766,62.656669596,0.9828497192,87.898037383,2.9038741702,57.340346115,27.497454643,0.1563624553,0,3.3952990298,353.24512406
JAN12,0.1751050138,0.1751050138,0.0437762534,0,0,0.1313287603,0,38.194781126,2.1669245453,16.656864434,4.2462965837,15.124695564,9.1930132224,2.9330089805,6.2600042419,3.5896527821,1.9042670246,1.6853857574,7.1355293107,0.4596506611,0,0.0875525069,0.9630775757,5.625248567,0,0,58.463186469,93.418524841,53.647798591,52.268846607,1.3789519834,10.94406336,28.82666289,2.889232727,80.964180737,23.310854957,187.31858847,19.0864465,30.074286113,61.987174871,76.170680986,24.383373166,1.0506300826,0.8098606886,7.8797256192,0.941189449,13.701967327,9.4337826163,2.8235683469,0.941189449,5.4063672998,0.2626575206,421.71853751,75.864247212,0.3064337741,35.042890879,2.9330089805,1.9480432781,35.6338703,0.2626575206,0,0,0.2407693939,0,0,0,0.0218881267,0,11.841476556,0,23.179526196,7.9672781261,7.0917530573,0.2188812672,0.7879725619,0.0437762534,4.5089541043,1.5321688704,100.42272539,2.8016802202,38.479326774,4.5089541043,54.632764293,1.4008401101,77.746626109,2.7579039667,50.474020216,24.42714942,0.0875525069,0,4.7059472448,310.48307752
FEB12,0.0437762534,0.1969931405,0.1313287603,0,0.0437762534,0.0218881267,0,36.224849722,1.4665044902,16.153437519,4.0930796966,14.511828015,11.556930908,2.5609108262,8.9960200819,3.5239884019,1.9918195315,1.5321688704,7.3544105779,0.4377625344,0,0.0218881267,1.3789519834,5.5158079334,0,0,58.900949004,88.034045668,51.064999638,49.861152668,1.2038469696,10.046650164,26.922395866,2.6922395866,73.281448259,23.048197436,190.57991935,16.678752561,30.468272394,58.835284623,84.597609773,24.536590053,3.1081139942,0.8317488154,4.6621709914,0.5034269146,15.431129338,9.4775588698,3.1956665011,1.1162944627,4.9467166387,0.2188812672,411.64999922,84.663274153,0.5253150413,37.341144184,3.1956665011,3.9617509363,39.63939749,0.2626575206,0.0656643802,0,0.1751050138,0,0,0,0,0.0218881267,11.272385261,0,20.815608511,8.4269287872,6.3037804954,0.1313287603,0.941189449,0.0218881267,3.9398628096,1.2695113498,90.48551586,2.2325889254,38.194781126,4.0055271898,46.052618619,0.700420055,70.304663025,2.889232727,44.826883523,22.566658648,0.0218881267,0,4.530842231,297.7660759
MAR12,0,0.1094406336,0.0656643802,0,0.0218881267,0.0218881267,0,38.763872421,1.5540569971,16.48175942,4.9686047654,15.759451238,9.1273488422,2.3639176858,6.7634311565,3.3926596416,1.8386026445,1.5540569971,6.6102142694,0.8098606886,0,0.1313287603,0.8536369421,4.8153878784,0,0,58.003535808,93.571741728,58.747732116,57.631437654,1.1162944627,8.4050406605,26.418968951,2.9986733606,78.031171757,27.776032808,218.20273527,16.831969448,32.657085066,69.210256689,99.503424069,31.956665011,1.2038469696,0.941189449,10.243643305,0.6128675482,18.95511774,9.6526638835,3.3488833882,1.3570638566,4.7278353715,0.2188812672,462.18968382,88.471808202,0.5690912947,40.449258179,3.0643377408,4.8372760051,39.551844983,0.4815387878,0,0.0218881267,0.2188812672,0.0656643802,0.0656643802,0,0.0218881267,0.0875525069,10.265531432,0,21.581692946,9.4118944896,8.0767187597,0.5034269146,1.094406336,0.0656643802,4.7278353715,1.6853857574,98.255800846,2.2107007987,39.026529942,4.3557372173,52.662832888,1.1600707162,69.845012364,3.130002121,45.352198564,21.319035425,0.0437762534,0,6.1286754816,313.67874402
APR12,0.153216887,0.1969931405,0.153216887,0,0,0.0437762534,0,34.23303019,1.4008401101,15.365464957,3.6334290355,13.833296087,7.4200749581,1.9699314048,5.4501435533,3.5458765286,1.9042670246,1.641609504,6.0630111014,0.547203168,0,0.0875525069,0.8536369421,4.5746184845,0,0,51.612202806,91.404817183,55.92416377,54.85164556,1.0725182093,8.8646913216,26.615962092,2.8673446003,73.018790738,23.442183717,200.56090514,16.503647547,28.848551017,60.236124733,94.972581838,26.681626472,1.8604907712,0.6785319283,7.7921731123,1.1600707162,15.190359944,9.1930132224,3.1956665011,1.1162944627,4.7497234982,0.1313287603,427.16868107,71.377181234,0.9193013222,32.941630714,2.4952464461,2.3858058125,32.63519694,0.0218881267,0,0,0,0.0218881267,0,0,0,0,9.2367894758,0,18.911341486,6.8290955366,7.2230818176,0.3720981542,1.3789519834,0,4.377625344,1.094406336,91.142159662,2.2982533056,37.10037479,4.2025203302,47.541011236,0.700420055,67.743752198,3.2394427546,44.060799087,20.443510356,0,0,3.5021002752,276.68780987
MAY12,0.1094406336,0.0875525069,0.0875525069,0,0,0,0,33.773379529,1.7729382643,14.730709283,3.9617509363,13.307981046,8.1423831398,1.9480432781,6.1943398618,3.8960865562,2.4295820659,1.4665044902,7.2011936909,0.4158744077,0,0.0875525069,1.1819588429,5.5158079334,0,0,53.210036056,86.28299553,52.837937902,51.809195946,1.0287419558,7.1355293107,26.309528317,2.582798953,87.289849359,22.938756803,201.72097585,16.109661266,34.386247077,56.361926304,94.863141204,31.672119364,1.2038469696,1.0068538291,6.9385361702,0.6347556749,21.88812672,10.243643305,3.3926596416,1.1600707162,5.4501435533,0.2407693939,442.73113917,99.941186604,0.8974131955,44.936324156,2.9330089805,6.7853192832,44.389120988,0.3720981542,0,0,0.3502100275,0,0,0,0,0.0218881267,10.221755178,0,18.145257051,6.4569973824,8.7114744346,0.2188812672,1.4008401101,0.1094406336,5.078045399,1.9042670246,90.835725888,1.8167145178,37.494361071,4.8372760051,46.687374294,0.7223081818,71.114523713,2.8235683469,46.534157407,21.75679796,0,0,5.3625910464,311.88391763
JUN12,0.0656643802,0.1313287603,0.0656643802,0,0,0.0656643802,0,31.30002121,1.7291620109,12.826442258,4.1587440768,12.585672864,7.5514037184,2.1231482918,5.4282554266,3.6990934157,2.3639176858,1.3351757299,6.3694448755,0.5253150413,0,0.0218881267,1.0506300826,4.771611625,0,0,49.11695636,77.856066743,46.731150547,46.030730492,0.700420055,6.8290955366,24.295820659,2.73601584,66.189695201,25.390226995,185.50187395,15.343576831,28.957991651,54.91730994,86.28299553,24.120715645,0.8317488154,0.547203168,6.3037804954,0.5690912947,15.868891872,8.1204950131,2.342029559,1.2038469696,4.5089541043,0.0656643802,389.91508939,87.574395007,0.6347556749,39.880166884,2.5390226995,4.4651778509,40.055271898,0.6128675482,0.1313287603,0.0218881267,0.3283219008,0.0437762534,0,0,0,0.0875525069,11.644483415,0.0218881267,18.101480797,6.7634311565,8.1861593933,0.4377625344,1.2257350963,0.1969931405,4.5965066112,1.7291620109,88.428031949,2.2325889254,36.027856581,4.6621709914,45.505415451,0.2407693939,71.464733741,2.7141277133,46.534157407,22.172672367,0.0437762534,0,4.5965066112,297.63474714
JUL12,0.1094406336,0.1094406336,0.0656643802,0,0,0.0437762534,0,33.773379529,1.5759451238,14.774485536,4.0493034432,13.373645426,8.6676981811,2.582798953,6.0848992282,2.8673446003,1.488392617,1.3789519834,6.6758786496,0.5909794214,0,0.0656643802,1.2038469696,4.8153878784,0,0,52.203182227,76.302009746,44.301568481,43.404155286,0.8974131955,7.266858071,24.733583194,2.3201414323,74.222637708,22.107007987,186.26795839,14.139729861,26.878619612,53.604022337,91.645586577,22.741763662,1.4227282368,0.5253150413,5.1655979059,0.8317488154,14.796373663,8.6676981811,2.9767852339,0.9193013222,4.6621709914,0.1094406336,392.6292171,100.48838977,0.6785319283,45.264646057,3.1956665011,5.2969266662,46.052618619,0.1969931405,0,0,0.1313287603,0.0437762534,0,0.0218881267,0,0,12.454344104,0,19.874419062,6.3913330022,7.6170680986,0.153216887,1.0506300826,0.0437762534,4.6402828646,1.7291620109,93.287196081,2.0574839117,38.479326774,4.7497234982,48.000661897,0.8536369421,74.441518975,3.2394427546,46.906255561,24.186380026,0.1094406336,0,5.0342691456,320.63916832
AUG12,0.0875525069,0.1969931405,0.0875525069,0,0,0.1094406336,0,35.217995892,1.2695113498,15.168471817,4.5965066112,14.183506115,9.0179082086,2.1231482918,6.8947599168,3.0862258675,1.7729382643,1.3132876032,7.5732918451,0.5909794214,0,0.1313287603,1.3570638566,5.4939198067,0,0,55.179967461,75.864247212,46.118282999,45.067652916,1.0506300826,5.625248567,24.120715645,2.6046870797,79.497676247,21.056377905,176.57151825,14.380499255,29.505194819,50.430243963,82.255580214,27.206941513,2.3858058125,0.4158744077,10.309307685,0.5253150413,13.570638566,10.287419558,3.5677646554,1.0068538291,5.6033604403,0.1094406336,393.08886776,113.90581145,3.7866459226,49.883040795,3.1737783744,5.5595841869,51.502762172,0.153216887,0,0,0.1094406336,0,0,0,0.0218881267,0.0218881267,11.929029062,0,21.778686086,7.2011936909,9.4337826163,0.3283219008,1.3351757299,0.153216887,5.866017961,1.7510501376,94.447266797,2.0137076582,37.888347352,5.625248567,48.919963219,1.1162944627,80.022991288,3.0862258675,47.541011236,29.373866058,0.0218881267,0,5.4063672998,345.39463964
SEP12,0.1313287603,0.1313287603,0.0656643802,0,0,0.0656643802,0,35.611982173,1.5102807437,16.262878153,4.8810522586,12.957771018,11.556930908,2.7797920934,8.7771388147,3.5677646554,1.8823788979,1.6853857574,6.3037804954,0.2845456474,0,0.0875525069,0.8755250688,5.0561572723,0,0,57.303115753,76.083128479,45.965066112,44.870659776,1.094406336,6.5226617626,23.595400604,2.9111208538,72.821797597,20.180852836,178.30068026,15.124695564,28.345124102,48.854298839,85.976561756,26.068758924,1.9699314048,0.2188812672,7.3544105779,0.4596506611,16.065885012,8.4269287872,3.0424496141,0.700420055,4.5089541043,0.1751050138,384.79326774,92.95887418,0.393986281,43.9075822,2.0137076582,3.3051071347,43.338490906,0.0218881267,0,0,0.0218881267,0,0,0,0,0,12.038469696,0,22.632323028,7.5732918451,6.9166480435,0.1313287603,0.8974131955,0.0437762534,4.7278353715,1.1162944627,94.578595557,1.9699314048,37.800794845,4.6621709914,50.145698316,0.3283219008,74.332078341,3.3926596416,47.344018095,23.551624351,0.0437762534,0,5.9535704678,317.33406119
OCT12,0.0656643802,0.153216887,0.1094406336,0,0,0.0437762534,0,37.10037479,1.488392617,17.094626968,5.2969266662,13.220428539,9.9590976576,2.7797920934,7.1793055642,4.4432897242,2.7141277133,1.7291620109,7.4638512115,0.5253150413,0,0.0656643802,1.7729382643,5.0999335258,0,0,59.185494651,93.921951756,56.996681979,55.814723136,1.1819588429,7.507627465,29.417642312,3.3051071347,101.77978925,23.617288731,201.26132519,17.488613249,29.198761044,56.011716276,98.56223462,37.647577958,2.4076939392,0.6128675482,12.191686583,0.5690912947,21.866238593,8.6676981811,2.3858058125,0.7660844352,5.3625910464,0.153216887,470.2007382,116.68560354,2.7797920934,45.11142917,3.436435895,16.941410081,48.416536305,0.153216887,0,0,0.1094406336,0,0,0,0,0.0437762534,9.149236969,0,25.105681348,8.0329425062,10.024762038,0.3502100275,1.7510501376,0.0656643802,6.019234848,1.8386026445,98.015031452,1.7291620109,41.390447628,4.8810522586,50.014369555,0.2845456474,73.500329526,3.5677646554,45.680520465,24.186380026,0.0656643802,0,5.5376960602,346.48904598
NOV12,0.0875525069,0.2626575206,0.153216887,0,0,0.1094406336,0,40.405481925,1.5321688704,18.517355205,4.6621709914,15.693786858,10.068538291,2.188812672,7.8797256192,3.7428696691,1.794826391,1.9480432781,6.960424297,0.4158744077,0,0.1313287603,1.4665044902,4.9467166387,0,0,61.52752421,86.611317431,56.537031318,55.311296221,1.2257350963,6.172451735,23.901834378,3.283219008,76.236345366,25.477779502,207.71832257,18.254697684,32.70086132,55.070526828,101.69223674,54.961086194,0.8098606886,0.6128675482,10.8127346,1.2038469696,41.521776388,10.768958346,3.1518902477,0.9849657024,6.3694448755,0.2626575206,465.05702842,109.74706737,0.8755250688,46.731150547,3.1737783744,12.913994765,46.052618619,0.3283219008,0,0.0437762534,0.2407693939,0,0,0,0.0218881267,0.0218881267,13.526862313,0,24.120715645,7.6170680986,8.602033801,0.1751050138,1.4446163635,0.0656643802,5.7346892006,1.1819588429,104.42825258,2.342029559,41.871986415,4.9904928922,55.223743715,0.4158744077,79.47578812,3.5021002752,50.233250822,25.674772643,0.0656643802,0,6.8728717901,355.13485603
DEC12,0.1751050138,0.1969931405,0.153216887,0,0,0.0437762534,0,39.595621236,2.035595785,18.429802698,5.1874860326,13.942736721,8.4925931674,2.6046870797,5.8879060877,3.6334290355,2.2544770522,1.3789519834,7.7265087322,0.7441963085,0,0.1969931405,1.0068538291,5.7784654541,0,0,59.820250326,85.713904236,55.552065615,54.260666139,1.2695113498,6.2162279885,23.945610632,2.73601584,79.300683107,23.858058125,197.32146238,17.598053883,30.927923055,50.036257682,98.759227761,37.822682972,1.5978332506,1.0725182093,16.722528814,0.8536369421,17.576165756,9.3243419827,3.5021002752,0.6566438016,5.0999335258,0.0656643802,436.07714864,100.61971853,0.5909794214,45.17709355,2.8235683469,4.6183947379,47.409682476,0.2407693939,0,0,0.0656643802,0.0437762534,0,0,0,0.1313287603,17.68560639,0,28.016802202,8.7990269414,8.4488169139,0.3283219008,1.0068538291,0,6.0630111014,1.0506300826,113.90581145,2.5171345728,45.089541043,4.9904928922,61.308642943,0.8098606886,86.720758065,3.983639063,56.274373797,26.440857078,0.0218881267,0,4.6402828646,369.88745344
JAN13,0.107461619,0.1289539428,0.0214923238,0.0214923238,0,0.0859692952,0,34.473687378,1.9772937898,15.452980813,4.6423419412,12.401070834,8.7688681111,2.4071402658,6.3617278453,3.030417656,1.9343091421,1.0961085139,6.8775436165,0.5802927426,0,0.1289539428,0.7092466855,5.4590502456,0,0,53.386932323,84.980648312,52.097392895,50.979792057,1.1176008377,7.1999284735,25.683326943,2.8584790656,75.803426048,23.663048506,201.79142817,18.37593685,30.347161208,55.751087941,97.317242174,36.365011872,3.3313101893,0.7092466855,11.949732034,0.6017850664,19.772937898,9.4996071203,3.7611566653,0.7952159807,4.7498035602,0.1934309142,434.9616491,89.171651453,0.5588004188,40.126168538,3.2668332178,4.5563726459,40.663476633,0.1289539428,0,0,0.107461619,0,0,0,0,0.0214923238,11.820778091,0,26.822420104,8.124098397,7.7372365686,0.2794002094,0.8811852759,0.0644769714,5.20114236,1.3110317519,97.811565621,2.1277400564,39.266475586,5.9748660169,50.442483962,0.5802927426,71.096607136,2.4716172372,46.079542231,22.50246302,0.0429846476,0,4.5563726459,317.8499767
FEB13,0.107461619,0.107461619,0.0429846476,0,0.0214923238,0.0429846476,0,34.495179702,1.1820778091,16.119242851,4.8572651792,12.336593862,8.5969295207,2.2996786468,6.2972508739,3.3098178655,1.7838628755,1.5259549899,5.416065598,0.4943234474,0,0.1289539428,0.9456622473,3.8471259605,0,0,52.032915924,81.176506999,52.484254724,51.5600848,0.9241699235,5.8674043978,22.824847877,2.2996786468,64.584433024,23.641556182,181.39521289,15.904319613,28.455836713,49.926668191,87.108388368,36.622919758,2.6650481514,0.4513387998,17.408782279,0.9886468949,15.109103633,8.446483254,2.9444483608,0.5588004188,4.7283112364,0.214923238,398.16679075,83.347231703,0.7092466855,36.880827644,2.9874330084,3.6751873701,39.094536995,0.2794002094,0.0644769714,0.0429846476,0.1289539428,0.0214923238,0,0,0,0.0214923238,10.445269368,0,21.148446621,6.2757585501,7.4148517116,0.2364155618,0.7737236569,0,5.1366653886,1.2680471043,84.335878598,1.8913244945,34.344733435,4.878757503,43.221063165,1.1176008377,63.144447329,2.8799713894,40.08318389,20.159799726,0.0214923238,0,4.9002498268,282.40913475
MAR13,0.0214923238,0.2364155618,0.1719385904,0,0.0429846476,0.0214923238,0,37.590074329,1.7193859041,17.774151784,4.9002498268,13.196286814,10.875115844,2.815494418,8.0596214256,3.7826489891,1.7193859041,2.063263085,6.9850052355,0.4728311236,0,0.1289539428,0.9456622473,5.4375579218,0,0,59.490752283,89.687467224,59.555229254,58.609567007,0.9456622473,5.6739734836,24.458264486,2.6220635038,68.302605042,24.845126315,187.13366334,15.990288908,28.864190866,56.632273217,85.646910349,37.138735529,3.6751873701,0.7737236569,9.5640840917,0.7092466855,22.416493725,9.3276685299,2.9444483608,0.7307390093,5.4375579218,0.214923238,419.05732948,95.490394651,0.429846476,41.716600499,2.6865404752,6.6841127023,43.973294498,0.2794002094,0,0,0.214923238,0.0214923238,0,0,0.0214923238,0.0214923238,12.229132243,0,24.135879629,7.9736521304,7.6512672734,0.107461619,0.8596929521,0.1934309142,5.0721884172,1.4184933709,95.14651747,2.2137093516,38.707675167,4.7927882078,49.432344744,1.0531238663,77.178934772,3.5677257511,50.700391848,22.78186323,0.1289539428,0,7.5652979782,328.70360022
APR13,0.1289539428,0.0859692952,0.0644769714,0,0,0.0214923238,0,30.476115151,1.5259549899,13.110317519,4.9647267982,10.875115844,8.6399141683,1.7408782279,6.8990359403,2.7940020942,1.5259549899,1.2680471043,6.1038199597,0.3438771808,0,0.1719385904,0.8167083045,4.771295884,0,0,48.228774611,78.769366733,50.979792057,49.905175867,1.0746161901,4.878757503,22.910817173,2.385647942,70.795714603,22.201570487,180.92238176,15.538950109,29.530452903,51.946946629,83.906032122,28.563298332,1.2680471043,0.3653695046,10.273330777,0.8382006283,15.818350318,8.0381291018,2.9659406846,0.9241699235,3.9975722271,0.1504462666,391.67610896,87.452265549,0.7307390093,38.686182843,2.8584790656,3.2238485702,41.953016061,0.1719385904,0.0214923238,0.0429846476,0.0644769714,0,0,0,0,0.0429846476,11.713316472,0,20.159799726,8.4034986064,8.2960369874,0.1504462666,0.5802927426,0.0859692952,3.4172794845,4.0620491985,86.850480482,2.063263085,35.892180749,5.7169581312,43.178078517,0.3438771808,70.38736045,3.1163869512,47.390573983,19.72995325,0.1504462666,0,5.2656193314,299.04419338
MAY13,0.107461619,0.1934309142,0.107461619,0,0,0.0859692952,0,32.238485702,1.6119242851,14.184933709,5.2226346838,11.218993024,11.111531405,2.9659406846,8.1455907208,3.0519099798,1.5259549899,1.5259549899,5.2226346838,0.5158157712,0,0.0429846476,1.0531238663,3.6107103987,0,0,51.925454305,77.888181457,49.647267982,48.852052001,0.7952159807,5.3730809504,22.867832525,2.4716172372,66.002926395,21.320385211,188.59514136,15.517457785,31.099392541,57.083612017,84.894679016,43.951802174,1.6119242851,1.0316315425,17.043412775,1.3755087233,22.889324849,10.617207958,4.3199570841,1.2465547805,4.878757503,0.1719385904,410.84726179,113.45797735,0.9456622473,48.723098058,3.3528025131,7.1354515021,53.300963028,0.2794002094,0,0.0214923238,0.1934309142,0.0214923238,0,0,0,0.0429846476,13.067332871,0,22.352016754,8.1670830446,8.5754371969,0.3008925332,1.0531238663,0.0859692952,3.6966796939,3.4387718083,90.611637148,2.2137093516,37.525597358,6.1897892549,44.682541184,0.5158157712,66.948588642,3.030417656,43.822848232,20.052338107,0.0429846476,0,5.6094965122,329.5847855
JUN13,0.0214923238,0.214923238,0.0859692952,0.0214923238,0.0859692952,0.0214923238,0,31.615208312,1.3325240757,13.110317519,5.8244197502,11.347946967,8.2100676922,2.4501249134,5.7599427788,3.6536950463,1.8483398469,1.8053551993,5.5665118646,0.4513387998,0,0.0859692952,0.9026775997,4.1265261699,0,0,49.281898477,76.297749496,48.400713201,47.519527925,0.8811852759,5.7169581312,22.180078163,2.2996786468,61.639984663,22.180078163,180.72895085,14.292395328,30.368653532,57.148088989,78.919813,36.558442787,1.2895394281,0.5802927426,10.896608167,0.6662620379,23.125740411,8.7903604349,3.7826489891,0.7522313331,4.1050338461,0.1504462666,388.49524504,90.031344405,0.4083541522,40.921384518,2.493109561,3.3313101893,42.877185984,0.1934309142,0.0429846476,0.0214923238,0.0859692952,0,0,0.0214923238,0,0.0214923238,12.615994072,0,21.277400564,8.339021635,7.7372365686,0.2364155618,1.0531238663,0.0214923238,2.9014637132,3.5247411035,93.749516423,2.2352016754,38.019920805,6.5336664357,46.960727507,0.5802927426,66.282326604,3.3528025131,43.457478727,19.321599098,0.1504462666,0,6.1038199597,306.91038389
JUL13,0.0859692952,0.107461619,0.0429846476,0,0.0214923238,0.0429846476,0,31.20685416,1.7623705517,12.5515171,5.20114236,11.691824148,9.0482683205,2.1062477326,6.9420205879,3.1593715988,1.6119242851,1.5474473137,5.2656193314,0.4513387998,0,0.1289539428,0.9241699235,3.7611566653,0,0,48.873544325,75.953872315,44.145233089,43.414494079,0.7307390093,6.8775436165,24.93109561,2.1492323802,75.029702391,21.535308449,187.21963264,13.475687024,27.488682142,57.277042931,88.978220539,38.406782634,2.60057118,0.7307390093,15.904319613,1.8913244945,17.279828337,11.412423939,3.6966796939,1.7623705517,5.8888967216,0.0644769714,411.70695474,118.72359668,0.7092466855,52.785147257,3.3528025131,5.4590502456,56.417349979,0.2364155618,0,0,0.1719385904,0,0,0,0.0214923238,0.0429846476,16.635058622,0,22.566939992,7.6297749496,10.337807749,0.2794002094,1.5904319613,0.0859692952,3.2023562464,5.1796500362,92.782361852,1.8698321707,39.825276004,5.523527217,45.563726459,1.8913244945,80.574721932,3.3098178655,47.755943487,29.422991284,0.0859692952,0,7.0064975593,358.38449939
AUG13,0.107461619,0.107461619,0.0859692952,0,0,0.0214923238,0,33.528025131,1.5904319613,14.550303214,5.5450195408,11.842270415,9.8864689488,3.030417656,6.8560512927,3.3742948369,2.1277400564,1.2465547805,5.6524811598,0.3653695046,0,0.1719385904,0.9886468949,4.1265261699,0,0,52.656193314,65.723526185,41.480184937,40.749445928,0.7307390093,3.9975722271,20.245769021,2.3641556182,71.827346145,19.386076069,174.77557715,13.690610262,25.511388353,50.614422553,84.959155988,28.520313685,1.3970010471,0.3438771808,9.7575150059,0.8167083045,16.205212146,10.359300072,3.3528025131,1.2250624567,5.738450455,0.0429846476,372.95629493,130.80228266,0.9241699235,58.781505597,4.0190645509,4.2554801127,62.822062472,0.1504462666,0.0214923238,0,0.0644769714,0,0,0,0,0.0644769714,15.452980813,0,24.415279839,7.7587288924,8.2100676922,0.2794002094,0.9456622473,0.0429846476,3.2238485702,3.7181720177,108.02041943,1.8698321707,45.778649697,6.9420205879,53.429916971,0.6662620379,87.774650406,3.5462334273,53.429916971,30.798500008,0,0,6.6411280547,389.89224609
SEP13,0.0644769714,0.214923238,0.1719385904,0,0,0.0429846476,0,33.141163302,1.7623705517,13.9055335,6.0393429883,11.433916262,10.40228472,2.0417707612,8.3605139588,3.7396643415,2.1922170278,1.5474473137,6.2972508739,0.7737236569,0,0.1504462666,1.1820778091,4.1910031413,0,0,53.859763447,62.564154587,40.856907547,39.868260652,0.9886468949,3.6107103987,18.096536641,1.9343091421,67.808281594,18.053551993,168.0484798,14.743734128,25.339449762,45.90760364,82.057692275,32.28147035,1.3540163995,0.6232773902,10.810638872,0.7952159807,18.698321707,8.553944873,3.2883255416,1.1820778091,4.0190645509,0.0644769714,359.24419234,109.54637442,0.7522313331,48.465190173,3.3098178655,5.8244197502,51.194715295,0.1719385904,0,0,0.0859692952,0.0644769714,0,0,0,0.0214923238,13.346733081,0,23.706033153,9.2416992347,8.3605139588,0.1504462666,0.8596929521,0.0214923238,3.7611566653,3.5677257511,99.380505259,2.4501249134,39.116029319,7.5223133306,50.292037696,0.537308095,80.875614466,3.5892180749,50.098606782,27.166297285,0.0214923238,0,7.2214207973,352.38814105
OCT13,0,0.107461619,0.0644769714,0,0,0.0429846476,0,33.893394635,1.3970010471,14.184933709,7.0279898831,11.283469996,10.918100491,3.2238485702,7.694251921,2.5790788562,1.5474473137,1.0316315425,6.8560512927,0.6232773902,0,0.2579078856,1.3325240757,4.6423419412,0,0,54.354086894,65.616064566,43.350017108,42.296893242,1.0531238663,3.7181720177,18.547875441,2.063263085,66.948588642,17.623705517,178.25733361,17.043412775,28.864190866,43.393001755,88.956728215,30.777007684,1.5474473137,0.6877543617,12.573009424,1.6764012565,14.292395328,8.5969295207,3.2668332178,1.2035701329,4.0190645509,0.107461619,369.88289263,124.26861622,0.9886468949,54.977364285,4.5563726459,6.3402355215,57.405996874,0.2364155618,0,0,0.0859692952,0,0.0644769714,0,0,0.0859692952,13.669117938,0,26.285112009,8.3175293112,10.23034613,0.322384857,1.2035701329,0,4.2769724365,4.4274187031,104.08732417,1.6764012565,42.963155279,6.8775436165,52.570224019,0.9241699235,77.458334981,3.4817564559,46.616850326,27.338235876,0.0214923238,0,7.9736521304,373.45061838
NOV13,0.0644769714,0.0859692952,0.0429846476,0.0214923238,0,0.0214923238,0,35.806211454,1.5904319613,16.656550946,5.2871116552,12.272116891,9.9294535964,2.815494418,7.1139591783,2.6650481514,1.6119242851,1.0531238663,6.4047124929,0.3008925332,0,0.3008925332,1.6764012565,4.1265261699,0,0,54.955871961,65.616064566,43.435986403,42.662262746,0.7737236569,3.9975722271,18.182505936,2.4071402658,66.71217308,18.354444527,175.69974708,16.312673765,30.411638179,44.274187031,84.701248102,29.014637132,1.4829703423,0.7952159807,13.0028559,0.7522313331,12.981363576,8.8118527587,3.3098178655,0.9026775997,4.5133879983,0.0859692952,366.61605941,115.45676346,0.6017850664,51.431130857,3.9116029319,4.771295884,54.740948723,0.3008925332,0,0.0429846476,0.1289539428,0.0429846476,0.0644769714,0,0,0.0214923238,14.614780185,0,27.037343342,7.2858977688,9.9939305678,0.322384857,1.5259549899,0.0644769714,3.2883255416,4.7927882078,112.5123151,2.5575865324,42.834201337,9.1557299395,57.964797293,1.1605854853,77.307888714,2.7940020942,48.465190173,26.0057118,0.0429846476,0,7.2429131211,372.91331028
DEC13,0.0859692952,0.1934309142,0.1504462666,0,0,0.0429846476,0,35.225918711,1.9343091421,16.549089327,4.5993572935,12.143162948,8.8118527587,2.5575865324,6.2542662263,2.7940020942,1.5689396375,1.2250624567,5.7169581312,0.644769714,0,0.2579078856,1.0961085139,3.7181720177,0,0,52.828131904,65.444125976,43.13509387,42.361370213,0.7737236569,3.9116029319,18.397429174,2.4071402658,65.594572243,17.709674813,179.76179628,17.365797632,31.808639226,46.337450116,84.249909302,28.627775304,2.4501249134,0.7952159807,11.390931615,0.6877543617,13.303748433,9.972438244,4.2124954651,1.0316315425,4.5133879983,0.214923238,369.51752312,115.43527114,0.322384857,52.720670285,3.1163869512,4.1265261699,55.149302875,0.1289539428,0,0,0.0429846476,0.0214923238,0,0,0,0.0644769714,15.324026871,0.0214923238,30.024776351,7.7802212162,9.5640840917,0.429846476,1.3540163995,0.0429846476,3.7396643415,3.9975722271,114.66154748,2.6435558276,48.207282287,7.479328683,56.331380684,0.7092466855,82.702461989,3.2238485702,51.989931276,27.424205171,0.0644769714,0,4.7498035602,381.10188565
JAN14,0.0423759967,0.2118799835,0.0847519934,0.0211879984,0.0211879984,0.0847519934,0,32.947337442,1.67385187,15.615554788,4.6825476364,10.975383148,9.2803432795,3.1781997532,6.1021435262,3.0722597615,1.6526638717,1.4195958898,5.7207595558,0.4237599671,0,0.2118799835,1.1441519112,3.940967694,0,0,51.274956019,69.03049864,43.075200656,42.079364733,0.9958359227,5.0215556101,20.933742375,2.4789958075,69.539010601,19.048010521,184.35677369,17.861482613,29.642009699,47.842500286,89.010781089,31.337049567,1.9492958487,0.656827949,12.882303,0.7839559391,15.06466683,8.6658913272,3.7078997121,0.8263319358,3.9197796957,0.2118799835,384.45623015,107.97403962,0.5085119605,47.122108341,3.3900797368,4.8732396216,52.080099957,0.1906919852,0,0,0.0847519934,0.0423759967,0,0,0.0423759967,0.0211879984,13.200122975,0,28.540233784,7.6488674061,8.7294553222,0.2330679819,1.2924678997,0.0211879984,3.1993877516,3.9833436907,114.5846951,2.5213718042,49.304472172,7.0979794489,55.660871678,0.7415799424,75.069078172,3.7502757088,46.338152402,24.959462062,0.0211879984,0,5.0215556101,361.70031992
FEB14,0.1271279901,0.1906919852,0.1271279901,0,0.0211879984,0.0423759967,0,31.760809534,1.4195958898,15.403674804,4.1528476776,10.784691163,11.293203123,4.4071036578,6.8860994654,2.7756277845,1.7374158651,1.0382119194,5.1486836003,0.3178199753,0,0.1483159885,1.2289039046,3.4536437319,0,0,51.296144017,61.106187256,38.77403699,37.968893052,0.8051439375,3.6655237154,18.666626551,2.1611758322,58.966199422,17.691978626,168.7624069,14.768034853,27.81984184,45.109248498,81.065281706,33.243969419,1.8645438552,0.3390079737,15.573178791,0.9110839293,14.55615487,7.8395593913,2.7968157829,0.8263319358,4.0680956842,0.1483159885,349.77147684,103.77881594,0.2330679819,45.617760458,3.5595837236,3.4960197286,50.87238405,0.1483159885,0,0,0.0847519934,0,0.0211879984,0,0,0.0423759967,10.721127168,0,24.874710069,7.7124314012,8.11500337,0.1483159885,1.1865279079,0,2.8180037812,3.9621556924,90.684632959,1.8857318536,38.922352978,7.161543444,42.715004684,1.0593999177,65.110718945,3.4536437319,41.486100779,20.149786436,0.0211879984,0,6.2928355114,318.49799127
MAR14,0.1271279901,0.296631977,0.2118799835,0,0.0211879984,0.0635639951,0,35.595837236,1.7374158651,15.869810768,4.9579916151,13.030618988,10.403307192,2.3094918207,8.0938153716,2.3094918207,1.1229639128,1.1865279079,6.6742194818,0.6144519523,0,0.3390079737,1.4195958898,4.3011636661,0,0,55.406615698,70.619598517,45.554196463,44.240540565,1.313655898,3.3900797368,21.675322317,2.1611758322,63.182611095,19.429394492,189.20882531,17.458910644,31.824373529,48.499328235,91.426212902,38.201961034,1.970483847,0.4025719687,13.00943099,0.9958359227,21.823638306,9.7464792433,4.0469076858,0.6144519523,4.9791796134,0.1059399918,392.55004552,113.05915922,0.7839559391,50.36387209,3.8350277022,4.6613596381,53.414943853,0.0847519934,0,0,0.0423759967,0,0,0,0,0.0423759967,12.013595067,0,27.777465843,10.318555199,10.403307192,0.2330679819,1.3772198931,0.0211879984,3.6019597203,5.1698715986,105.83405178,2.5849357993,42.609064692,7.9031233864,52.736927906,1.7162278668,74.094430247,3.8350277022,50.385060088,19.83196646,0.0423759967,0,8.6235153305,363.92505974
APR14,0.0847519934,0.0847519934,0.0423759967,0,0.0211879984,0.0211879984,0,28.963993751,1.610287875,13.729822934,4.0680956842,9.5557872581,9.0896512943,2.5425598026,6.5470914917,2.987507768,1.313655898,1.67385187,4.5130436496,0.360195972,0,0.1483159885,1.1865279079,2.8180037812,0,0,45.72370045,67.399022767,44.17697657,43.287080639,0.8898959309,5.254623592,17.967422605,2.0340478421,59.389959389,17.819106617,168.06320295,14.026454911,27.480833866,46.083896422,80.472017752,29.408941717,1.4619718865,0.4873239622,15.297734812,0.6356399506,11.526271105,7.225107439,2.7332517878,0.8687079326,3.5172077269,0.1059399918,351.33938872,103.14317599,0.7627679408,45.681324453,2.8815677763,5.7631355526,48.054380269,0.2330679819,0,0,0.2118799835,0,0.0211879984,0,0,0,12.776363008,0,25.362034031,8.3268833535,8.1997553634,0.1059399918,1.1229639128,0.0211879984,2.7332517878,4.2164116726,96.045196543,2.1611758322,42.100552731,7.0556034522,44.727864527,0.7839559391,65.979426877,3.0934477598,42.439560705,20.446418413,0,0,5.8055115493,326.65537064
MAY14,0.0635639951,0.1271279901,0.1059399918,0,0,0.0211879984,0,30.277649649,1.2712799013,14.153582901,4.3223516644,10.530435182,11.505083107,3.4112677351,8.0938153716,2.0340478421,0.9110839293,1.1229639128,5.8690755443,0.5508879572,0,0.1483159885,1.0382119194,4.1316596792,0,0,49.876548128,64.411514999,41.104716809,40.024128893,1.0805879161,4.2164116726,19.090386518,1.6950398684,54.368403779,17.013962679,174.50435445,14.090018906,30.129333661,46.613596381,83.671405504,33.816045375,2.2035518289,1.3560318947,13.984078914,0.8263319358,15.446050801,9.5557872581,3.9833436907,0.9322719276,4.5130436496,0.1271279901,355.36510841,130.85707784,0.5296999589,56.423639619,3.7926517055,9.9583592268,60.15272733,0.1271279901,0,0,0.0847519934,0.0211879984,0.0211879984,0,0,0,14.534966872,0,25.743418001,8.9837113025,9.2803432795,0.2542559803,1.2077159062,0.0635639951,3.4536437319,4.3011636661,100.62180419,2.1399878339,42.799756677,7.0556034522,48.626456225,1.6526638717,73.352850305,3.0510717631,46.952604355,23.222046197,0.1271279901,0,8.4116353469,373.565599
JUN14,0.0847519934,0.1059399918,0.0635639951,0,0,0.0423759967,0,28.794489764,1.1441519112,13.51794295,3.8985916973,10.233803205,8.3692593502,2.330679819,6.0385795312,2.1399878339,1.2289039046,0.9110839293,3.8138397039,0.2118799835,0,0.3390079737,1.017023921,2.2459278256,0,0,43.308268638,60.618863294,38.625721001,37.841765062,0.7839559391,3.1781997532,18.814942539,2.0552358404,58.118679488,16.208818742,167.08855503,13.920514919,27.184201889,46.634784379,79.349053839,29.917453677,1.1653399095,0.2330679819,13.814574927,1.4831598848,13.221310973,9.1744032877,3.3265157417,1.0382119194,4.6189836414,0.1906919852,343.18200936,127.40343411,0.7839559391,56.741459595,3.5595837236,6.1657075213,60.15272733,0.1271279901,0.0211879984,0,0.0635639951,0.0211879984,0,0,0,0.0211879984,15.403674804,0,24.747582079,8.0090633782,9.0048993009,0.2330679819,1.313655898,0.0423759967,2.987507768,4.4282916562,105.02890785,2.6061237977,46.507656389,7.5853034111,48.329824248,1.4619718865,70.492470527,3.1358237565,45.278752485,22.035518289,0.0423759967,0,7.9878753798,369.6670073
JUL14,0.0635639951,0.1059399918,0.0423759967,0,0.0211879984,0.0423759967,0,28.455481791,0.9958359227,13.051806987,4.0469076858,10.360931196,10.106675215,3.0934477598,7.0132274555,2.267115824,1.3348438964,0.9322719276,4.4071036578,0.2330679819,0,0.1695039868,1.1441519112,2.8603797779,0,0,45.405880475,49.664668144,30.108145662,29.6208217,0.4873239622,2.3094918207,17.247030661,2.2247398273,52.41910793,15.043478832,166.00796711,13.00943099,28.98518175,44.367668555,79.645685816,69.729702586,4.0257196874,0.4237599671,14.30189889,0.656827949,50.321496093,8.2421313601,3.4324557335,0.6144519523,4.0469076858,0.1483159885,363.33179579,130.81470184,1.1865279079,57.588979529,3.2417637483,6.8860994654,61.911331193,0.0635639951,0,0,0.0423759967,0,0,0,0,0.0211879984,15.170606822,0,24.027190135,7.2039194407,9.9371712285,0.2754439786,1.1017759145,0,2.9027557746,5.6571955608,99.68953226,1.8645438552,44.812616521,8.2209433617,44.791428522,0.5720759556,67.22951878,2.627311796,41.2106568,23.370362186,0.0211879984,0,6.7589714752,361.46725194
AUG14,0.0635639951,0.1483159885,0.1271279901,0,0,0.0211879984,0,30.235273653,1.3984078914,13.581506946,4.0045316891,11.250827126,10.636375174,3.3265157417,7.3098594325,2.1823638306,1.1229639128,1.0593999177,5.3817515822,0.9110839293,0,0.1695039868,0.5932639539,3.7078997121,0,0,48.647644223,52.41910793,31.146357582,30.362401643,0.7839559391,2.4366198108,18.836130538,2.7968157829,53.436131851,15.636742786,165.24519917,12.437355034,30.976853595,45.956768432,75.874222109,48.9442762,2.1399878339,0.4661359638,14.090018906,0.8898959309,31.358237565,7.9666873815,3.1570117549,0.7627679408,3.8985916973,0.1483159885,346.4449611,142.31978495,1.017023921,63.097859101,3.8350277022,8.0302513765,66.339622849,0,0,0,0,0,0,0,0,0,17.352970653,0,26.294305959,7.2462954374,10.276179202,0.2330679819,1.4195958898,0,3.3688917384,5.254623592,107.12651968,2.8815677763,45.490632468,7.4793634193,51.274956019,0.9322719276,72.293450387,2.8603797779,45.575384462,23.836498149,0.0211879984,0,7.6276794078,391.46945761
SEP14,0.0211879984,0.1483159885,0.1059399918,0,0,0.0423759967,0,30.892101602,1.1865279079,14.598530867,4.3223516644,10.784691163,14.746846855,2.7968157829,11.950031072,2.2459278256,1.4195958898,0.8263319358,4.89442762,0.4661359638,0,0.1906919852,0.6780159474,3.5595837236,0,0,52.948807889,55.999879652,34.727129304,34.091489353,0.6356399506,3.1993877516,18.073362597,2.0976118371,58.266995476,14.577342868,171.66516267,13.412002959,33.498225399,44.325292559,80.429641755,34.26099334,2.2883038223,0.3178199753,14.492590875,1.313655898,15.84862277,9.6193512532,3.8562157006,0.9322719276,4.6825476364,0.1483159885,346.4873371,152.51121216,1.2712799013,64.263199011,4.597795643,8.9625233041,73.4164143,0.1906919852,0,0.0211879984,0.1483159885,0,0,0,0.0211879984,0,14.662094862,0,27.968157829,8.9413353058,11.738151089,0.1483159885,1.5890998766,0.0635639951,4.6189836414,5.3181875871,108.67324356,2.4154318125,48.478140236,9.132027291,48.647644223,1.1017759145,75.132642167,3.8350277022,46.88904036,24.366198108,0.0423759967,0,7.9666873815,408.88599225
OCT14,0.1059399918,0.1483159885,0.0635639951,0,0.0211879984,0.0635639951,0,35.786529222,1.2500919029,16.674954705,5.7843235509,12.077159062,11.123699136,3.284139745,7.8395593913,2.2247398273,1.1441519112,1.0805879161,5.6995715575,0.5508879572,0,0.0635639951,1.0593999177,4.0257196874,0,0,55.088795723,52.948807889,33.413473406,32.269321495,1.1441519112,2.8391917796,16.696142704,2.1823638306,59.728967363,14.174770899,170.86001873,13.984078914,29.74794969,43.732028605,83.395961525,45.935580434,2.7756277845,0.6356399506,17.691978626,0.6356399506,24.196694121,10.254991204,4.1952236743,1.2712799013,4.6825476364,0.1059399918,356.08550035,174.35603846,1.2077159062,75.047890173,5.1698715986,8.0726273732,84.857933412,0.1059399918,0,0,0.0211879984,0,0.0635639951,0,0.0211879984,0,14.407838881,0,29.663197697,10.763503164,13.306062967,0.2542559803,1.5679118783,0.0847519934,4.7249236332,6.6742194818,121.38604258,1.9069198519,49.431600162,9.3439072745,60.703615287,1.3772198931,75.619966129,3.877403699,46.761912369,24.938274064,0.0423759967,0,7.225107439,448.2109172
NOV14,0.0847519934,0.2330679819,0.1695039868,0,0,0.0635639951,0,34.64237731,1.3984078914,16.865646691,5.1486836003,11.229639128,12.543295026,3.4748317302,9.0684632959,2.2035518289,1.3560318947,0.8475199342,5.4453155772,0.7203919441,0,0.1059399918,0.9322719276,3.6867117138,0,0,55.152359718,55.173547716,35.278017261,34.13386535,1.1441519112,2.8391917796,17.056338676,2.5001838059,61.868955196,16.060502753,166.79192305,15.06466683,27.777465843,42.100552731,81.849237645,41.125904807,2.0552358404,0.6780159474,17.310594656,5.4876915739,15.594366789,9.5981632548,3.5172077269,1.0593999177,4.7884876282,0.2330679819,353.11918058,120.34783066,1.2712799013,55.576119685,3.1781997532,6.5894674884,53.732763828,0.0847519934,0,0,0.0847519934,0,0,0,0,0,12.606859021,0,31.527741552,9.9371712285,9.9795472252,0.1906919852,0.8051439375,0,3.4960197286,5.4876915739,107.84691163,2.6484997944,39.791060911,6.7377834769,58.669567445,0.5720759556,63.140235098,3.1570117549,39.134232962,20.806614385,0.0423759967,0,7.0556034522,363.09872781
DEC14,0.2754439786,0.1059399918,0.0635639951,0.0211879984,0,0.0211879984,0,32.184569501,1.3560318947,15.107042827,5.7207595558,10.000735224,9.3439072745,3.2417637483,6.1021435262,2.0128598437,0.9322719276,1.0805879161,4.9791796134,0.4661359638,0,0.1483159885,1.0382119194,3.3265157417,0,0,48.901900203,58.521251456,36.888305136,36.083161199,0.8051439375,3.877403699,17.755542621,1.610287875,59.877283351,16.166442745,167.57587899,14.153582901,32.375261486,40.490264856,80.556769746,33.392285407,0.3390079737,0.3813839704,15.721494779,0.656827949,16.293570735,8.7082673239,3.3477037401,0.9746479243,4.3011636661,0.0847519934,345.85169715,141.02731705,0.953459926,62.716475131,3.284139745,8.6658913272,65.407350922,0.0847519934,0,0,0.0635639951,0,0,0,0.0211879984,0,10.996571146,0,33.286345416,10.318555199,10.360931196,0.2118799835,1.2077159062,0,3.8562157006,5.0851196052,105.45266781,1.5255358816,44.579548539,6.4623394983,52.885243894,0.7203919441,69.920394571,3.1781997532,44.367668555,22.289774269,0.0847519934,0,5.7207595558,387.88868588
JAN15,0.1046530417,0.12558365,0.062791825,0.0418612167,0,0.0209306083,0,29.281921061,1.5279344085,14.483980968,4.2907747088,8.979230976,10.235067476,2.741909692,7.4931577841,2.1349220502,0.8790855501,1.2558365001,5.6931254673,0.37675095,0,0.1674448667,1.1302528501,4.0186768004,0,0,47.575272747,56.303336423,34.723879229,33.593626379,1.1302528501,3.3488973337,18.23055986,1.8000323169,57.266144406,15.656095035,160.76800263,15.363066518,29.17726802,38.700694812,77.526973275,33.886654895,0.12558365,0.12558365,17.497988569,1.9674771835,14.170021843,8.7071330676,3.4116891587,0.7535019001,4.4791501838,0.062791825,334.38739877,133.39076692,0.6069876417,56.533573114,3.244244292,10.444373559,62.561588315,0.3348897334,0,0,0.2302366917,0.0418612167,0.0209306083,0,0,0.0418612167,10.653679643,0,31.019161553,9.9420389594,10.632749034,0.2930285167,1.1930446751,0,3.9768155838,5.1698602589,109.02753882,1.8209629252,48.517150122,6.5094191924,52.180006581,0.7953631168,70.452427658,3.8093707171,45.607795563,20.972469552,0.062791825,0,7.9954923842,384.24410782
FEB15,0.0837224333,0.1046530417,0.062791825,0,0.0209306083,0.0209306083,0,29.491227145,1.0465304168,14.902593135,4.1861216671,9.355981926,10.109483826,2.804701517,7.3047823091,1.7581711002,0.9837385918,0.7744325084,3.9768155838,0.4186121667,0,0.0837224333,0.7744325084,2.7000484753,0,0,45.52407313,56.428920073,33.865724287,32.986638737,0.8790855501,3.5372728087,19.025922977,1.6535180585,49.772986622,18.293351685,156.70746461,14.672356443,28.507488553,41.672841196,71.854778416,34.45178132,0.2511673,0.3348897334,13.876993326,1.6744486668,18.314282294,10.255998084,3.7256482837,0.9418773751,5.4419581672,0.1465142583,327.56402045,135.31638289,1.1511834585,54.628887756,3.0349382087,12.809532301,63.691841165,0.2720979084,0,0,0.0837224333,0,0.0209306083,0,0.0209306083,0.1465142583,9.9001777427,0,28.235390645,8.6443412426,10.925777551,0.2720979084,1.3814201501,0,3.6837870671,5.5884724256,93.350513177,1.5279344085,41.798424846,6.8861701424,43.13798378,0.9209467668,59.756886798,2.8884239503,37.696025612,19.088714802,0.0837224333,0,6.362904934,353.68541965
MAR15,0.1465142583,0.1046530417,0.062791825,0,0,0.0418612167,0,33.82386307,1.4442119752,15.656095035,5.2745133006,11.44904276,11.616487626,3.244244292,8.3722433342,2.4070199586,1.0255998084,1.3814201501,5.5466112089,0.4814039917,0,0.1046530417,1.2767671085,3.6837870671,0,0,53.645149164,58.584772731,36.377397287,35.393658695,0.9837385918,3.558203417,18.649172027,1.8418935335,58.919662465,18.335212902,181.07069271,14.609564618,33.677348812,45.838032255,86.945747026,50.589280347,4.8140399172,0.5651264251,20.218967652,1.5697956252,23.421350728,9.2513288843,3.8093707171,0.7535019001,4.5419420088,0.1465142583,378.59284357,144.44212812,1.4442119752,62.289490407,3.6000646337,10.318789909,66.789571199,0.2511673,0,0,0.1674448667,0,0,0,0.062791825,0.0209306083,10.653679643,0,30.977300337,10.235067476,11.804863101,0.2930285167,1.1302528501,0.0209306083,4.5838032255,5.7768479006,105.38561297,1.9046853585,46.40315868,6.7815171007,50.29625183,1.2558365001,67.312836407,3.558203417,44.77057123,18.963131152,0.0209306083,0,9.0001615843,391.31865344
APR15,0.1465142583,0.188375475,0.12558365,0,0.0209306083,0.0418612167,0,28.256321253,1.3604895418,13.416519943,3.9140237588,9.5652880094,10.025761393,3.1395912503,6.8861701424,2.2186444836,1.0255998084,1.1930446751,4.5000807921,0.5023346001,0,0.12558365,0.9418773751,2.930285167,0,0,45.335697655,57.768479006,35.226213829,34.388989495,0.8372243334,3.9349543671,18.60731081,1.7163098835,52.493965706,14.818870702,165.70762619,14.149091235,29.909839312,42.447273705,79.201421942,33.363389687,0.5232652084,0.3348897334,14.630495227,1.1930446751,16.681694843,8.6234106343,3.7047176754,0.8162937251,3.9977461921,0.1046530417,334.49205181,129.47674316,0.5232652084,55.801001823,2.8256321253,8.2257290759,62.101114932,0.3348897334,0,0,0.1465142583,0.0209306083,0,0,0,0.1674448667,10.821124509,0,26.686525628,9.0838840176,9.1466758426,0.12558365,1.2139752835,0.062791825,2.9512157753,4.7931093088,107.18564529,1.6744486668,51.259059814,7.0536150091,47.198521797,1.4442119752,61.87087824,3.0767994253,39.516988538,19.23522906,0.0418612167,0,5.923362159,361.97394056
MAY15,0.0209306083,0.0837224333,0.0418612167,0,0,0.0418612167,0,29.67960262,1.1930446751,13.793270893,4.5628726172,10.130414434,10.549026601,2.4907423919,8.0582842092,3.0977300337,1.8000323169,1.2976977168,4.1233298421,0.313959125,0,0.0837224333,0.6907100751,3.0349382087,0,0,47.554342138,54.231206197,33.07036117,32.274998053,0.7953631168,2.6163260419,18.544518985,1.7163098835,53.184675781,14.923523743,178.0357545,14.232813668,32.902916304,47.847370655,83.052653876,36.461119721,0.188375475,0.3558203417,19.925939135,1.1930446751,14.797940093,8.2675902926,3.8512319337,0.6488488584,3.6837870671,0.0837224333,346.82018012,152.93995511,1.9256159669,66.684918157,2.6581872586,11.95137736,69.719856366,0.0209306083,0,0,0,0,0,0,0,0.0209306083,10.444373559,0,28.402835511,9.8373859177,10.758332684,0.0837224333,0.9837385918,0.0209306083,3.6209952421,6.048945809,108.16938388,1.7163098835,49.396235672,7.9536311675,49.103207155,0.8162937251,75.643218525,2.9512157753,51.279990422,21.349220502,0.062791825,0,6.551280409,403.58398993
JUN15,0.0209306083,0.1465142583,0.0837224333,0,0,0.0418612167,0.0209306083,30.621479995,2.3860893503,13.939785151,3.9768155838,10.318789909,10.025761393,3.1395912503,6.8861701424,2.7209790836,1.5279344085,1.1930446751,5.0652072172,0.6069876417,0,0.188375475,0.7744325084,3.495411592,0,0,48.600872555,56.261475206,32.923846912,31.856385887,1.0674610251,3.118660642,20.218967652,1.4232813668,52.619549356,16.116568418,177.70086477,12.558365001,35.393658695,45.565934347,84.182906726,32.170345012,0.5232652084,0.1674448667,15.132829827,0.8790855501,15.46771956,8.2257290759,3.9140237588,0.6279182501,3.5791340254,0.1046530417,344.5178132,145.82354827,2.8465627336,62.331351623,3.5791340254,10.381581734,66.684918157,0.7744325084,0,0,0,0.6069876417,0.0418612167,0,0,0.12558365,9.4397043593,0,27.146999011,7.4722271758,11.658348843,0.2511673,1.3604895418,0.0418612167,3.9349543671,6.0698764173,96.741271727,1.6116568418,45.042669138,7.3466435258,42.740302221,1.1930446751,70.368705224,2.5326036086,45.461281305,22.374820311,0,0,10.067622609,380.68590441
JUL15,0.0837224333,0.12558365,0.062791825,0,0.0209306083,0.0418612167,0,26.749317453,1.1093222418,12.244405876,4.1861216671,9.2094676677,9.3141207093,2.1558526586,7.1582680508,1.9256159669,1.1302528501,0.7953631168,5.0652072172,0.3976815584,0,0.12558365,0.8162937251,3.7256482837,0,0,43.26356743,52.180006581,30.788924862,30.05635357,0.7325712917,2.5953954336,18.795686285,1.7581711002,54.419581672,15.070038002,171.40075166,12.95604656,32.044761362,47.219452405,79.180491333,43.556595946,0.3348897334,0.37675095,15.509580777,1.2139752835,26.121399203,9.6280798344,3.5372728087,1.4860731918,4.4582195755,0.1465142583,348.0132248,156.20513001,2.3860893503,70.096607316,3.432619767,8.3303821176,71.959431458,0.062791825,0,0,0.0418612167,0,0,0,0.0209306083,0,11.595557018,0,29.198198628,9.607149226,12.181614051,0.2930285167,1.4023507585,0,4.1023992338,6.3838355423,98.938985602,1.3814201501,46.633395372,7.6187414341,43.305428646,1.2349058918,74.805994191,2.8256321253,47.700856397,24.237644453,0.0418612167,0,8.8745779343,402.70490438
AUG15,0.0837224333,0.1674448667,0.1046530417,0,0.0209306083,0.0418612167,0,31.479634937,1.2139752835,15.34213591,4.4372889671,10.486234776,11.57462641,3.244244292,8.3303821176,2.5535342169,1.4442119752,1.1093222418,5.0652072172,0.439542775,0,0.12558365,0.9418773751,3.558203417,0,0,50.92417008,52.075353539,30.621479995,29.721463837,0.9000161584,2.7209790836,18.73289446,1.8209629252,54.314928631,15.132829827,161.73081061,13.353728118,31.605218587,40.479796521,76.292067383,29.763325053,0.4814039917,0.3558203417,14.672356443,1.0883916334,13.165352643,8.7071330676,3.7465788921,0.6279182501,4.2489134921,0.0837224333,323.54534365,166.02158532,1.1511834585,73.466435258,3.4116891587,8.9583003676,79.033977075,0.0837224333,0,0,0,0,0.0418612167,0,0,0.0418612167,12.32812831,0,32.986638737,8.4768963759,12.32812831,0.5232652084,1.2349058918,0.0209306083,4.0814686254,6.4675579757,108.08566144,1.8628241419,46.926423888,8.9583003676,50.338113047,1.2558365001,89.708587326,4.2698441005,59.966192881,25.472550344,0,0,11.365320326,442.64050508
SEP15,0.1465142583,0.1046530417,0.1046530417,0,0,0,0,31.43777372,1.1930446751,14.379327927,4.4582195755,11.407181543,9.481565576,2.8465627336,6.6350028424,2.679117867,1.4442119752,1.2349058918,4.6256644422,0.5232652084,0,0.1046530417,1.1093222418,2.8884239503,0,0,48.475288905,54.649818364,32.526165353,31.668010412,0.8581549418,2.9721463837,19.151506627,1.9674771835,54.649818364,16.263082677,163.92852448,13.772340285,31.751732845,41.254229029,77.150222325,32.526165353,0.5023346001,0.1465142583,15.823539902,1.4860731918,14.567703402,8.0792148175,3.4744809837,0.5860570334,3.9977461921,0.0209306083,332.06410124,157.10514617,1.7372404919,66.789571199,3.0767994253,10.465304168,75.036230883,0.0209306083,0,0,0,0,0,0,0,0.0209306083,10.067622609,0,37.570441962,8.5187575926,9.9211083511,0.2093060834,1.2349058918,0,3.6209952421,4.8559011339,101.05297704,1.1511834585,46.926423888,8.1001454259,44.875224271,0.7744325084,75.936247041,4.1023992338,50.212529397,21.600387802,0.0209306083,0,9.1257452343,410.09340912
OCT15,0.0837224333,0.1465142583,0.12558365,0,0,0.0209306083,0,34.661087404,1.4860731918,16.179360243,5.1279990422,11.867654926,12.851393518,3.1605218587,9.6908716594,2.5744648253,1.3604895418,1.2139752835,5.3582357339,0.5232652084,0,0.1465142583,1.0883916334,3.6000646337,0,0,55.675418173,61.49412729,37.361135879,36.063438162,1.2976977168,3.181452467,20.951538944,2.0721302252,59.170829765,17.288682485,175.25198359,14.46305036,33.007569345,43.975208113,83.806155776,44.812432446,0.6069876417,0.7325712917,18.963131152,1.5279344085,22.981807952,10.046692001,3.9558849754,0.9209467668,5.1070684339,0.062791825,370.13687781,158.73773362,1.2976977168,69.071007507,3.9140237588,12.600226218,71.854778416,0.0209306083,0,0,0,0,0,0,0,0.0209306083,10.360651126,0.0418612167,44.01706933,10.339720518,11.867654926,0.2930285167,1.5907262335,0.0209306083,4.1442604504,5.8187091173,109.06940004,1.6953792752,47.491550313,10.193206259,49.689264189,0.7535019001,78.050238483,2.867493342,51.928839281,23.191114036,0.062791825,0,11.009499985,434.26826175
NOV15,0.12558365,0.2093060834,0.0837224333,0,0.0209306083,0.1046530417,0,37.193691012,1.5279344085,17.47705796,5.8396397256,12.349058918,12.495573176,3.7884401087,8.7071330676,2.3651587419,1.2139752835,1.1511834585,5.5884724256,0.5860570334,0,0.1674448667,0.9837385918,3.8512319337,0,0,57.97778509,62.352282232,36.858801279,35.45645052,1.4023507585,3.5163422004,21.977138752,1.9465465752,65.63838774,17.184029444,186.13589993,16.409596935,32.923846912,44.289167238,92.513288843,42.593787963,0.7535019001,0.2093060834,27.753986653,0.8372243334,13.039768993,10.067622609,4.2489134921,0.9628079834,4.7303174838,0.12558365,385.91855649,154.69812621,0.9209467668,63.963939074,4.4163583588,13.939785151,71.457096858,0.1046530417,0,0,0.0209306083,0.062791825,0,0,0.0209306083,0,10.193206259,0,42.928677696,10.172275651,11.490903976,0.37675095,1.6744486668,0.062791825,3.1395912503,6.237321284,110.11593045,1.9884077919,48.224121605,8.916439151,50.986961905,1.2558365001,81.043315475,3.5791340254,54.942846881,22.500403961,0.0209306083,0,10.235067476,432.23799274
DEC15,0.12558365,0.2093060834,0.1046530417,0,0,0.0837224333,0.0209306083,36.021576946,1.8000323169,17.267751877,5.4628887756,11.490903976,10.883916334,2.5953954336,8.2885209009,1.9046853585,1.0465304168,0.8581549418,5.1698602589,0.6488488584,0,0.0837224333,0.9000161584,3.5372728087,0,0,54.314928631,56.533573114,37.758817437,36.586703371,1.1721140668,2.0511996169,16.72355606,2.0930608336,58.689425773,16.807278493,175.41942846,15.258413477,37.340205271,38.616972379,84.203837334,43.975208113,0.6069876417,0.3348897334,22.856224302,1.6535180585,18.523588377,10.904846943,5.2117214756,0.6697794667,4.9396235672,0.0837224333,364.42282173,160.66334958,1.2767671085,69.594272716,4.5000807921,12.07696101,73.215267958,0.439542775,0.2093060834,0.0418612167,0.0837224333,0.0418612167,0,0,0,0.062791825,9.5234267927,0,44.77057123,11.428112151,11.679279451,0.4814039917,1.1511834585,0.0209306083,4.1861216671,5.8396397256,112.06247703,1.7581711002,51.468365897,8.5396882009,50.29625183,0.8162937251,85.229437142,3.4744809837,58.166160565,23.526003769,0.062791825,0,9.544357401,446.15684728
JAN16,0.0619175621,0.2476702485,0.165113499,0,0,0.0412783748,0.0412783748,36.820310281,3.8595280396,16.346236403,5.5313022171,11.083243622,10.422789626,3.3229091678,7.0998804578,2.1258362999,1.0732377436,1.0525985562,4.6850955347,0.4540621223,0,0.0412783748,0.8462066825,3.3435483551,0,0,54.363619552,54.095310116,34.013380798,32.589276869,1.424103929,2.2496714241,17.832257894,2.3735065484,61.649252696,16.882855275,172.5023281,17.068607961,33.786349737,37.914187212,83.73318319,54.962155986,0.4953404971,0.3508661854,22.145848056,1.3002688048,30.669832443,8.1937573888,3.611857791,0.5985364339,3.9008064143,0.0825567495,370.65916611,149.65474767,0.6810931835,65.261110487,3.3435483551,9.8655315664,70.503464081,0.0206391874,0.0206391874,0,0,0,0,0,0,0,9.3082735072,0,44.085304238,10.897490935,11.578584119,0.2476702485,1.4860214912,0.0412783748,4.1897550376,5.6138589667,114.96027369,2.0845579251,53.249103434,9.1637991956,50.462813138,0.5985364339,87.551432855,3.281630793,61.112633824,23.095250675,0.0619175621,0,7.1824372073,435.83771985
FEB16,0.0412783748,0.1238351243,0.0412783748,0.0206391874,0.0206391874,0.0412783748,0,40.143219449,1.1970728679,18.802299701,5.8408900278,14.302956853,11.496027369,2.8482078581,8.6478195111,2.3115889863,1.093876931,1.2177120553,6.1504778385,0.3715053728,0,0.0206391874,1.0525985562,4.705734722,0,0,60.266427142,54.239784428,32.444802557,31.206451315,1.2383512426,2.4767024853,19.318279385,2.0432795504,59.33766371,17.605226833,175.94907239,14.963410849,35.004061792,42.908870558,83.072729194,40.328972135,0.3715053728,0.3715053728,19.648506383,3.0752389192,16.862216087,9.1225208208,4.0865591007,0.8462066825,4.0040023512,0.1857526864,358.62651987,138.75725674,1.3002688048,61.876283757,3.9627239765,5.0566009075,66.561379292,0.1238351243,0.0412783748,0,0,0.0412783748,0,0,0.0206391874,0.0206391874,8.4620668247,0,42.723117871,9.9274491285,12.053285428,0.165113499,1.3415471795,0.0619175621,3.6944145406,6.7902926472,101.58608027,1.6511349902,45.550686542,10.443428813,43.940829926,0.9494026194,74.177239434,2.3941457358,52.031391378,19.669145571,0.0825567495,0,10.07192344,398.83165688
MAR16,0.1238351243,0.1031959369,0.0825567495,0,0,0.0206391874,0,38.554002021,1.2177120553,18.905495638,5.3661887181,13.06460561,11.784975992,3.3022699804,8.4827060121,2.6211767969,1.1764336805,1.4447431164,7.0998804578,0.763649933,0,0.1444743116,1.857526864,4.3342293493,0,0,60.287066329,58.904240775,36.490083283,35.561319851,0.928763432,2.7656511086,19.648506383,1.6304958028,58.801044838,18.843578076,192.31594798,15.809617531,39.152538455,48.213141714,89.140650283,38.739754707,0.2889486233,0.9700418067,17.151164711,0.9906809941,19.338918573,10.257676127,4.210394225,0.7430107456,5.0772400948,0.2270310612,379.49273831,149.1181288,0.8668458699,63.135274187,3.7976104774,8.42078845,72.897609817,0.1444743116,0,0,0.0825567495,0.0206391874,0.0206391874,0,0,0.0206391874,8.585901949,0,45.530047355,10.897490935,12.878852923,0.2683094359,1.3415471795,0.0412783748,4.1278374755,7.0998804578,109.5528066,1.8368876766,47.511409343,10.980047685,49.224461895,0.9081242446,79.192561967,3.3641875425,53.558691244,22.228404805,0.0412783748,0,11.268996308,428.07738539
APR16,0.0825567495,0.0825567495,0.0206391874,0,0,0.0619175621,0,33.002060616,1.25899043,15.58258647,4.1897550376,11.970728679,15.50002972,3.7769712901,11.72305843,2.352867361,1.1557944931,1.1970728679,5.2629927812,0.5572580592,0,0.1031959369,1.3415471795,3.2609916056,0,0,56.283063978,55.209826235,34.281690234,33.332287615,0.9494026194,2.3941457358,18.533990265,2.0845579251,57.500776033,17.646505208,172.81191591,12.940770486,33.043338991,43.548685366,83.279121068,45.550686542,0.6398148087,0.2476702485,19.627867196,1.25899043,23.776343859,9.7210572548,4.2516725997,0.8668458699,4.5199820357,0.0825567495,360.52532511,151.88377991,1.1970728679,65.364306424,2.7656511086,11.207078746,71.349670764,0,0,0,0,0,0,0,0,0,9.8655315664,0,40.287693761,9.9274491285,11.083243622,0.1238351243,1.3002688048,0,3.611857791,6.0472819016,107.40633111,1.7749701145,47.408213406,11.867532742,46.35561485,0.763649933,70.503464081,3.5293010415,46.231779725,20.680465752,0.0619175621,0,8.4414276374,410.16257075
MAY16,0,0.1857526864,0.1238351243,0,0.0206391874,0.0412783748,0,35.912186037,1.4860214912,16.986051212,5.5932197793,11.846893555,12.569265113,3.2609916056,9.3082735072,2.3941457358,1.2177120553,1.1764336805,5.8615292152,0.4747013097,0,0.2063918738,0.8255674951,4.3548685366,0,0,56.922878787,55.994115355,34.54999967,33.765710549,0.7842891203,2.4560632979,18.988052387,1.9813619882,57.500776033,18.657825389,188.29130644,14.695101413,36.737753532,45.757078416,91.101373084,35.767711725,0.4127837475,0.165113499,19.008691575,4.4580644735,11.72305843,10.07192344,4.0040023512,0.9081242446,5.0772400948,0.0825567495,368.26502038,165.01030308,1.4447431164,69.120638527,3.1577956687,15.231720285,76.055405486,0.1238351243,0,0,0.0825567495,0,0,0,0,0.0412783748,9.4733870062,0,41.505405816,11.991367866,12.239038115,0.2063918738,1.3828255543,0,3.6944145406,6.9554061462,106.08542312,1.424103929,48.976791647,10.670459874,45.01406767,1.3828255543,69.781092523,3.3229091678,45.88091354,20.453434691,0.1238351243,0,8.8129330102,426.40561122
JUN16,0.0825567495,0.0412783748,0,0,0,0.0412783748,0,34.488082108,1.424103929,16.222401279,4.9121265958,11.929450304,12.239038115,2.7450119212,9.4940261936,2.6211767969,1.25899043,1.3621863669,5.634498154,0.4953404971,0,0.1031959369,0.9906809941,4.045280726,0,0,55.106630298,57.748446282,35.623237413,34.838948293,0.7842891203,2.6624551717,19.462753697,1.8988052387,54.570011426,18.781660513,189.11687394,14.014008229,38.71911552,48.625925461,87.757824729,41.62924094,0.8255674951,0.1031959369,18.348237579,1.9194444261,20.432795504,10.629181499,4.3342293493,0.763649933,5.469384655,0.0619175621,374.37421984,137.5189055,0.7017323708,61.649252696,2.8482078581,7.2856331442,65.034079426,0.1031959369,0,0,0.0619175621,0,0,0,0.0206391874,0.0206391874,7.5952209549,0,36.283691409,11.083243622,10.319593689,0.2270310612,1.2796296174,0.0206391874,2.7862902959,6.0060035268,105.03282456,1.4034647417,48.109945777,10.216397752,45.303016293,0.6398148087,64.002120057,3.3022699804,41.340292317,19.297640198,0.0619175621,0,11.062604434,383.64121497
JUL16,0.0206391874,0.2889486233,0.1857526864,0,0,0.0619175621,0.0412783748,34.178494297,1.093876931,17.770340332,4.8502090337,10.464068,9.2257167577,2.9307646076,6.2949521501,2.4973416727,1.6098566154,0.8874850572,5.1597968444,0.5366188718,0,0.0825567495,1.3415471795,3.1990740435,0,0,51.370937382,58.55337459,35.788350912,34.777030731,1.0113201815,2.7450119212,20.020011756,2.0432795504,57.789724657,19.256361823,186.02099583,14.922132474,36.67583597,50.277060451,84.145966938,48.605286274,1.1970728679,0.1444743116,24.312962731,1.6924133649,21.258362999,11.041965247,4.1071982881,1.1351553058,5.6551373414,0.1444743116,383.31098797,168.27129469,1.7130525523,73.145280066,2.6005376096,11.557944931,79.254479529,0.1444743116,0,0,0.0825567495,0,0,0,0.0412783748,0.0206391874,10.608542312,0.0206391874,36.634557595,9.2463559451,13.002688048,0.330226998,1.4034647417,0.0206391874,4.3135901619,6.9347669588,108.54148642,1.7336917397,49.699163205,12.342234052,44.766397422,0.4747013097,83.093368381,4.0865591007,55.725805919,23.260364174,0.0206391874,0,7.1824372073,437.2205454
AUG16,0.1444743116,0.2270310612,0.1857526864,0,0,0.0412783748,0,38.657197958,1.6717741776,18.946774012,5.8408900278,12.19775974,10.113201815,3.2197132309,6.8934885841,3.3848267299,1.8781660513,1.5066606786,5.7170549035,0.5366188718,0,0.1238351243,1.1764336805,3.880167227,0,0,58.243786779,58.594652964,36.159856285,34.632556419,1.5272998659,2.7450119212,19.689784758,1.7543309271,64.167233556,20.081929318,192.27466961,15.252359472,40.0606627,49.802359142,87.159288295,61.298386511,0.6810931835,0.5985364339,33.972102423,1.7956093018,24.251045168,12.486708363,5.8821684026,0.7430107456,5.7789724657,0.0825567495,410.65791125,190.02499818,1.3209079922,78.016128287,4.1897550376,21.898177807,84.60002906,0.0825567495,0,0,0.0619175621,0,0,0,0,0.0206391874,8.1112006393,0,41.484766629,10.402150438,12.796296174,0.1238351243,1.7543309271,0.0412783748,3.9008064143,6.9760453336,103.0101842,1.5066606786,48.357616025,12.135842178,41.010065319,0.3921445602,84.434915561,3.9420847891,55.374939734,25.076612664,0.0412783748,0,11.41347062,462.15268375
SEP16,0.0206391874,0.1031959369,0.0619175621,0,0,0.0206391874,0.0206391874,37.707795339,1.1145161184,19.111887511,5.5519414045,11.929450304,11.537305744,3.2197132309,8.3175925131,3.2403524183,1.7749701145,1.4653823038,5.6964157162,0.6604539961,0,0.2889486233,1.1145161184,3.6324969784,0,0,58.305704341,63.382944436,38.017383149,36.758392719,1.25899043,2.9307646076,22.434796679,1.5892174281,64.022759245,20.659826565,189.85988468,13.601224482,36.964784593,48.316337651,90.97753796,45.199820357,0.4953404971,0.4747013097,22.847580427,1.4860214912,19.896176632,10.092562628,4.2723117871,0.7430107456,5.0359617201,0.0412783748,394.80701534,168.93174868,1.8162484892,66.41690498,2.951403795,25.386200474,72.360990945,0.2063918738,0,0,0.1238351243,0,0,0,0.0619175621,0.0206391874,7.9667263277,0,43.342293493,10.918130123,12.156481365,0.2270310612,1.4034647417,0.0412783748,3.7769712901,6.7077358977,104.72323675,1.3621863669,49.26574027,11.475388182,42.619921934,0.5159796844,68.707854779,3.1990740435,45.364933856,20.123207693,0.0206391874,0,9.4114694441,426.88031253
OCT16,0.1031959369,0.4540621223,0.3921445602,0,0.0412783748,0,0.0206391874,39.358930329,1.857526864,19.318279385,5.2010752191,12.98204886,10.567263937,3.0545997319,7.5126642054,3.3022699804,1.4860214912,1.8162484892,6.2536737754,0.5159796844,0,0.1857526864,1.4653823038,4.0865591007,0,0,60.039396081,64.827687552,39.627239765,38.430166897,1.1970728679,3.0752389192,22.125208869,2.3322281736,65.735811797,20.763022502,193.74005191,14.942771661,36.283691409,48.646564649,93.867024192,42.000746313,0.7223715582,0.5572580592,21.506033247,2.2290322368,16.986051212,9.9068099412,4.8089306589,0.7430107456,4.2310334124,0.1238351243,399.30635819,151.42971779,1.1970728679,68.769772342,3.4261051046,8.0492830772,69.987484397,0.1238351243,0.0412783748,0,0.0619175621,0,0,0,0,0.0206391874,8.9574073218,0,48.068667402,10.794294998,13.725059606,0.3921445602,1.5479390533,0.0206391874,4.4580644735,7.3062723316,108.8923526,1.5479390533,48.522729524,11.268996308,47.552687718,0.3715053728,75.952209549,4.1897550376,50.215142889,21.526672435,0.0206391874,0,7.5745817675,425.88963153
NOV16,0.1031959369,0.1857526864,0.1238351243,0,0.0206391874,0.0412783748,0,42.475447623,1.7956093018,21.588589997,6.1091994637,12.98204886,11.970728679,4.1071982881,7.8635303908,3.3641875425,1.8988052387,1.4653823038,5.634498154,0.5159796844,0,0.1031959369,1.25899043,3.7563321027,0,0,63.733810621,64.662574053,41.608601753,40.246415386,1.3621863669,3.3022699804,19.75170232,2.3735065484,64.394264617,20.824940064,192.19211286,15.045967598,36.613918408,44.312335299,96.219891553,78.263798535,0.9081242446,0.2476702485,21.113888687,2.187753862,53.806361493,9.1431600082,3.8182496648,0.9700418067,4.2310334124,0.1238351243,431.85435668,155.64011201,0.8049283077,68.54274128,3.7356929153,9.0606032587,73.496146251,0.1031959369,0,0,0.0412783748,0,0.0206391874,0,0.0206391874,0.0206391874,7.8428912034,0.0206391874,48.646564649,10.773655811,11.929450304,0.3715053728,1.4034647417,0.0206391874,3.5499402289,6.5839007734,115.104748,1.6511349902,54.322341177,12.032646241,47.098625595,0.1031959369,74.982167742,4.3342293493,49.327657832,21.237723811,0.0825567495,0,6.9347669588,432.08138775
DEC16,0.0619175621,0.1857526864,0.1238351243,0,0,0.0619175621,0,41.113261256,1.5685782407,20.040650943,6.7490142724,12.755017799,10.711738249,3.5293010415,7.1824372073,3.0133213571,1.5892174281,1.424103929,5.3868279055,0.6604539961,0,0.1444743116,0.7017323708,3.880167227,0,0,60.472819016,62.949521501,42.743757059,41.422849066,1.3209079922,2.5386200474,17.667144395,2.1671146746,64.786409178,21.444115685,185.97971746,16.016009405,36.655196782,42.269055749,91.039455522,42.413530061,0.5366188718,0.2270310612,20.948775188,1.5892174281,19.111887511,9.0193248839,3.8595280396,0.6604539961,4.3961469114,0.1031959369,388.75973344,136.59014206,0.9494026194,55.230465422,2.5592592348,20.391517129,57.459497659,0.0825567495,0,0,0.0206391874,0.0206391874,0,0,0.0412783748,0,11.165800371,0,48.089306589,10.051284253,10.340232876,0.1857526864,1.3209079922,0.0825567495,3.0958781066,5.6551373414,105.52816506,1.4034647417,47.944832278,8.751015448,47.428852593,0.5778972466,76.117323048,3.8595280396,51.78372113,20.412156316,0.0619175621,0,11.702419243,410.2451275
JAN17,0.0405977614,0.2029888072,0.1014944036,0,0.0202988807,0.0811955229,0,40.963141292,1.4615194118,20.58306505,5.6227899594,13.295766871,11.144085515,3.2478209152,7.8962646,2.8824410622,0.9337485131,1.9486925491,5.2980078678,0.8525529902,0,0.1217932843,0.7307597059,3.5929018874,0,0,60.531262306,67.777962723,44.982319675,43.906478997,1.0758406781,2.7403488972,20.055294151,2.3749690442,67.209594063,22.430263195,195.21433588,17.578830703,34.650189389,45.510090574,97.475225216,42.221671897,0.6292653023,0.2029888072,21.598009086,1.3397261275,18.451682574,8.8909097552,3.8567873367,0.6292653023,4.2424660704,0.1623910458,406.11970656,126.66501569,0.649564183,56.146704071,2.82154442,9.5404739383,57.506729079,0.0202988807,0,0,0.0202988807,0,0,0,0,0,7.3075970591,0,46.098758114,10.413325809,11.732753056,0.1014944036,1.7051059805,0.0202988807,3.552304126,6.3535496653,105.31059317,1.3194272468,47.11370215,10.190038121,46.687425655,0.2029888072,71.188174684,3.6740974103,48.392531636,19.060648996,0.0608966422,0,4.9326280149,383.87213329
FEB17,0.0608966422,0.1623910458,0.0608966422,0,0.0202988807,0.0608966422,0.0202988807,43.804984593,1.5427149347,22.734746406,5.9678709316,13.559652321,11.184683277,3.6537985295,7.530884747,3.2275220344,1.4209216504,1.8066003841,6.4753429496,0.6901619445,0,0.1014944036,1.664508219,4.0191783825,0,0,64.915820542,62.175471644,42.282568539,40.821049127,1.4615194118,2.8824410622,17.010462043,1.9283936684,58.135994381,20.461271765,174.63127083,13.295766871,33.452555426,39.806105091,88.076843443,45.97696483,0.7916563481,0.3450809722,22.491159837,2.1110835949,20.237984078,7.8759657193,2.9839354658,0.5683686602,4.2627649511,0.0608966422,371.18533284,117.22603616,0.4262764951,51.092282772,3.0042343465,5.8054798858,56.897762657,0.0811955229,0,0,0.0405977614,0,0,0,0.0405977614,0,7.0031138483,0,44.921423033,9.3171862504,10.453923571,0.3044832108,1.0961395589,0.0405977614,3.2072231537,5.8054798858,94.572485273,1.6239104576,42.58705175,9.2968873696,41.064635696,0.9134496324,63.028024635,3.7349940524,42.404361823,16.868369878,0.0202988807,0,5.8054798858,353.32231781
MAR17,0.1014944036,0.1623910458,0.0811955229,0,0.0202988807,0.0608966422,0,43.662892428,1.6442093383,23.424908351,5.4401000329,13.153674706,11.468867607,4.0191783825,7.4496892241,2.6185556128,1.4615194118,1.157036201,5.6633877208,0.6089664216,0,0.1623910458,1.0555417974,3.836488456,0,0,63.677588818,64.408348524,41.73449876,40.557163678,1.1773350817,3.7755918139,18.89825795,2.0704858334,64.327153001,19.689914298,184.65891791,13.904733293,35.380949094,43.196018172,92.177217348,53.690539504,1.157036201,0.1826899265,21.029640426,2.6997511357,28.621421815,10.047945956,4.3033627126,0.5480697794,5.0544212992,0.142092165,398.89330502,133.22155416,1.6036115769,56.227899594,3.552304126,9.6013705804,62.236368287,0.2841843301,0,0.1217932843,0.0202988807,0.0405977614,0,0,0.0202988807,0.0811955229,7.2669992977,0,46.748322298,11.022292231,10.941096708,0.3450809722,1.4209216504,0.0405977614,3.0042343465,6.1302619774,100.25617187,1.3194272468,43.317811456,9.702864984,45.916068188,0.3856787337,69.09738997,3.4711086031,46.382942445,19.223040042,0.0202988807,0,6.8001250411,386.02381465
APR17,0.0608966422,0.1217932843,0.0811955229,0,0.0202988807,0.0202988807,0,38.425781202,1.4615194118,20.03499527,5.500996675,11.428269845,10.880200066,3.2681197959,7.6120802699,2.5779578514,1.2382317239,1.3397261275,5.2980078678,0.6292653023,0,0.1826899265,0.9743462745,3.5117063645,0,0,57.364636914,60.531262306,38.202493515,37.248446121,0.9540473938,3.7146951717,18.61407362,2.0907847141,61.850689553,19.486925491,181.59378692,13.052180303,32.539105794,50.889293964,85.113206858,40.232381586,0.5886675409,1.4412205311,21.455916921,3.3696141995,13.376962394,7.8759657193,3.0042343465,0.9337485131,3.8770862175,0.0608966422,373.66179629,105.77746743,0.7104608252,47.11370215,1.5833126961,8.1601500493,48.209841709,0.2841843301,0,0,0.2232876879,0,0,0,0.0202988807,0.0405977614,6.8001250411,0,41.511211072,10.108842598,9.1547952046,0.1623910458,1.2179328432,0.1217932843,2.6185556128,5.0341224185,90.167628157,1.3600250082,38.994149863,7.2264015362,42.58705175,0.0811955229,63.007725754,2.7809466586,45.165009601,15.061769494,0,0,4.6687425655,331.56191768
MAY17,0.1014944036,0.1217932843,0.1014944036,0,0,0.0202988807,0,40.33387599,1.4818182925,20.522168408,5.0138235378,13.316065752,10.514820213,2.8621421815,7.6526780313,2.7200500164,1.157036201,1.5630138154,4.709340327,0.4465753758,0,0.0608966422,0.9337485131,3.2681197959,0,0,58.501374234,66.580328761,41.531509953,40.33387599,1.1976339625,3.7755918139,21.273226994,2.1110835949,60.551561187,20.03499527,195.31583029,14.696389641,37.816814781,48.636118204,94.166507659,42.120177493,0.4871731373,0.3247820915,22.227274388,2.2531757599,16.827772117,9.5201750575,3.9582817403,0.8728518709,4.5469492812,0.142092165,396.23415165,145.19789379,0.9134496324,63.555795533,2.53736009,9.0127030396,69.178585493,0.2841843301,0,0,0.0608966422,0,0,0,0.1623910458,0.0608966422,7.6323791506,0.0202988807,42.181074136,10.575716855,11.428269845,0.3856787337,1.3803238889,0.0405977614,3.329016438,6.2926530231,94.125909897,0.9946451553,41.917188686,10.738107901,40.475968155,0.2232876879,69.94994296,3.1057287501,48.717313727,18.086302721,0.0405977614,0,6.2114575002,387.83041503
JUN17,0,0.0405977614,0.0405977614,0,0,0,0,36.65977858,1.4006227697,18.959154592,4.9123291342,11.387672084,12.179328432,3.9582817403,8.2210466915,2.9230388236,1.5833126961,1.3397261275,4.7702369691,0.3856787337,0,0.1826899265,0.9540473938,3.2478209152,0,0,56.572980566,58.501374234,37.471733809,36.497387534,0.9743462745,2.8824410622,18.147199363,1.6848070997,57.181946987,19.344833326,192.23040042,13.762641128,39.136242028,47.824162976,91.507354284,54.461896971,0.7307597059,0.2841843301,29.433377044,1.8674970262,22.146078865,10.230635883,4.4048571162,0.9946451553,4.7499380884,0.0811955229,393.63589492,141.23961205,0.8525529902,60.896642159,2.9230388236,9.2765884889,67.290789586,0.2841843301,0,0,0.142092165,0,0,0,0.0405977614,0.1014944036,7.6729769121,0,39.806105091,8.8503119938,10.819303424,0.3450809722,1.2585306046,0.0608966422,3.3087175573,5.8460776473,90.451812487,1.1367373203,40.963141292,8.2210466915,40.130887183,0.365379853,67.087800779,2.82154442,47.621174168,16.604484429,0.0405977614,0,7.5714825085,374.14896943
JUL17,0.0405977614,0.0811955229,0.0405977614,0,0,0.0405977614,0,37.857412542,1.0961395589,20.562766169,4.3033627126,11.895144102,11.590660891,3.5929018874,7.9977590036,3.329016438,1.2788294853,2.0501869527,5.5415944365,0.2841843301,0,0.1826899265,1.1773350817,3.8973850982,0,0,58.440477592,56.97895818,34.893775957,33.614946472,1.2788294853,2.7606477779,19.324534445,2.3343712828,57.100751465,19.304235564,182.71022536,13.031881422,34.508097224,49.752556644,85.417690069,59.536617151,0.9134496324,0.0811955229,22.085182223,1.6442093383,34.812580434,9.7434627455,4.1003739054,0.9946451553,4.5875470427,0.0608966422,387.70862175,140.75243891,0.6698630638,62.946829112,2.9230388236,7.4496892241,66.763018687,0.3247820915,0,0,0.1623910458,0,0,0,0.1014944036,0.0608966422,10.311831406,0,42.059280851,8.687920948,10.596015736,0.2638854494,1.1773350817,0.0405977614,3.1666253923,5.9475720509,92.52229832,1.4209216504,42.911833841,8.3225410951,39.867001734,0.0202988807,73.60374149,4.0800750247,52.310215615,17.152554208,0.0608966422,0,5.5212955558,384.39990419
AUG17,0.0811955229,0.0811955229,0.0405977614,0,0,0.0405977614,0,40.069990541,1.3397261275,20.603363931,4.7499380884,13.376962394,11.610959772,3.6740974103,7.9368623614,2.82154442,1.4209216504,1.4006227697,6.1911586195,0.5683686602,0,0.0811955229,1.1367373203,4.4048571162,0,0,60.856044398,57.587924602,34.893775957,33.83823416,1.0555417974,3.0245332272,19.669615417,2.2734746406,59.638111555,19.263637803,187.31807128,12.443213881,34.203614013,47.621174168,93.050069219,42.201373016,0.7510585866,0.3247820915,16.401495622,2.0501869527,22.673849764,8.5255299023,3.6740974103,0.5683686602,4.1815694283,0.1014944036,376.8081228,144.08145535,1.0961395589,67.189295182,2.7403488972,6.1302619774,66.925409733,0.142092165,0,0,0.1014944036,0,0,0,0.0405977614,0,10.555417974,0,41.389417788,9.5201750575,10.494521332,0.1826899265,1.014944036,0.0811955229,2.9433377044,6.2723541424,93.598138999,1.4006227697,42.343465181,10.697510139,39.156540908,0.365379853,72.791786261,3.694396291,51.132880533,17.944210556,0.0202988807,0,5.8460776473,388.78446242
SEP17,0.0405977614,0.1623910458,0.1014944036,0.0202988807,0,0.0405977614,0,39.582817403,1.4412205311,20.380076243,5.1356168221,12.625903808,14.635492999,5.0544212992,9.5810716997,2.6185556128,1.2585306046,1.3600250082,5.35890451,0.4262764951,0,0.0608966422,0.9743462745,3.8973850982,0,0,62.398759332,59.983192527,37.654423735,36.558284176,1.0961395589,3.1260276308,19.202741161,2.6591533743,60.937239921,20.055294151,195.7218079,13.661146724,35.218558049,49.874349928,96.967753198,38.222792395,0.9134496324,0.1217932843,16.584185548,6.0287675738,14.574596357,8.8097142324,3.7958906946,0.5886675409,4.2424660704,0.1826899265,386.3891945,166.71470735,0.7916563481,55.050564512,2.3952679249,51.173478294,57.303740272,0.2232876879,0,0,0.0405977614,0,0,0,0.0202988807,0.1623910458,7.2467004169,0,43.114822649,9.9464515527,9.9667504334,0.142092165,0.9134496324,0.0608966422,3.2884186766,5.5618933172,90.959284505,1.1773350817,41.267624503,9.560772819,38.953552101,0.1826899265,63.251312323,3.2681197959,44.880825271,15.041470613,0.0608966422,0,5.8866754087,397.49268225
OCT17,0.0608966422,0.2232876879,0.142092165,0,0.0202988807,0.0608966422,0,44.251559969,1.6036115769,21.963388939,5.7851810051,14.899378448,11.306476561,3.3493153188,7.9571612421,3.552304126,1.8877959069,1.664508219,5.6836866015,0.5480697794,0,0.2029888072,1.3803238889,3.552304126,0,0,65.078211587,67.818560485,40.963141292,40.009093899,0.9540473938,3.7552929331,23.100126259,2.2328768792,63.657289937,22.369366553,210.96626732,15.021171733,37.370239405,54.806977943,103.76787824,45.591286096,0.9743462745,0.142092165,20.907847141,3.186924273,20.380076243,9.8449571491,3.694396291,0.8322541095,5.2371112257,0.0811955229,422.48060442,143.26950012,1.8674970262,58.602868638,2.7809466586,17.294646373,62.723541424,0.0405977614,0,0,0,0,0,0,0.0405977614,0,8.8300131131,0,44.353054373,10.413325809,10.656912378,0.2232876879,1.2788294853,0.0202988807,3.4711086031,5.6633877208,93.862024448,1.2585306046,41.024037935,9.7231638647,41.856292044,0.2232876879,68.589917952,3.1057287501,47.438484242,18.025406079,0.0202988807,0,5.0544212992,385.29305494
NOV17,0.1826899265,0.1623910458,0.0811955229,0,0,0.0811955229,0,45.347699528,1.8066003841,22.612953122,5.4198011522,15.50834487,12.666501569,3.9379828596,8.7285187095,3.5929018874,1.8471981455,1.7457037419,5.9069742894,0.5886675409,0,0.2638854494,1.1367373203,3.9176839789,0,0,67.859158246,62.094276122,39.440725238,38.446080083,0.9946451553,2.9230388236,19.73051206,2.0095891913,64.286555239,20.258282958,211.18955501,14.96027509,39.623415165,50.726902919,105.87896183,46.322045802,1.0352429167,0.2029888072,26.287050532,2.8621421815,15.934621365,11.306476561,4.6890414463,0.4465753758,5.9881698123,0.1826899265,417.46678088,138.39776875,1.0758406781,59.435122747,3.2072231537,10.738107901,63.941474267,0.1826899265,0,0,0.0405977614,0,0,0,0,0.142092165,8.4443343794,0,43.135121529,10.900498946,10.453923571,0.1623910458,0.9134496324,0.1014944036,3.3899130802,5.8866754087,92.156918468,1.8066003841,39.21743755,8.6676220673,42.465258466,0.1217932843,69.340976539,3.4914074838,48.534623801,17.21345085,0.1014944036,0,7.5511836277,380.68520902
DEC17,0.0608966422,0.1217932843,0.0202988807,0,0.0202988807,0.0811955229,0,44.799629748,1.8066003841,22.491159837,5.6227899594,14.879079568,9.2562896082,3.2681197959,5.9881698123,3.9988795018,2.0704858334,1.9283936684,5.0950190606,0.5683686602,0,0.2029888072,0.7916563481,3.5320052452,0,0,63.332507846,70.924289235,46.301746922,44.860526391,1.4412205311,3.4102119609,21.212330352,1.8674970262,65.626281367,23.201620663,208.42890723,15.305356063,38.973850982,51.437363744,102.71233644,40.516565917,1.2788294853,0.1826899265,21.070238187,2.2734746406,15.711333677,9.3171862504,4.3845582355,0.8322541095,3.9988795018,0.1014944036,419.88234769,125.56887613,0.7713574673,50.564511873,2.6388544936,18.350188171,53.243964128,0.1014944036,0.0405977614,0,0.0608966422,0,0,0,0,0,9.9870493141,0,44.799629748,10.880200066,11.00199335,0.1623910458,0.8728518709,0,3.4914074838,6.4753429496,99.748699857,1.9892903105,43.744087951,7.9165634807,46.098758114,0.0811955229,71.533255656,3.8973850982,52.47260666,15.122666136,0.0405977614,0,4.5063515198,378.20874557
JAN18,0.0399470861,0.0798941722,0.019973543,0,0.019973543,0.0399470861,0,43.382535493,1.797618874,22.17063278,5.3928566221,14.021427218,11.464813708,4.0945763242,7.3702373836,4.1744704964,1.9973543045,2.1771161919,6.211771887,0.4993385761,0,0.2396825165,1.4181215562,4.0546292381,0,0,65.353432843,72.204358107,44.640868705,43.482403209,1.1584654966,3.8149467216,23.74854268,2.7563489402,69.248273737,23.74854268,218.21095777,16.777776158,39.907139004,49.494439665,112.03160294,40.646160096,0.8189152648,0.0998677152,22.010844435,1.9374336754,15.779099005,9.0080679132,4.1544969533,0.439417947,4.3542323838,0.0599206291,435.82270924,117.82393042,0.8189152648,50.892587678,2.7563489402,8.7284383106,54.627640228,0.0798941722,0,0,0,0,0,0,0,0.0798941722,5.8123010261,0,48.455815427,12.103967085,11.344972449,0.2796296026,1.1584654966,0.0599206291,3.6551583772,6.1917983439,92.837028073,1.2583332118,41.764678507,8.6285705954,41.185445759,0.0798941722,71.56520473,3.994708609,51.092323109,16.478173012,0,0,4.5539678142,364.65697537
FEB18,0.0399470861,0.1198412583,0.0599206291,0,0,0.0599206291,0,41.884519765,1.6178569866,21.032140826,5.2530418208,13.981480131,11.105289933,3.7150790063,7.3902109266,3.3555552315,1.6178569866,1.7376982449,6.0320099996,0.5193121192,0,0.0599206291,1.3781744701,4.0746027812,0,0,62.537163274,60.659650227,35.932403938,34.594176554,1.338227384,3.6152112911,21.112034998,1.5779099005,57.423936254,20.472881621,192.10553701,12.962829436,38.009652414,44.740736421,96.392318735,55.466529036,1.0386242383,0.2396825165,28.582140097,2.6165341389,22.989548045,9.1279091715,4.0746027812,0.4993385761,4.4940471851,0.0599206291,396.83435322,106.73861403,0.6990740066,45.499731056,2.4767193376,5.7124333108,52.350656321,0.0998677152,0,0,0.019973543,0,0,0,0,0.0798941722,4.8335974169,0,40.266662778,9.0080679132,9.6272477476,0.2197089735,1.1584654966,0.0599206291,2.5965605958,5.5925920526,79.334912974,0.9787036092,34.813885527,8.1691791054,35.373144732,0.019973543,57.46388334,2.9760579137,40.14682152,14.341003906,0,0,5.2929889069,312.68581637
MAR18,0.0798941722,0.0599206291,0.019973543,0,0,0.0399470861,0,44.061635957,1.777645331,22.37036821,5.4727507943,14.440871621,12.083993542,4.5539678142,7.5300257279,3.4354494037,1.6578040727,1.777645331,5.77235394,0.6191798344,0,0.1198412583,1.0785713244,3.9547615229,0,0,65.493247644,65.752903704,40.346556951,38.908461851,1.4380950992,3.575264205,21.831082548,1.9773807614,63.835443571,24.287828343,209.86201677,14.780421853,39.627509401,52.250788605,103.20329691,50.712825791,0.9187829801,0.45939149,26.365076819,2.1771161919,20.79245831,12.283728973,5.4128301652,0.8588623509,5.8123010261,0.1997354304,428.71212792,154.35554065,1.6777776158,61.997877611,3.115872715,18.135977085,69.428035624,0.1198412583,0,0,0.019973543,0,0.019973543,0,0,0.0798941722,7.1505284101,0,51.871291288,13.362300297,13.142591324,0.2796296026,1.2583332118,0.0399470861,4.2543646686,7.3103167544,100.62670986,1.5978834436,45.080286652,11.045369304,42.90317046,0.019973543,80.014013438,3.4154758607,56.704888704,19.87367533,0.019973543,0,7.6099199001,428.27270997
APR18,0.1198412583,0.0998677152,0.0399470861,0,0.019973543,0.0399470861,0,37.550260924,1.4380950992,19.673939899,4.5939149003,11.844311026,10.346295297,3.6351848342,6.7111104631,4.1544969533,1.9174601323,2.237036821,5.9321422843,0.5592592053,0,0.1797618874,1.4181215562,3.7749996355,0,0,58.202904433,64.694305922,40.007006719,38.988356024,1.0186506953,3.115872715,21.571426488,1.5978834436,60.200258737,23.08941576,209.24283694,15.080024999,35.832536223,53.828698506,104.50157721,39.787297745,0.9187829801,0.3195766887,23.189283475,2.4567457945,12.902908807,10.705819072,4.913491589,0.5193121192,5.0932534764,0.1797618874,409.31781762,108.83583605,0.8588623509,44.780683507,1.797618874,10.965475132,50.433196188,0.0599206291,0,0,0.0599206291,0,0,0,0,0,5.6724862247,0,42.184122911,9.0080679132,10.186506953,0.0599206291,1.0785713244,0.0998677152,2.9361108276,6.0120364565,81.631870424,1.4380950992,36.291927713,6.69113692,37.210710693,0.1398148013,56.984518307,2.8562166554,39.747350659,14.30105682,0.0798941722,0,6.7510575492,321.45420176
MAY18,0.0399470861,0.0998677152,0.0399470861,0,0.019973543,0.0399470861,0,37.65012864,1.2383596688,18.515474403,4.9933857612,12.902908807,10.585977814,2.6165341389,7.9694436749,3.994708609,2.0173278475,1.9773807614,5.5526449665,0.5992062913,0,0.1997354304,0.9986771522,3.7550260924,0,0,57.92327483,64.234914432,37.949731785,36.93108109,1.0186506953,3.3156081455,22.969574502,1.9574072184,59.121687413,24.068119369,217.73159273,13.881612416,42.24404354,53.52909536,108.07684142,51.351979168,0.8189152648,0.2197089735,28.382404667,2.8362431124,19.094707151,12.703173377,4.913491589,0.7390210927,6.9308194366,0.1198412583,431.16887371,154.27564648,1.1384919536,62.676978075,2.2769839071,22.570103641,65.613088902,0.1398148013,0,0,0.0998677152,0,0,0,0,0.0399470861,6.7910046353,0.019973543,44.680815791,10.106612781,12.882935264,0.4194444039,1.2383596688,0.0599206291,3.7749996355,7.3902109266,87.324330192,1.1984125827,41.185445759,8.9281737411,36.01229811,0.0798941722,70.84615718,3.2756610594,50.013751784,17.496823707,0.0599206291,0,8.6485441384,395.79572898
JUN18,0.0399470861,0.1198412583,0.0798941722,0,0.019973543,0.019973543,0,37.929758242,1.4181215562,18.155950628,5.0133593043,13.342326754,11.305025363,3.3355816885,7.9694436749,3.3755287746,1.5579363575,1.8175924171,5.5126978804,0.4793650331,0,0.0998677152,1.0186506953,3.9148144368,0,0,58.282798605,61.158988803,35.952377481,34.793911984,1.1584654966,3.4354494037,21.771161919,2.656481225,57.703565857,22.010844435,211.53979439,13.18253841,44.021688871,52.750127182,101.58543993,59.381343472,0.8588623509,0.1797618874,27.803171918,8.6485441384,21.891003177,10.466136556,4.6138884434,0.7989417218,4.9334651321,0.1198412583,424.91715474,131.14628363,0.6591269205,59.341396386,2.7962960263,8.888226655,59.461237645,0.0399470861,0,0,0,0,0,0,0,0.0399470861,8.0493378471,0,41.624863706,10.106612781,12.143914171,0.3595237748,0.7989417218,0.0599206291,3.7550260924,7.1705019531,89.141922609,1.0585977814,39.987033176,9.9667979794,38.129493673,0.019973543,76.219040259,3.6152112911,55.706211552,16.897617416,0,0,6.3515866883,374.84348232
JUL18,0.0798941722,0.1198412583,0.0599206291,0,0.019973543,0.0399470861,0,38.089546587,1.3981480131,19.014812979,4.4740736421,13.202511953,8.5686499663,2.8562166554,5.7124333108,2.8162695693,1.0985448675,1.7177247019,4.5539678142,0.3595237748,0,0.0599206291,0.9986771522,3.135846258,0,0,54.228169367,58.043116088,35.29325056,34.37446758,0.9187829801,2.7164018541,20.033463674,2.217063278,57.00449185,21.771161919,205.06836644,13.002776522,38.988356024,52.61031238,100.46692152,45.499731056,1.0186506953,0.1198412583,24.327775429,3.3355816885,16.697881986,11.065342847,4.9334651321,0.7390210927,5.332935993,0.0599206291,400.66927348,142.81083277,0.9986771522,65.113750326,2.7962960263,7.1705019531,66.731607313,0.0998677152,0,0,0,0,0,0,0,0.0998677152,6.7910046353,0,43.482403209,10.086639238,12.024072913,0.3195766887,1.0585977814,0.0998677152,3.6152112911,6.9308194366,87.583986252,0.9587300662,40.026980262,9.3875652311,37.210710693,0,72.384119995,3.8349202646,51.252111453,17.297088277,0,0,4.7137561586,379.97668289
AUG18,0.0798941722,0.1597883444,0.0599206291,0,0.019973543,0.0798941722,0,41.564943076,1.5779099005,19.673939899,5.5726185095,14.740474767,13.042723608,4.3342588407,8.7084647676,2.9161372846,1.5978834436,1.318253841,4.9334651321,0.4194444039,0,0.1997354304,1.0785713244,3.2357139733,0,0,62.696951618,59.860708506,35.75264205,34.694044269,1.0585977814,3.555290662,20.552775793,2.237036821,59.161634499,21.930950263,209.14296922,13.621956357,39.068250196,53.628963076,102.8237996,43.941794699,0.878835894,0.1398148013,23.109389303,3.4953700329,16.318384668,11.74444331,5.3928566221,0.7390210927,5.4328037082,0.1797618874,408.01953732,153.37683704,0.6591269205,68.968644134,3.0559520859,10.246427582,70.446686319,0.0998677152,0,0,0.0399470861,0,0,0,0.0399470861,0.019973543,7.2104490392,0,45.479757513,9.7470890059,15.719178376,0.1997354304,1.5779099005,0.0399470861,4.6338619864,9.2677239728,92.657266185,1.2183861257,42.883196917,8.1492055623,40.40647758,0.019973543,82.410838603,4.454100099,59.041793241,18.874998177,0.0399470861,0,5.1531741056,411.87443113
SEP18,0.0399470861,0.1997354304,0.1398148013,0,0.0399470861,0.019973543,0,40.686107182,1.4181215562,20.632669965,5.1731476486,13.462168012,13.062697151,5.1531741056,7.9095230458,3.4953700329,1.8375659601,1.6578040727,5.3928566221,0.45939149,0,0.1597883444,0.9787036092,3.7949731785,0,0,62.876713505,57.383989168,34.154758607,33.25594917,0.898809437,3.135846258,20.093384303,2.4767193376,59.321422843,20.353040363,197.7181026,13.821691787,40.885842613,47.836635592,95.173932609,37.610181554,0.7789681788,0.2596560596,18.655289204,3.6951054633,14.221162648,10.805686787,5.3728830791,0.6391533774,4.6538355295,0.1398148013,385.66914265,143.33014489,1.1984125827,61.019174002,2.4966928806,13.502115098,65.113750326,0.1198412583,0,0,0.1198412583,0,0,0,0,0,6.3515866883,0,44.80065705,9.8869038072,12.603305661,0.1997354304,1.0785713244,0.019973543,3.6951054633,7.6099199001,93.01678996,1.4980157284,41.505022447,8.5886235093,41.425128275,0,69.967321286,3.4753964898,49.374598407,17.097352846,0.019973543,0,9.4474858602,389.52403646
OCT18,0.0998677152,0.1398148013,0.0998677152,0,0,0.0399470861,0,41.924466851,1.5579363575,21.291796886,6.0120364565,13.062697151,15.279760429,4.3941794699,10.885580959,4.7936503308,2.5765870528,2.217063278,6.4914014896,0.7390210927,0,0.2396825165,1.2383596688,4.2743382116,0,0,68.728961617,67.83015218,40.586239467,39.128170825,1.4580686423,3.2556875163,23.988225197,2.1571426488,63.635708141,24.986902349,224.62246508,15.080024999,43.602244467,55.985841155,109.95435446,47.836635592,0.8189152648,0.0998677152,23.888357482,3.7550260924,19.274469038,10.486110099,4.7736767877,0.6191798344,5.0533063904,0.0399470861,441.55511609,136.73887569,0.9986771522,62.397348472,3.4154758607,5.5526449665,64.374729234,0.4194444039,0,0.019973543,0.2996031457,0,0,0,0,0.0998677152,6.0919306287,0,47.037693871,9.8269831781,13.881612416,0.2996031457,1.3582009271,0.0798941722,4.3342588407,7.8096553305,85.766393835,1.0386242383,39.967059633,8.7683853967,35.992324567,0.0798941722,68.948670591,4.1944440394,48.096291652,16.538093641,0.1198412583,0,8.2890203636,377.08051914
NOV18,0.0998677152,0.0998677152,0.0599206291,0,0,0.0399470861,0,44.381212646,1.5779099005,22.769839071,5.8921951982,14.141268476,13.881612416,4.4940471851,9.3875652311,3.5153435759,1.8775130462,1.6378305297,6.0320099996,0.5992062913,0,0.0998677152,0.9587300662,4.3742059268,0,0,68.009914068,70.027241915,42.543646686,41.265339931,1.2783067549,3.1757933441,24.307801886,2.1771161919,64.115073174,24.407669601,212.63833926,14.580686423,40.985710328,49.19483652,107.87710599,62.457269101,1.3781744701,0.2996031457,32.696689964,3.4953700329,24.587431488,10.645898443,4.6138884434,0.6591269205,5.2530418208,0.1198412583,446.46860768,144.88808125,0.9587300662,65.273538671,2.9760579137,10.885580959,64.794173638,0.4194444039,0,0,0.2796296026,0,0.0399470861,0,0.0399470861,0.0599206291,6.9308194366,0,50.812693506,10.965475132,13.062697151,0.2197089735,1.1584654966,0.019973543,4.3142852977,7.3502638405,93.675916881,1.2783067549,41.944440394,8.6685176815,41.78465205,0.0399470861,76.998008438,3.2157404302,55.786105724,17.97618874,0.019973543,0,5.9521158274,403.74519911
DEC18,0.0998677152,0.0599206291,0.019973543,0,0,0.0399470861,0,45.100260195,1.7576717879,22.210579866,6.5712956618,14.56071288,10.226454039,3.0160049998,7.2104490392,3.6351848342,2.0972220197,1.5379628145,6.9907400657,0.5792327483,0,0.1198412583,1.1984125827,5.0932534764,0,0,66.112427479,72.863485028,48.01639748,46.598275924,1.4181215562,3.5153435759,21.331743972,2.0972220197,64.075126088,27.583462945,216.49323306,16.518120098,45.899201917,54.587693142,99.488217907,49.494439665,2.1771161919,0.0399470861,28.382404667,4.0746027812,14.820368939,10.446163012,5.1332005625,0.4993385761,4.5939149003,0.2197089735,443.05313182,137.13834655,0.9187829801,58.142983804,2.7363753971,18.056082913,57.284121453,0.0399470861,0,0,0.019973543,0,0,0,0,0.019973543,7.4301580127,0,49.85396344,9.3675916881,11.704496224,0.0998677152,0.878835894,0,4.0546292381,6.671163377,96.751842509,1.6378305297,42.463752513,6.671163377,45.979096089,0,79.035309829,4.6937826155,56.065735327,18.215871257,0.0599206291,0,6.9907400657,398.3123954
JAN19,0.0982540839,0.0982540839,0.0786032671,0,0.0196508168,0,0,41.070207063,1.6506686092,21.183580485,5.8952450329,12.340712936,10.690044326,3.6747027372,7.0153415892,4.2052747901,2.1222882118,2.0829865783,7.0742940395,0.5502228697,0,0.1375557174,1.3952079911,4.9913074612,0,0,63.236328386,73.985325163,45.334434303,44.332242647,1.0021916556,3.9498141721,24.701076688,2.3384471964,66.046395185,26.489301015,221.89702304,16.310177924,46.179419424,55.906573729,103.50085196,53.784285517,1.6899702428,0.530572053,26.744761633,4.2838780572,20.535103531,12.380014569,4.834100927,1.8275259602,5.5808319645,0.1375557174,456.92079168,126.98357801,0.8253343046,56.240637614,2.6921618984,10.23807554,56.987368651,0.0786032671,0,0,0.0786032671,0,0,0,0,0,5.1092123619,0,50.129233597,10.552488609,13.618016026,0.0786032671,1.3362555408,0.0982540839,4.5000370418,7.6048660925,92.574997833,1.1200965563,42.151001985,8.5677561145,40.736143177,0,74.339039865,4.2838780572,51.99606119,17.98049735,0.0786032671,0,4.3624813244,377.74765089
FEB19,0.0982540839,0.176857351,0.1375557174,0,0.0393016336,0,0,40.185920308,1.5720653421,20.35824618,5.3057205296,12.949888256,9.314487152,3.3602896688,5.9541974832,2.9279716997,1.5917161589,1.3362555408,6.3865154523,0.7074294039,0,0.1179049007,1.0807949227,4.480386225,0,0,59.090006047,60.917532007,35.980645518,35.214263663,0.7663818543,3.6747027372,21.262183752,1.9257800441,56.849812934,21.556946004,195.68283346,13.912778278,41.306016864,46.63138821,93.832650107,45.020021235,1.1004457395,0.1965081678,23.129011346,3.3013372184,17.292718763,10.159472273,4.5589894921,0.5502228697,5.010958278,0.0393016336,392.11239796,122.97481139,1.0414932891,55.926224546,2.810066799,7.0349924059,56.162034347,0.1965081678,0,0,0.176857351,0,0,0,0,0.0196508168,4.7751484767,0,45.707799822,9.4716936862,12.340712936,0.2947622516,1.4738112582,0.0393016336,3.0458766003,7.4869611918,80.686253684,1.2183506401,36.491566754,7.467310375,35.509025915,0.0196508168,65.280013331,3.6157502869,44.450147548,17.155163046,0.0589524503,0,6.2096581013,347.66225041
MAR19,0.0196508168,0.176857351,0.1375557174,0,0,0.0393016336,0,44.25363938,1.6310177924,21.419390286,6.1114040175,15.091827284,14.914969933,6.6616268872,8.2533430461,4.5196878586,2.3777488299,2.1419390286,6.1114040175,0.6681277704,0,0.0982540839,1.1004457395,4.2445764237,0,0,69.996209357,68.109730947,43.408654259,41.895541367,1.5131128918,3.3209880352,21.380088653,1.670319426,62.705756333,26.567904282,217.12187456,16.113669757,47.24056353,51.465489137,102.30215214,48.124850285,1.0021916556,0.0786032671,20.770913333,3.2423847681,23.030757262,10.886552494,5.1485139954,0.7663818543,4.834100927,0.1375557174,435.18698833,143.80467717,1.5720653421,61.389151609,3.6550519204,13.952079911,63.236328386,0.2751114349,0,0.0196508168,0.2358098013,0.0196508168,0,0,0,0,5.7576893155,0,52.153267724,10.847250861,14.659509315,0.2358098013,1.5524145253,0.0786032671,3.8908617217,8.9018199997,90.492011255,1.3755571743,40.578936643,9.0000740836,39.537443354,0.2554606181,70.389225693,3.8122584546,49.343200925,17.174813863,0.0589524503,0,7.9782316112,396.612435
APR19,0.0982540839,0.1179049007,0.0982540839,0,0.0196508168,0,0,37.316901058,1.5720653421,18.196656335,4.9323550109,12.61582437,9.9629641056,3.4388929359,6.5240711698,4.8144501102,2.2205422957,2.5939078145,5.620133598,0.8056834878,0,0.1572065342,0.9235883885,3.7336551875,0,0,57.930607857,69.85865364,42.209954436,40.775444811,1.4345096247,3.7533060043,23.8953932,1.8668275938,59.993943618,27.157428785,213.28996529,13.755571743,41.541826665,57.91095704,100.08160984,44.685957349,1.3362555408,0.2554606181,21.478342737,3.1834323178,18.432466136,8.9214708165,4.0873698895,0.4912704194,4.2642272405,0.0786032671,425.77424709,110.90920989,0.6877785872,49.952376246,2.5546061809,7.821025077,49.893423795,0.0589524503,0,0,0.0589524503,0,0,0,0,0,4.1856239734,0,43.64446406,9.0590265339,10.827600044,0.176857351,1.0414932891,0.0589524503,3.2423847681,6.3079121852,82.435176377,1.493462075,38.751410683,6.8974366885,35.29286693,0,67.932873596,3.6747027372,47.161960263,17.076559779,0.0196508168,0,4.6375927592,333.69051968
MAY19,0.0786032671,0.1375557174,0.0982540839,0,0,0.0393016336,0,37.375853509,1.1986998234,18.727228388,5.3843237967,12.065601501,10.414932891,3.1048290507,7.3101038408,3.9301633553,2.1812406622,1.7489226931,5.6987368651,0.6681277704,0,0.0393016336,1.0218424724,3.9694649888,0,0,57.635845605,71.5682747,42.288557703,41.168461147,1.1200965563,4.1659731566,25.11374384,2.1222882118,57.576893155,28.238223708,236.59583399,15.150779735,48.714374789,63.197026753,109.53365271,47.967643751,1.1790490066,0.1179049007,24.367012803,4.9323550109,17.37132203,11.535029448,5.2860697128,0.4323179691,5.6397844148,0.176857351,455.60418696,139.54044993,1.0218424724,63.924106974,3.4781945694,8.1354381454,62.980867768,0,0,0,0,0,0,0,0,0,5.9738483,0,44.607354082,9.137629801,13.952079911,0.2358098013,1.0611441059,0.0786032671,4.2838780572,8.2926446796,80.312888165,1.1790490066,40.480682559,6.4258170859,32.227339513,0.0589524503,71.273512448,4.2642272405,48.792978056,18.078751434,0.1375557174,0,4.8734025605,369.73011765
JUN19,0.0982540839,0.0982540839,0.0393016336,0,0.0393016336,0.0196508168,0,36.629122471,2.0043833112,17.744687549,4.4214337747,12.458617836,10.277377174,3.8122584546,6.4651187194,3.8712109049,1.9847324944,1.8864784105,5.8952450329,0.3733655188,0,0.176857351,1.0021916556,4.3428305076,0,0,56.869463751,66.753824589,40.65753991,39.655348255,1.0021916556,2.4367012803,23.659583399,2.2205422957,56.437145782,24.877934039,223.70489818,13.008840706,47.987294568,62.410994082,100.29776883,50.070281146,1.9061292273,0.1965081678,22.775296644,3.5371470197,21.655200088,12.989189889,5.4236254303,0.8646359382,6.6026744369,0.0982540839,437.05381592,142.13435774,1.0611441059,64.690488828,2.6921618984,9.2948363352,64.395726576,0.1375557174,0,0,0.0589524503,0,0,0,0,0.0786032671,6.1900072846,0,44.175036113,9.7271543043,13.77522256,0.3144130684,1.1200965563,0.0393016336,3.517496203,8.783915099,81.216825737,1.2183506401,37.493758409,6.5240711698,35.980645518,0,68.14903258,3.5567978365,47.947992934,16.64424181,0,0,7.467310375,372.97250242
JUL19,0.0982540839,0.1375557174,0.0786032671,0,0,0.0393016336,0.0196508168,36.648773288,1.5131128918,17.823290816,5.2664188961,12.045950684,9.6485510372,3.6550519204,5.9934991168,3.9694649888,1.8668275938,2.1026373951,6.2293089181,0.7074294039,0,0.176857351,1.3362555408,4.0087666224,0,0,56.731908033,64.847695362,37.474107593,36.275407769,1.1986998234,3.3013372184,24.072250551,1.8078751434,56.220986797,23.580980132,220.61971995,14.207540529,48.124850285,57.183876819,101.10345231,43.703416511,2.1615898454,0.4716196026,23.541678498,3.9498141721,13.578714392,12.792681721,5.36467298,0.6877785872,6.6419760704,0.0982540839,423.57335561,176.89665262,1.2380014569,70.683987945,2.7118127151,30.812480705,71.450369799,0.0589524503,0,0,0.0196508168,0,0,0,0.0196508168,0.0196508168,5.5022286974,0,46.238371875,9.9433132888,13.264301324,0.2358098013,1.139747373,0.0393016336,4.0677190727,7.7817234434,79.389299777,0.9039375717,39.969761323,6.6223252536,31.893275628,0.0196508168,70.290971609,3.7336551875,48.871581323,17.646433465,0.0393016336,0,6.327563002,407.93130546
AUG19,0.0393016336,0.1375557174,0.1179049007,0,0,0.0196508168,0,41.089857879,1.5131128918,20.181388829,5.5415303309,13.853825827,10.886552494,3.8515600882,7.0349924059,4.0480682559,2.1026373951,1.9454308609,5.0502599115,0.3733655188,0,0.2161589845,1.0611441059,3.3995913023,0,0,61.251595892,62.352041631,37.631314127,36.511217571,1.1200965563,3.0851782339,21.635549271,2.4367012803,58.087814391,23.070058895,217.67209743,14.109286445,48.537517438,53.961142868,101.06415068,48.734025605,1.7292718763,0.2554606181,26.037332229,3.9301633553,16.781797527,12.969539072,5.7576893155,1.0218424724,6.0328007503,0.1572065342,425.32227831,163.29828741,1.0218424724,72.373958187,2.8297176158,15.936812406,71.13595673,0.0196508168,0,0,0,0,0,0,0,0.0196508168,6.8777858717,0,52.526633243,10.041567373,14.011032362,0.1572065342,1.139747373,0.0393016336,3.7926076378,8.8821691829,91.98547333,1.7489226931,44.548401632,5.8755942161,39.812554789,0.0589524503,78.190599953,3.5764486533,55.395652493,19.198847991,0.0196508168,0,6.9563891388,423.96637195
SEP19,0.1375557174,0.1375557174,0.0589524503,0,0,0.0786032671,0,41.679382383,1.3952079911,20.928119867,5.3057205296,14.050333995,10.041567373,3.0065749668,7.0349924059,4.5000370418,2.456352097,2.0436849447,5.010958278,0.4716196026,0,0.1375557174,0.9235883885,3.4781945694,0,0,61.50705651,63.314931653,35.725184899,34.722993244,1.0021916556,3.6354011036,23.95434565,3.6354011036,61.56600896,23.659583399,217.5148909,13.932429094,49.461105826,54.275555936,99.845800041,56.378193331,1.7292718763,0.3144130684,28.356128608,4.4607354082,21.51764437,10.984806578,4.5589894921,0.7074294039,5.5808319645,0.1375557174,437.05381592,133.74345898,0.8449851214,61.094389358,2.0436849447,11.574331081,58.186068475,0.176857351,0,0.0196508168,0.1375557174,0,0,0,0,0.0196508168,5.4039746135,0,52.762443045,11.004457395,14.738112582,0.1965081678,1.1790490066,0.0196508168,4.2838780572,9.0590265339,81.19717492,1.4541604415,37.906425562,6.6223252536,35.214263663,0.0982540839,63.373884104,3.6550519204,43.58551161,16.09401894,0.0393016336,0,9.2948363352,371.79345341
OCT19,0.1572065342,0.0982540839,0,0,0,0.0982540839,0,43.52655916,1.7292718763,21.792755805,5.8362925826,14.168238896,11.967347417,4.7161960263,7.2511513905,4.2445764237,2.1419390286,2.1026373951,6.6026744369,0.6288261368,0,0.1965081678,1.1986998234,4.5786403089,0,0,66.596618055,73.592308828,44.076782029,42.858431389,1.2183506401,3.7533060043,25.762220794,2.3973996467,66.734173773,27.373587769,245.49765399,16.231574657,52.074664457,58.166417658,119.02499721,49.55935991,2.0829865783,0.2161589845,27.963112273,3.9301633553,15.366938719,12.714078454,5.620133598,0.8449851214,6.1310548342,0.1179049007,477.86856237,145.90731456,1.3755571743,65.338965781,3.163781501,12.419316203,63.609693905,0.1179049007,0,0,0.0589524503,0,0.0196508168,0,0,0.0393016336,5.187815629,0,53.941492051,11.672585165,13.676968476,0.3930163355,1.0414932891,0.1179049007,4.2445764237,7.8799775273,84.79327439,1.1593981898,41.306016864,7.3297546576,34.998104679,0.2751114349,74.437293949,4.2249256069,51.603044855,18.550371037,0.0589524503,0,7.9782316112,397.98799217
NOV19,0.0982540839,0.0589524503,0.0589524503,0,0,0,0,45.452339204,1.493462075,22.166121324,6.327563002,15.465192803,10.748996777,4.0677190727,6.681277704,4.7947992934,2.4170504635,2.3777488299,5.796990949,0.6091753201,0,0.2358098013,1.3559063576,3.5960994701,0,0,66.950332757,73.651261278,43.172844458,42.052747901,1.1200965563,4.1463223398,26.33209448,3.5764486533,67.657762161,25.742569977,241.62644308,17.076559779,51.013520351,53.528824899,120.00753805,62.253787548,1.5131128918,0.2751114349,24.740378321,4.8734025605,30.851782339,12.714078454,6.5240711698,0.7270802207,5.4236254303,0.0393016336,487.22235115,149.48376322,1.1200965563,67.402301543,3.8122584546,13.912778278,63.236328386,0.0589524503,0,0,0.0393016336,0,0,0,0.0196508168,0,5.4236254303,0,57.36073417,13.008840706,15.425891169,0.1375557174,0.8449851214,0.0196508168,4.1856239734,10.23807554,90.865376774,0.9432392053,43.899924678,5.796990949,40.225221941,0,73.002784324,4.5982911257,49.539709093,18.746879205,0.1179049007,0,5.8952450329,410.52521328
DEC19,0.0589524503,0.0589524503,0.0196508168,0.0196508168,0,0.0196508168,0,45.078973685,1.8864784105,23.011106445,6.2686105517,13.912778278,11.711886799,3.7729568211,7.9389299777,4.8734025605,2.3187963796,2.5546061809,5.9345466665,0.5109212362,0,0.176857351,0.7663818543,4.480386225,0,0,67.716714611,74.162182514,47.653230683,46.218721058,1.4345096247,4.2642272405,22.244724591,2.5349553642,66.537665605,31.775370727,248.05226017,16.251225474,51.799553023,60.328007503,119.67347417,43.546209976,1.5720653421,0.0589524503,24.367012803,4.126671523,13.421507858,13.008840706,5.4825778806,0.6484769536,6.681277704,0.1965081678,479.61748506,140.2085777,1.5917161589,58.775592978,2.5153045474,20.613706798,56.712257217,0.1375557174,0,0,0.0982540839,0,0,0,0,0.0393016336,5.9738483,0,61.428453243,10.67039351,13.146396423,0.176857351,1.2183506401,0.0982540839,3.9301633553,7.7227709931,85.854418496,1.3362555408,42.092049535,5.4629270638,36.963186356,0.1179049007,73.140340042,4.3231796908,50.993869535,17.783989183,0.0393016336,0,6.7598809711,397.4377693
JAN20,0.05807636,0.1161527199,0.0774351466,0,0.0193587867,0.0193587867,0,43.38304089,1.7229320121,21.372100465,7.0659571284,13.222051284,11.015149606,3.9879100506,7.0272395551,4.9752081699,2.2262604651,2.7489477048,5.9625062892,0.5420460263,0,0.1161527199,0.6581987462,4.6461087968,0,0,65.510134034,83.900981355,49.248753246,48.06786726,1.1808859858,5.6527657027,28.999462406,2.342413185,68.239722953,31.225722872,267.65458427,19.49429816,56.237275228,67.581524206,124.34148667,60.844666451,1.2970387058,0.2129466532,34.206976016,4.85905545,20.268649626,14.22870819,6.698140182,0.7937102528,6.4658347422,0.2710230131,528.43679927,126.99364044,0.8130690394,59.547627745,2.8651004247,6.6013462487,57.166496987,0.1161527199,0,0,0.1161527199,0,0,0,0,0,5.0332845298,0,58.695841133,11.150661112,13.086539778,0.2516642265,1.1228096259,0.0387175733,3.7749633974,7.8983849545,89.689258564,0.9872981193,41.931131891,7.1821098483,39.588718706,0.0193587867,71.72430455,4.355726997,49.326188392,18.003671587,0.0387175733,0,5.8850711426,382.39411276
FEB20,0.1548702932,0.0967939333,0.05807636,0,0.0193587867,0.0193587867,0,41.950490677,1.5874205056,20.752619292,6.1173765824,13.493074297,13.434997937,4.4331621436,9.0018357937,4.297650637,2.3811307583,1.9165198787,6.0786590091,0.5807635996,0,0.1548702932,1.4131914257,3.9298336906,0,0,66.013462487,88.411578645,57.573031507,56.605092174,0.9679393327,4.7041851567,26.134361982,1.8584435187,58.715199919,31.825845258,239.81664906,15.370876603,50.081181072,61.386712477,112.97787891,58.115077533,6.4077583822,0.1935878665,25.147063863,4.5686736502,21.797993772,12.021806512,5.304307543,0.8324278261,5.7108420627,0.1742290799,490.76460045,118.43705674,0.890504186,54.340114136,2.4198483317,8.2468431143,52.539746977,0.1161527199,0,0,0.05807636,0,0,0,0.0193587867,0.0387175733,4.1040627705,0,56.392145521,9.9504163397,11.866936218,0.3290993731,0.8711453994,0,3.3684288777,7.2982625683,81.248827583,1.0840920526,38.156168493,5.9237887159,36.084778322,0.0193587867,55.521000121,4.297650637,35.987984388,15.196647523,0.0387175733,0,5.6527657027,343.30872251
MAR20,0.0967939333,0.1548702932,0.05807636,0,0,0.0967939333,0,43.963804489,1.4325502123,20.771978079,7.0078807685,14.75139543,9.8536224065,3.4845815976,6.3690408089,4.4525209302,2.3036956117,2.1488253185,6.4658347422,0.6194811729,0,0.1355115066,1.3163974924,4.3944445703,0,0,64.987446795,90.289380951,53.856144469,52.191288817,1.6648556522,6.0786590091,30.354577472,2.342413185,61.77388821,33.103525177,233.02171494,14.80947179,46.848263701,66.284485501,105.07949395,40.401787745,1.5293441456,0.1355115066,19.26199272,3.9104749039,15.564464469,14.151273043,5.9818650758,0.6388399596,7.3756977149,0.1548702932,475.08398326,122.75406617,1.1034508392,54.088449909,2.7683064914,10.06656906,54.727289869,0.0967939333,0,0.0193587867,0.0774351466,0,0,0,0,0,4.0266276239,0,56.895473974,11.557195632,12.834875551,0.2710230131,0.8711453994,0,4.0266276239,7.6660795147,77.086688453,0.7356338928,38.620779373,5.0913608898,32.638914297,0.05807636,59.934803478,5.3623839029,37.343099454,17.171243761,0.05807636,0,6.8142929019,352.05889408
APR20,0.05807636,0.0193587867,0,0,0.0193587867,0,0,33.43262455,1.451908999,14.57716635,6.640063822,10.763485379,8.8856830738,3.0393295046,5.8463535693,2.6134361982,1.393832639,1.2196035592,6.0980177958,0.5614048129,0,0.0967939333,0.9679393327,4.4718797169,0,0,51.107196764,56.585733387,29.928684166,28.999462406,0.9292217594,3.3684288777,23.288620344,1.955237452,46.674034621,21.101077452,147.86241246,12.776799191,25.998850475,44.350980222,64.735782568,42.492536704,2.1681841052,0.05807636,14.46101363,3.407146451,22.398116158,12.621928898,5.7302008493,0.6581987462,6.1173765824,0.1161527199,329.29296097,150.90174196,1.006656906,68.317158099,2.5553598382,14.209349403,64.813217715,0.1355115066,0,0,0.1161527199,0,0,0,0.0193587867,0,3.0199707179,0,55.230618322,10.453744793,13.067180991,0.2129466532,1.1228096259,0.0387175733,3.5039403842,8.1887667543,56.140481294,0.7937102528,30.567524125,3.9685512639,20.810695652,0.0967939333,49.481058686,5.2075136097,28.612286673,15.641899616,0.0193587867,0,5.749559636,344.27666184
MAY20,0.1548702932,0.1355115066,0.05807636,0.0193587867,0.0193587867,0.0387175733,0,36.355801335,1.2583211325,16.300098362,6.7755753286,12.021806512,11.382966552,4.0653451972,7.3176213549,2.6521537715,1.393832639,1.2583211325,5.4011014762,0.4646108797,0,0.05807636,1.1228096259,3.7556046107,0,0,56.082404934,46.344935248,25.011552356,24.256559676,0.7549926795,2.5553598382,18.778023054,1.5293441456,46.712752194,20.326725986,136.42136955,11.228096259,30.683676845,36.897847361,57.61174908,48.880936299,1.8197259454,0.0387175733,15.932281416,2.8651004247,28.22511094,11.673348352,4.4718797169,0.3678169464,6.7174989687,0.1161527199,311.88941177,197.14988328,1.4906265723,90.657197897,2.7876652781,17.055091041,85.159302487,0.2903817998,0,0.0193587867,0.2129466532,0,0,0,0,0.05807636,3.0780470779,0,54.901518948,9.8536224065,16.532403802,0.4065345197,1.2196035592,0.0774351466,4.5299560768,10.2988745,61.251200971,0.6581987462,32.735708231,4.297650637,23.559643357,0.0193587867,63.400026289,4.4912385035,41.350368291,17.500343134,0.05807636,0,6.8723692619,413.34881262
JUN20,0.05807636,0.1935878665,0.0387175733,0,0.0193587867,0.1355115066,0,39.04667268,1.2583211325,18.003671587,5.4011014762,14.383578483,12.118600445,4.2589330637,7.8596673812,3.0393295046,1.6454968655,1.393832639,6.8723692619,0.6001223862,0,0.0193587867,1.3357562791,4.9171318099,0,0,61.328636117,44.854308675,27.102301314,26.037568049,1.0647332659,2.2262604651,15.525746896,1.4906265723,50.390921658,18.62315276,136.28585804,10.802202952,32.213020991,33.335830617,59.934803478,41.718185238,1.5487029323,0.0193587867,18.79738184,4.1621391304,17.190602548,10.608615086,3.8330397573,0.6581987462,6.0786590091,0.0387175733,303.97166803,178.120196,1.0647332659,78.596673812,2.8070240647,18.139183094,77.512581759,0.0193587867,0,0,0.0193587867,0,0,0,0,0,3.9685512639,0,57.360084853,9.156706087,14.499731203,0.2516642265,1.1615271992,0,4.2008567037,8.8856830738,61.59965913,0.5614048129,31.322516805,4.74290273,24.972834783,0.0967939333,63.961431102,4.2589330637,43.692781476,15.874205056,0.1355115066,0,12.563852538,401.34636489
JUL20,0,0.0967939333,0.0387175733,0,0,0.05807636,0,44.254186289,1.897161092,21.023642305,5.9625062892,15.370876603,13.241410071,4.9558493832,8.2855606876,3.349070091,1.4325502123,1.9165198787,6.4077583822,0.6388399596,0,0.1548702932,1.0840920526,4.5299560768,0,0,67.349218766,37.420534601,21.914146491,20.907489585,1.006656906,1.6842144388,13.82217367,1.7422907988,51.320143418,18.100465521,135.33727749,9.6793933266,31.051493792,32.019433124,62.58695725,51.223349484,1.6067792922,0.0967939333,17.442266775,3.7749633974,28.302546087,8.6146600607,3.1361234378,0.3484581598,5.0332845298,0.0967939333,303.75872138,180.05607466,1.4712677856,78.983849545,2.7295889181,21.430176825,75.441191588,0.3097405865,0,0.0387175733,0.2129466532,0,0,0,0.0193587867,0.0387175733,7.2982625683,0,59.605704105,8.0726140344,14.69331907,0.2710230131,0.9872981193,0.05807636,4.1234215571,9.2535000202,80.126017958,0.8130690394,36.142854682,5.4398190495,37.730275187,0.05807636,61.502865197,3.852398544,42.937788797,14.46101363,0.2516642265,0,5.7689184227,417.49159296
AUG20,0.05807636,0.2129466532,0.1161527199,0,0.0193587867,0.0774351466,0,50.139257432,1.9358786653,24.29527725,7.1627510617,16.745350455,11.673348352,3.8330397573,7.8403085945,3.6781694641,1.6261380789,2.0520313852,6.4271171689,0.5226872396,0,0.0774351466,1.4712677856,4.355726997,0,0,72.18891543,52.152571244,31.245081658,29.831890233,1.4131914257,3.6007343175,17.306755268,2.4392071183,56.818038827,21.836711345,144.93923567,10.2988745,28.5735691,38.40783272,67.658959353,37.536687321,1.5293441456,0.0193587867,16.900220748,3.3103525177,15.777411122,8.4791485541,3.290993731,1.0453744793,4.1234215571,0.0193587867,324.20160008,158.66461541,1.9358786653,66.92332546,3.0199707179,23.617719717,63.167720849,0.0774351466,0,0,0.05807636,0,0,0,0.0193587867,0,6.1560941557,0,57.514955147,8.3823546208,13.493074297,0.2129466532,1.006656906,0.0387175733,3.9298336906,8.3049194742,79.835636158,1.1421684125,36.801053428,3.9491924773,37.94322184,0.0193587867,65.761798261,4.4138033569,46.209423741,15.04177723,0.0967939333,0,6.7174989687,396.62282095
SEP20,0.1548702932,0.1548702932,0.0967939333,0,0.0193587867,0.0387175733,0,48.687348433,2.0326725986,23.30797913,6.4658347422,16.880861962,13.396280364,4.2782918504,9.1179885137,3.8330397573,1.7616495854,2.0713901719,7.7628734479,0.5226872396,0,0.2516642265,1.3163974924,5.6721244894,0,0,73.989282589,51.223349484,31.032135005,30.006119312,1.0260156926,3.9104749039,16.280739575,1.8584435187,58.657123559,22.378757371,157.34821792,10.415027219,30.393295046,39.975894439,76.564001213,36.878488574,1.6067792922,0.0967939333,17.539060708,3.0974058645,14.538448777,7.704797088,2.8263828514,0.4065345197,4.3750857836,0.0967939333,336.04917751,124.86417391,1.8390847321,51.533090071,2.458565905,18.371488534,50.661944671,0.0193587867,0,0,0,0.0193587867,0,0,0,0,5.5559717695,0,58.715199919,8.653377634,11.847577432,0.2323054398,1.0840920526,0.0967939333,3.2329173711,7.201468635,72.730961456,1.2196035592,32.85186095,3.7749633974,34.884533549,0.05807636,50.487715592,4.2202154904,33.471342123,12.699364044,0.0967939333,0,8.150049181,341.08246204
OCT20,0.05807636,0.2129466532,0.1355115066,0,0,0.05807636,0.0193587867,50.661944671,2.1101077452,23.30797913,7.3563389282,17.887518868,12.544493751,4.7816203033,7.7628734479,3.1941997978,1.451908999,1.7422907988,7.6854383013,0.9872981193,0,0.0387175733,1.5680617189,5.0913608898,0,0,74.357099535,57.26329092,34.826457189,33.645571203,1.1808859858,3.6007343175,18.836099414,2.3811307583,55.830740708,23.579002144,166.81466459,11.712065925,31.032135005,41.892414318,82.178049343,39.917818079,1.2970387058,0.0967939333,19.474939373,3.2522761577,15.796769909,9.2535000202,4.1814979171,0.5226872396,4.5299560768,0.0193587867,355.04014722,128.83272518,0.6969163195,53.294739656,2.903817998,21.101077452,50.836173751,0.1742290799,0,0,0.1161527199,0,0,0.0387175733,0,0.0193587867,5.6527657027,0,61.309277331,8.4017134075,11.537836845,0.2516642265,0.8711453994,0.0193587867,3.4652228109,6.9304456218,74.724916481,1.2970387058,32.387250071,4.3170094237,36.723618281,0,61.870682144,4.85905545,42.221513691,14.790113003,0,0,7.4144152882,359.91856146
NOV20,0.0774351466,0.2323054398,0.0774351466,0,0.0193587867,0.0774351466,0.05807636,51.610525217,1.7229320121,24.275918463,7.3950565015,18.216618241,13.357562791,4.3944445703,8.9631182204,2.7295889181,1.1034508392,1.6261380789,7.1627510617,0.7162751062,0,0.0193587867,1.5680617189,4.85905545,0,0,75.170168574,57.476237573,37.033358868,35.891190455,1.1421684125,2.9618943579,17.480984348,1.897161092,57.050344267,22.320681011,161.68458613,11.983088938,30.664318059,39.414489626,79.622689505,35.813755308,1.006656906,0.1548702932,17.461625561,3.5039403842,13.686662164,8.4985073408,3.1167646512,0.4646108797,4.8784142366,0.0387175733,344.74127272,130.43950447,1.2002447725,54.011014762,3.8911161173,15.525746896,55.811381921,0.1742290799,0,0.0387175733,0.05807636,0,0.05807636,0,0.0193587867,0,6.5432698888,0.0193587867,61.231842184,8.0338964611,12.931669484,0.2323054398,1.2389623458,0.05807636,3.4265052376,7.9758201011,76.69951272,1.2196035592,32.213020991,3.8717573306,39.395130839,0.0193587867,63.206438423,4.9752081699,42.473177917,15.719334762,0.0387175733,0,7.7435146613,367.04259494
DEC20,0.0967939333,0.1161527199,0,0,0,0.0967939333,0.0193587867,50.294127725,2.0713901719,23.88874273,7.4144152882,16.919579535,11.402325339,4.1427803438,7.259544995,3.407146451,1.6648556522,1.7422907988,6.5432698888,0.6001223862,0,0.0967939333,1.2583211325,4.5880324368,0,0,71.859816057,59.508910172,39.453207199,37.962580627,1.4906265723,4.0072688372,16.048434136,1.955237452,54.069091122,26.482820142,169.93142924,11.247455046,33.66492999,40.537299252,84.481744955,36.200931041,1.0453744793,0.1742290799,20.152496906,2.6327949848,12.196035592,8.0726140344,3.349070091,0.2129466532,4.4525209302,0.05807636,356.22103321,99.484804611,1.1034508392,46.422370394,2.9425355713,6.3496820222,42.666765784,0.1935878665,0,0.05807636,0.1355115066,0,0,0,0,0,6.9691631952,0,61.541582771,8.7114539939,9.8536224065,0.3290993731,0.8324278261,0.05807636,2.7295889181,5.9044299292,73.989282589,0.7937102528,33.78108271,2.9425355713,36.471954055,0.0193587867,58.599047199,4.8784142366,38.562703013,15.138571163,0.0193587867,0,6.7949341153,326.15683753
JAN21,0.1150347769,0.1150347769,0.0191724628,0,0.0191724628,0.0766898513,0,47.739432426,1.9172462822,22.834403221,6.5761547478,16.411628175,11.925271875,3.5852505477,8.3400213274,4.1604244323,1.610486877,2.5499375553,6.9596040043,0.6326912731,0,0.210897091,1.2270376206,4.8889780195,0,0,71.014802292,60.968431773,39.878722669,38.479132883,1.399589786,3.4510433079,17.638665796,1.2845550091,56.021936365,25.767790032,173.10816682,12.385410983,33.168360682,40.473069017,87.081326136,37.309612651,1.7830390424,0.0958623141,18.386391846,3.1442839028,13.900035546,8.5892633441,2.8950418861,0.4217941821,5.1765649619,0.0958623141,363.04975599,108.88041636,0.8819332898,47.049223764,2.3390404642,13.938380471,44.671838375,0,0,0,0,0,0,0,0,0,5.0998751106,0,61.294363641,8.7809879723,10.391474849,0.1917246282,0.8244159013,0.0191724628,2.7224897207,6.6336721363,74.523362988,1.0161405296,32.401462169,3.3168360682,37.788924222,0,61.562778121,5.4641519042,40.83734581,15.184590555,0.0766898513,0,6.1351881029,336.66844715
FEB21,0.0766898513,0.1533797026,0.0575173885,0.0191724628,0.0191724628,0.0575173885,0,47.586052724,1.1311753065,21.799090228,6.5953272107,18.060459978,12.903067479,4.7931157054,8.1099517736,3.336008531,1.6296593398,1.7063491911,6.556982285,0.8052434385,0,0.1150347769,1.610486877,4.0262171926,0,0,70.612180572,55.235865389,36.715266304,35.679953311,1.0353129924,3.5660780848,14.954521001,1.5913144142,50.730336626,22.240056873,161.89227607,10.640716866,35.564918534,35.910022865,79.776617801,38.555822734,1.7830390424,0.2300695539,18.098804904,2.9333868117,15.510522423,8.6659531954,3.6811128618,0.2684144795,4.5438736887,0.1725521654,338.9116253,113.30925528,0.9777956039,52.034064098,3.2401462169,6.3269127312,50.730336626,0.1150347769,0,0,0.0383449256,0.0191724628,0.0383449256,0,0,0.0191724628,4.7739432426,0,60.853396996,9.5862314109,11.465132767,0.2684144795,0.7668985129,0.0383449256,3.220973754,7.1705010953,66.643480768,1.3037274719,30.215801407,2.9333868117,32.190565078,0.0383449256,60.795879608,4.6397360029,41.029070438,15.088728241,0.0383449256,0,5.2532548132,332.83395459
MAR21,0.0191724628,0.1533797026,0.0383449256,0,0,0.0958623141,0.0191724628,56.788834878,1.7446941168,26.438826231,7.2280184838,21.377296046,15.568039811,5.5983591439,9.9696806673,3.4126983823,1.4379347116,1.9747636706,7.0746387812,0.5176564962,0,0.2300695539,1.610486877,4.7164258541,0,0,83.016764018,60.086498483,36.715266304,35.718298237,0.9969680667,3.9303548785,19.440877301,1.4954521001,51.382200362,25.767790032,176.71258983,11.215890751,37.923131461,40.492241479,87.081326136,33.22587807,1.725521654,0.0958623141,15.069555778,3.2018012912,13.133137033,8.8960227493,3.1059389771,0.4217941821,5.1765649619,0.1917246282,357.56643163,113.38594513,0.8052434385,51.247993122,3.1826288284,7.4580880376,50.691991701,0.0383449256,0,0,0.0383449256,0,0,0,0,0,5.0807026478,0,76.747368675,9.2602995429,12.768860239,0.1533797026,0.8819332898,0,3.5852505477,8.1482966992,72.721151483,1.073657918,32.957463591,3.0867665143,35.60326346,0,68.790796604,4.0262171926,47.547707798,17.1210093,0.0958623141,0,8.7426430467,367.53611229
APR21,0.1150347769,0.1150347769,0.0191724628,0.0191724628,0.0383449256,0.0383449256,0,47.7010875,1.5337970257,20.840467087,6.3844301196,18.942393268,14.628589133,4.6589084657,9.9696806673,3.1634563656,1.4762796373,1.6871767283,5.9626359376,0.325931868,0,0.1917246282,1.4571071745,3.9878722669,0,0,71.68583849,63.384162089,38.805064751,37.84644161,0.9586231411,4.1029070438,20.476190294,1.5529694886,48.007846906,26.630550859,171.17174807,10.928303808,31.11690716,44.173354341,84.953182763,39.859550206,1.1695202321,0.1533797026,23.1028177,3.1442839028,12.289548669,7.7073300543,2.7608346463,0.4026217193,4.4671838375,0.0766898513,358.31415768,99.485909582,0.5751738847,46.109773086,2.684144795,7.630640203,42.486177613,0.7093811244,0,0,0.7093811244,0,0,0,0,0,4.0645621182,0,65.378098222,8.5125734928,9.7396111134,0.1342072398,1.2270376206,0,2.7416621835,5.6367040696,60.81505207,1.1503477693,27.263242132,2.6266274066,29.774834762,0,62.84733313,4.4863563003,42.850454407,15.472177497,0.0383449256,0,8.3400213274,319.89254218
MAY21,0.0191724628,0.1725521654,0.0575173885,0,0.0191724628,0.0958623141,0,56.577937787,1.8213839681,24.176475618,6.8445692274,23.735508973,13.669965992,5.3682895901,8.3016764018,4.0645621182,1.8789013565,2.1856607617,7.1321561697,0.8052434385,0,0.1150347769,1.2078651578,5.0040127965,0,0,81.636346695,69.864454522,44.959425317,43.866594936,1.0928303808,4.1029070438,20.802122162,2.3390404642,51.363027899,27.435794298,188.84875879,10.506509626,37.2329228,48.391296162,92.718030206,32.439807094,1.2653825462,0.0383449256,16.660870192,2.684144795,11.791064635,9.6629212621,4.1220795067,0.4793115705,4.8314606311,0.2300695539,381.95380433,114.22953349,0.8052434385,53.241929256,2.8566969604,8.1291242364,49.196539601,0.0766898513,0,0,0.0575173885,0,0,0,0.0191724628,0,5.3491171273,0,73.967361566,8.3783662531,11.560995081,0.1725521654,0.9011057526,0.0191724628,3.220973754,7.2471909466,68.21562272,1.2653825462,31.001872383,3.4702157707,32.47815202,0,71.033974754,4.8889780195,50.097645353,15.97066153,0.0766898513,0,5.8476011606,358.65926201
JUN21,0.0958623141,0.2300695539,0.0766898513,0,0,0.1533797026,0,53.376136496,1.4571071745,23.869716213,6.4419475081,21.6073656,13.554931215,4.3521490605,9.2027821544,4.083734581,1.8597288937,2.2240056873,6.020153326,0.5560014218,0,0.0575173885,1.2462100834,4.1604244323,0,0,77.360887486,62.310504171,37.482164816,36.581059064,0.9011057526,4.2946316721,20.533707682,1.9555912078,50.366059833,23.428749568,177.05769416,10.046370519,40.223827,40.338861777,86.448634863,37.693061907,1.5913144142,0.1150347769,20.322810591,3.010076663,12.653825462,8.49340103,2.9717317374,0.3067594051,5.1190475734,0.0958623141,361.30506188,114.5362929,1.2462100834,52.110753949,2.6074549438,11.656857396,46.915016525,0.0383449256,0,0,0.0191724628,0,0,0,0,0.0191724628,5.0040127965,0,73.277152905,8.7809879723,11.61851247,0.1342072398,1.1120028437,0.0383449256,3.4702157707,6.8637416902,67.122792339,1.1120028437,31.001872383,2.5882824809,32.420634632,0,59.127875342,4.4863563003,38.018993775,16.545835415,0.0766898513,0,8.8385053608,348.34447701
JUL21,0.0958623141,0.1150347769,0.0191724628,0,0.0191724628,0.0766898513,0,77.705991816,1.5721419514,33.130015756,8.9343676749,34.069466434,14.571071745,5.1765649619,9.3945067826,3.9686998041,1.8405564309,2.1281433732,8.0907793108,0.5943463475,0,0.1150347769,2.0514535219,5.3299446644,0,0,104.54743977,57.268146448,34.58712293,33.072498367,1.5146245629,3.546905622,19.134117896,1.6296593398,58.70608116,23.37123218,176.94265938,10.909131346,39.974584983,43.34893844,82.710004613,46.799981748,2.2431781501,0.0958623141,18.271357069,2.8950418861,23.294542328,8.8768502865,3.3935259194,0.2684144795,5.0423577221,0.1725521654,373.59461054,99.850186376,0.3642767936,46.186462938,2.2431781501,7.9757445338,43.08052396,0.0383449256,0,0,0.0191724628,0,0.0191724628,0,0,0,5.6942214581,0.0191724628,73.353842756,8.5509184185,11.292580602,0.1533797026,0.9202782154,0.0191724628,3.0675940515,7.1321561697,69.691902357,1.1886926949,30.906010069,2.4157303155,35.181469278,0,57.498216002,3.7578027131,37.788924222,15.817281828,0.1342072398,0,6.4802924337,332.46967779
AUG21,0.0766898513,0.1533797026,0.1342072398,0,0,0.0191724628,0,81.425449604,1.8213839681,35.986712716,9.9313357417,33.686017178,15.740591977,5.9626359376,9.7779560391,3.3551809938,1.5529694886,1.8022115052,8.7809879723,0.5560014218,0,0.1533797026,1.5529694886,6.5186373594,0,0,109.5322801,56.021936365,32.401462169,31.366149176,1.0353129924,4.3138041349,19.306670061,2.1281433732,61.236846253,24.042268378,180.93053165,10.372302387,39.130996619,45.45790935,85.969323293,39.917067595,2.5882824809,0.0191724628,18.558944011,3.8344925643,14.916176075,9.7971285019,3.9686998041,0.4601391077,5.3491171273,0.0191724628,374.07392211,115.64829574,0.74772605,52.168271338,2.3198680014,11.867754487,48.544675865,0.0958623141,0,0.0191724628,0.0383449256,0,0,0,0,0.0383449256,5.5600142183,0,70.688870424,9.0110575262,12.270376206,0.2492420167,1.0353129924,0.0383449256,3.3551809938,7.5922952774,72.337702226,0.8435883642,32.497324483,2.8950418861,36.101747493,0.0191724628,63.537541791,5.5600142183,41.949348654,16.009006456,0.0191724628,0,10.333957461,359.50285037
SEP21,0.0575173885,0.1342072398,0.0958623141,0,0.0383449256,0,0,75.136881798,1.7830390424,32.669876648,8.7426430467,31.941323061,16.085696307,4.8506330939,11.235063214,5.2340823503,2.7608346463,2.473247704,6.9979489299,0.5943463475,0,0.1533797026,1.5337970257,4.7164258541,0,0,103.64633401,60.81505207,35.373193906,34.222846137,1.1503477693,4.5438736887,20.897984476,2.5115926296,59.798911541,22.374264113,186.72061542,10.468164701,41.58507186,44.441768821,90.225610039,39.591135727,2.3006955386,0.0383449256,18.769841102,2.8375244976,15.644729663,9.0685749147,3.3935259194,0.3834492564,5.2340823503,0.0575173885,380.88014642,102.2083993,0.8435883642,44.460941284,2.5882824809,11.311753065,43.003834109,0.7093811244,0.0191724628,0,0,0,0,0,0,0.6902086616,5.6175316068,0,68.234795182,9.145264766,9.6245763365,0.2875869423,0.4026217193,0.0575173885,2.7416621835,6.1351881029,67.889690852,1.1503477693,29.985731853,2.7224897207,34.031121509,0.0191724628,58.169252201,4.8506330939,38.555822734,14.74362391,0.0191724628,0,11.311753065,332.9298169
OCT21,0.0191724628,0.1725521654,0.0383449256,0,0,0.1342072398,0,80.332619223,2.1856607617,37.041198172,9.8354734275,31.270286862,14.801141298,5.6750489952,9.1260923031,3.7002853246,1.7830390424,1.9172462822,7.5539503518,0.4217941821,0,0.0766898513,1.8980738194,5.157392499,0,0,106.57972083,68.426519811,45.266184722,43.789905085,1.4762796373,4.3329765977,18.827358491,1.9939361335,63.901818585,27.704208777,193.33511509,10.161405296,40.894863199,45.553771664,96.725074936,38.134028552,1.8405564309,0.0191724628,19.114945433,2.6266274066,14.532726819,8.2058140877,3.2401462169,0.4026217193,4.5055287631,0.0575173885,401.70144104,106.67558314,1.3228999347,47.240948393,2.9333868117,11.388442916,43.789905085,0,0,0,0,0,0,0,0,0,5.8284286978,0,72.970393499,9.3945067826,11.541822619,0.210897091,1.5721419514,0.0383449256,3.220973754,6.4994648966,71.07231968,0.862760827,31.86463321,2.0897984476,36.255127196,0.0191724628,66.470928603,5.7900837722,44.614320986,16.009006456,0.0575173885,0,8.2441590133,352.2173145
NOV21,0.0958623141,0.1342072398,0.0575173885,0,0.0191724628,0.0575173885,0,80.58186124,1.8597288937,36.96450832,9.5287140224,32.228910003,15.529694886,5.8667736234,9.6629212621,4.1029070438,1.9747636706,2.1281433732,7.5347778889,0.4793115705,0,0.1917246282,1.7446941168,5.1190475734,0,0,107.97931061,66.221686586,44.940252854,43.48314568,1.4571071745,3.6811128618,17.60032087,1.7830390424,63.384162089,26.534688545,192.93249337,10.985821197,41.834313877,44.211699267,95.900659034,43.329765977,1.7830390424,0.0383449256,18.693151251,3.0292491258,19.785981632,8.49340103,3.8536650272,0.4409666449,4.1795968951,0.0191724628,402.67923664,106.04289187,0.8052434385,46.359015103,3.010076663,13.056447182,42.812109481,0.1150347769,0,0,0,0,0,0,0,0.1150347769,5.2915997388,0.0383449256,71.474941399,9.3178169314,10.755751643,0.1917246282,0.9969680667,0.0191724628,3.1442839028,6.4036025825,70.228731316,1.6488318027,31.577046267,1.4762796373,35.526573609,0,61.179328864,4.5630461516,40.568931331,15.989833993,0.0575173885,0,8.1291242364,342.5735657
DEC21,0.0383449256,0.1533797026,0.0766898513,0,0.0383449256,0.0383449256,0,89.286159361,1.8597288937,40.262171926,10.966648734,36.197609807,13.900035546,5.5600142183,8.3400213274,4.2371142836,2.1281433732,2.1089709104,7.956572071,0.6710361988,0,0.1150347769,1.3804173232,5.7900837722,0,0,115.57160589,68.043070554,44.671838375,43.579007994,1.0928303808,4.3904939862,18.980738194,1.8789013565,66.835205397,27.819243554,186.35633863,10.755751643,36.676921378,43.847422473,95.076243133,36.561886601,1.8213839681,0.0383449256,20.802122162,1.7830390424,12.116996503,7.093811244,3.2018012912,0.1533797026,3.7002853246,0.0383449256,394.58845733,76.383091882,0.4409666449,34.970572187,2.1664882989,7.1513286325,31.653736119,0.0383449256,0,0,0.0383449256,0,0,0,0,0,4.3329765977,0,79.929997504,9.030229989,9.3753343198,0.1725521654,0.9011057526,0.0766898513,2.6457998694,5.5791866811,65.608167776,1.0928303808,29.889869539,1.3037274719,33.321740384,0,58.8402884,4.8314606311,38.747547363,15.203763018,0.0575173885,0,7.74567498,311.28410637
JAN22,0.1506334608,0.1129750956,0.0753167304,0,0,0.0376583652,0,76.766577448,2.0712100857,33.986674587,9.7911749504,30.917517824,13.161598635,4.8390999274,8.3224987078,5.0838793012,2.6737439288,2.4101353724,7.2680644824,0.6025338431,0,0.1129750956,1.1862385036,5.3663170401,0,0,102.54372842,74.601221449,49.652554508,48.353340909,1.2992135992,4.5754913711,20.37317557,2.428964555,61.477281179,33.402969927,189.5533812,10.130100237,37.564219281,50.405721812,91.453339873,34.5138917,1.8640890771,0,13.425207192,2.5419396506,16.682655781,7.8329399603,2.9938400329,0.3765836519,4.2930536321,0.1694626434,403.81064997,71.889819155,0.3765836519,33.177019736,1.7511139815,6.3454345352,30.239667251,0.1318042782,0,0,0,0,0.0188291826,0,0,0.1129750956,3.3892528674,0,71.34377286,7.7011356821,8.0777193341,0.2636085564,0.7343381213,0.0188291826,2.4477937376,4.6131497363,60.046263302,1.0356050428,29.411183216,1.5063346078,28.093140435,0,56.355743513,4.6319789188,36.020226308,15.628221555,0.0753167304,0,10.450196341,289.38570733
FEB22,0.094145913,0.1129750956,0.0188291826,0,0,0.094145913,0,74.055175154,1.5816513381,34.5138917,8.8685450032,29.091087112,14.875054252,6.7596765523,8.1153776993,3.2574485893,1.44984706,1.8076015293,7.8329399603,0.8849715821,0,0.2071210086,1.3745303296,5.3663170401,0,0,100.22773896,63.510832899,41.047618061,39.955525471,1.0920925906,4.0859326235,18.377282215,1.9582349901,54.058583236,27.62241087,180.06347317,8.9626909161,37.037002168,47.393052596,86.670727494,33.647749301,1.5063346078,0.0376583652,13.594669835,2.1841851812,16.324901312,8.5861072642,3.4833987804,0.3200961041,4.6319789188,0.1506334608,369.44739173,85.766926729,0.3954128345,40.671034409,2.617256381,3.2197902241,38.86343288,0.0564875478,0,0,0.0188291826,0,0.0188291826,0.0188291826,0,0,3.2762777719,0,69.159587679,9.1886411073,9.1509827421,0.3012669216,0.5460462953,0.0564875478,2.9750108503,5.2721711271,59.650850467,0.9979466776,27.867190243,1.9770641727,28.808649373,0,65.374921977,4.85792911,41.537176809,18.885670145,0.094145913,0,6.3830929004,308.00776892
MAR22,0.094145913,0.2259501912,0.2071210086,0,0,0.0188291826,0,90.944951943,1.8452598945,40.332109123,11.410484654,37.357098272,19.902446005,8.454302986,11.448143019,4.3871995451,2.1653559986,2.2218435464,8.6237656294,0.6213630257,0,0.282437739,2.3536478246,5.3663170401,0,0,124.17845923,73.207861937,48.5792911,47.411881779,1.167409321,4.1424201713,20.486150665,2.1088684509,63.171907613,30.861030276,190.57015706,9.621712307,34.589208431,49.784358786,96.57487754,39.447137541,1.9017474423,0.0188291826,16.400218042,1.9582349901,19.168107884,9.6028831244,3.5210571456,0.4707295649,5.4792921357,0.1318042782,408.96984601,116.60912782,0.8661423995,53.550195306,2.7490606592,11.372826289,48.07090317,0.0564875478,0,0,0.0376583652,0,0.0188291826,0,0,0,4.2365660843,0,82.170552853,8.7743990902,10.958584271,0.3200961041,0.6966797561,0.094145913,3.0503275807,6.7973349175,70.119875991,1.0544342254,33.195848918,1.6757972511,34.193795596,0,72.605328094,5.6864131443,48.937045569,17.887723467,0.094145913,0,11.542288932,377.07321069
APR22,0.0753167304,0.188291826,0.1318042782,0,0,0.0564875478,0,77.952815951,1.6381388859,34.551550065,8.5107905338,33.252336466,12.370772966,5.1215376664,7.2492352998,4.0106158931,1.7322847989,2.2783310942,7.7764524125,0.7719964865,0,0.1506334608,1.8829182597,4.9709042056,0,0,102.37426578,68.839491574,44.173262372,43.043511417,1.1297509558,4.2365660843,20.429663118,1.8640890771,57.78676139,27.867190243,171.40204918,8.642594812,32.838094449,46.395105919,83.526254,29.015770382,1.261555234,0.0188291826,13.255744548,3.7281781542,10.751463263,7.3622103954,3.3139361371,0.3012669216,3.5775446934,0.1694626434,364.13756224,94.955567836,0.9038007647,44.267408285,1.5439929729,9.8476624982,38.392703315,0.0376583652,0,0,0,0,0,0,0.0188291826,0.0188291826,5.2533419445,0,77.21847783,7.8517691429,10.356050428,0.1318042782,0.8849715821,0.0753167304,2.9938400329,6.2701178048,64.979509142,0.8661423995,29.806596051,1.1862385036,33.120532188,0.188291826,72.454694633,4.2365660843,51.309522577,16.889776789,0.0188291826,0,6.5902139089,339.88557506
MAY22,0.0376583652,0.188291826,0.1694626434,0,0,0.0188291826,0,80.513584785,2.0335517205,36.227347317,9.0944951943,33.158190553,15.647050738,5.7240715095,9.9229792286,3.690519789,1.8640890771,1.8264307119,9.0191784639,0.6590213909,0,0.4330711997,1.7699431641,6.1571427092,0,0,109.09628397,68.895979122,41.273568252,40.181475662,1.0920925906,4.7072956492,22.91511522,1.9770641727,57.598469564,27.11402294,196.20008266,9.4899080289,40.143817297,49.539579413,97.026777922,31.670685128,2.7678898418,0.0753167304,12.502577244,2.3536478246,13.971253487,9.1321535595,3.5587155108,0.2071210086,5.3474878575,0.0188291826,392.58845715,101.52695256,0.6778505735,48.974703935,1.7511139815,6.4207512656,43.702532807,0,0,0,0,0,0,0,0,0,5.1591960316,0,75.956922596,9.621712307,10.261904515,0.1506334608,0.8661423995,0.0564875478,2.428964555,6.7596765523,64.132195925,1.073263408,30.446788259,1.2427260514,31.369418207,0.0188291826,66.617648028,4.8955874752,42.817561225,18.904499327,0,0,7.381039578,340.67640073
JUN22,0.0376583652,0.1318042782,0.0564875478,0,0,0.0753167304,0,76.2770187,1.7134556163,34.702183526,9.1886411073,30.67273845,12.54023561,4.763783197,7.7764524125,4.5754913711,2.1841851812,2.3913061898,8.1153776993,0.5272171127,0,0.3389252867,1.7699431641,5.4792921357,0,0,101.67758602,71.569723051,43.966141364,42.742244495,1.2238968688,4.5566621885,23.046919499,1.5439929729,57.108910817,27.735385965,198.83616822,9.2451286551,42.629269399,46.03735145,100.92441872,30.220838068,1.8640890771,0.0188291826,12.935648444,1.8264307119,13.575840652,8.9250325509,2.9750108503,0.5837046605,5.2721711271,0.094145913,395.94005165,109.77413454,0.9414591298,47.185931588,1.5063346078,16.908605972,43.231803243,0.094145913,0,0,0.094145913,0,0,0,0,0,3.596373876,0.0188291826,75.486193031,9.6970290374,10.977413454,0.282437739,1.1862385036,0.0564875478,2.9750108503,6.4772388133,62.13630257,0.7343381213,30.52210499,1.4310178774,29.448841582,0,69.291391957,4.4060287277,46.395105919,18.41494058,0.0753167304,0,11.203363645,352.27517721
JUL22,0.0564875478,0.1129750956,0.0376583652,0,0.0376583652,0.0376583652,0,77.821011673,1.6193097033,33.384140744,9.2451286551,33.57243257,12.351943784,5.2345127619,7.1174310216,4.1235909887,1.7887723467,2.334818642,9.1698119247,0.8284840343,0,0.1506334608,1.9958933553,6.1948010744,0,0,103.63582101,66.674135576,40.671034409,39.710746097,0.9602883124,5.1027084838,20.900392683,2.0712100857,57.297202642,25.81480934,190.30654851,9.1698119247,40.840497053,45.265354963,95.030884567,36.792222794,1.073263408,0.094145913,14.856225069,5.8747049702,14.893883434,8.8497158206,3.7281781542,0.3577544693,4.6884664666,0.0753167304,387.80584477,100.84910199,0.7155089387,48.880558022,1.4686762426,5.0838793012,44.700479485,0,0,0,0,0,0,0,0,0,5.046220936,0,79.948709307,9.3581037507,10.902096724,0.1694626434,0.9226299473,0.0753167304,3.1256443111,6.6090430915,68.651199748,1.261555234,31.896635319,1.7699431641,33.723066031,0,72.492352998,4.3495411799,48.108561535,19.977762735,0.0564875478,0,7.7576232299,355.00540868
AUG22,0.188291826,0.188291826,0.0564875478,0,0,0.1318042782,0,89.287983875,1.5251637904,40.049671384,10.412537976,37.300610725,15.195150356,5.8747049702,9.3204453855,4.1612493539,1.8829182597,2.2783310942,10.14892942,0.8661423995,0,0.1694626434,2.5984271984,6.5148971785,0,0,119.16989666,67.57793634,40.445084218,39.616600184,0.8284840343,4.4436870929,22.689165029,2.3913061898,62.192790118,26.342026453,200.56845302,9.998295959,47.242419136,47.99558644,95.332151488,41.122934792,0.8284840343,0.1129750956,16.701484963,5.0273917534,18.452598945,9.7911749504,3.4457404152,0.4707295649,5.7805590573,0.094145913,409.98662187,117.6070745,0.9226299473,53.738487132,1.9582349901,11.617605662,49.370116769,0.188291826,0,0.0188291826,0.1129750956,0,0.0188291826,0,0,0.0376583652,5.0650501186,0,88.704279214,9.71585822,11.67409321,0.3765836519,1.0356050428,0.0376583652,3.2197902241,7.0044559261,69.837438252,0.6966797561,31.858976954,1.9394058075,35.342375734,0.0188291826,76.615943987,4.1235909887,50.405721812,21.973656091,0.1129750956,0,9.3392745681,388.76613308
SEP22,0.0564875478,0.1318042782,0.0564875478,0,0,0.0753167304,0,87.856965997,1.8640890771,39.334162445,10.638488167,36.020226308,13.820620026,5.6675839617,8.1530360645,3.690519789,1.6757972511,2.0147225379,10.600829802,0.7155089387,0,0.282437739,2.9561816677,6.6467014567,0,0,116.15722744,72.586498911,44.719308668,43.740191173,0.979117495,3.8034948846,24.063695359,2.4477937376,64.621754673,29.542987495,201.75469153,10.619658985,44.794625398,49.822017152,96.518389992,36.246176499,0.7155089387,0.0753167304,14.893883434,1.5439929729,19.017474423,9.0380076465,3.6152030586,0.1694626434,5.0650501186,0.188291826,416.23791049,92.30065309,0.5460462953,43.062340599,1.6946264337,8.2660111601,38.731628602,0.0188291826,0,0,0.0188291826,0,0,0,0,0,4.4813454581,0.1129750956,88.120574554,10.412537976,10.506683889,0.3577544693,0.979117495,0.1129750956,2.7302314766,6.3266053526,65.996285002,0.9414591298,30.183179703,1.7134556163,33.158190553,0.0376583652,67.408473697,5.046220936,44.022628912,18.301965484,0.0376583652,0,9.5275663941,348.9235827
OCT22,0.0753167304,0.0564875478,0.0376583652,0,0,0.0188291826,0,96.518389992,1.9958933553,44.493358477,11.259851193,38.769286967,17.39816472,7.1362602042,10.261904515,4.763783197,2.4477937376,2.3159894594,11.862385036,0.9602883124,0,0.3765836519,3.1821318589,7.3433812128,0,0,130.67452722,82.867232609,52.213323341,50.89528056,1.3180427818,4.5190038233,26.134905445,1.9582349901,67.785057349,31.218784746,222.74923012,11.485801384,48.202707448,54.755262992,108.3054583,39.936696288,0.7343381213,0.094145913,20.053079466,1.6004805207,17.454652267,11.297509558,4.3683703625,0.4142420171,6.4584096308,0.0564875478,457.81274566,107.10039061,0.9979466776,49.370116769,2.1276976335,12.785014983,41.819614548,1.3933595122,0,0,0.0376583652,0,0,0,0,1.355701147,4.5566621885,0.0188291826,93.16679549,10.205416968,11.278680376,0.2636085564,0.9979466776,0.0188291826,3.1821318589,6.8161641001,71.588552234,0.9602883124,32.386194067,1.2992135992,36.942856255,0.0376583652,70.760068199,4.3683703625,46.828177119,19.544691536,0.0188291826,0,7.3433812128,377.44979434
NOV22,0.0564875478,0.1129750956,0.0753167304,0,0,0.0376583652,0,97.064436287,2.0335517205,45.114721502,11.203363645,38.712799419,16.795630876,6.9667975609,9.8288333156,5.046220936,2.5419396506,2.5042812854,13.255744548,0.8284840343,0,0.2259501912,4.3871995451,7.8141107777,0,0,132.33149529,91.020268674,57.71144466,56.41223106,1.2992135992,5.931192518,27.377631496,2.5042812854,68.274616097,35.681301021,240.35451585,13.105111087,48.259194996,60.648797145,118.34141262,40.633376044,1.0356050428,0.0376583652,17.680602459,1.7134556163,20.166054561,10.883267541,4.3118828147,0.5083879301,5.9688508832,0.094145913,489.35162651,103.4287,0.8096548517,48.805241291,1.9205766249,8.2095236123,43.683703625,0.0188291826,0,0,0,0,0,0,0,0.0188291826,4.1047618061,0,100.96207708,12.013018497,11.504630567,0.2636085564,1.0920925906,0.0188291826,3.6528614238,6.4772388133,64.810046499,0.9602883124,31.501222485,1.9958933553,30.352642346,0,70.251680269,5.1027084838,43.909653816,21.201659604,0.0376583652,0,7.475185491,374.5689294
DEC22,0.188291826,0.2447793738,0.1318042782,0.0188291826,0,0.094145913,0,97.271557296,1.9770641727,45.472475972,10.393708794,39.428308358,14.103057765,5.4039754053,8.6990823598,4.8014415622,2.2218435464,2.5795980158,12.031847679,0.9414591298,0,0.3200961041,2.9185233025,7.8517691429,0,0,128.6409755,94.466009089,60.309871858,58.841195615,1.4686762426,6.1948010744,27.961336156,2.5042812854,69.291391957,39.37182081,244.60991112,11.956530949,50.273917534,66.354039472,116.02542316,37.752511107,0.6590213909,0.0564875478,17.605285728,2.1465268161,17.285189624,10.977413454,4.4060287277,0.4707295649,5.9500217006,0.1506334608,498.97333882,92.564261647,0.6778505735,45.585451067,1.5439929729,7.1550893868,37.601877646,0,0,0,0,0,0,0,0,0,4.9709042056,0,97.704628496,10.299562881,11.09038855,0.2636085564,0.979117495,0.0376583652,3.2762777719,6.5337263611,69.517342148,0.979117495,33.289994831,1.355701147,33.892528674,0,73.30200785,4.9897333882,47.336565049,20.919221865,0.0564875478,0,10.280733698,369.72982947
JAN23,0.0366956654,0.0550434981,0.0550434981,0,0,0,0,94.656468941,1.9081746016,44.236624659,11.228873617,37.282796063,15.522266471,6.5501762768,8.9720901943,5.2658279872,2.9173054006,2.3485225866,13.577396204,1.1375656279,0,0.2385218252,3.2475663893,8.9537423616,0,0,129.11369877,84.877074108,49.153843825,47.741060707,1.4127831185,7.0639155926,28.65931469,2.3301747539,69.721764291,34.42053416,239.07226019,12.238004416,54.071062991,59.997412956,112.76577982,29.705141154,0.752261141,0,13.357222212,1.2660004569,14.329657345,10.201394986,4.2200015229,0.3302609887,5.4860019797,0.1651304944,470.32834364,96.381165216,0.4770436504,43.319233024,1.632957111,11.614178104,39.337753326,0,0,0,0,0,0,0,0,0,3.6879143743,0,99.665427271,11.04539529,11.999482591,0.2935653233,1.1008699625,0.0917391635,3.3760012183,7.1373069235,67.428285202,1.1742612933,31.741750585,1.6513049437,32.86096838,0.0183478327,69.831851287,4.8988713331,43.521059184,21.320181607,0.0917391635,0,6.7703502693,366.82821933
FEB23,0.1100869962,0.0917391635,0.0733913308,0,0,0.0183478327,0,91.739163541,1.6513049437,42.475232719,10.660090803,36.952535074,18.898267689,7.0822634253,11.816004264,4.3484363518,1.9448702671,2.4035660848,13.302178713,0.6972176429,0,0.2568696579,3.3026098875,9.0454815251,0,0,128.48987246,77.758115017,43.851320172,42.420189221,1.4311309512,7.0639155926,26.842879252,2.073305096,60.914804591,29.796880318,219.89877501,11.082090956,52.529845043,49.630887475,106.65595153,34.126968837,0.7155654756,0.2385218252,13.724178866,1.8531311035,17.595571567,10.311481982,4.3667841845,1.0274786317,4.9172191658,0,434.88033085,94.931686432,0.6788698102,43.135754697,2.2567834231,7.0822634253,41.778015076,0.1100869962,0,0,0.0550434981,0.0183478327,0,0,0.0183478327,0.0183478327,3.1007837277,0,98.03247016,10.843569131,10.384873313,0.3486088215,0.88069597,0.0550434981,2.6971314081,6.4033936151,60.768021929,0.8073046392,29.374880166,1.5595657802,29.026271344,0,62.951414022,4.2566971883,37.86992671,20.769746626,0.0550434981,0,9.1005250232,350.22343073
MAR23,0.0550434981,0.0917391635,0.0733913308,0,0,0.0183478327,0,100.30760142,1.8531311035,45.942973101,11.24722145,41.264275761,17.962528221,7.3758287487,10.586699473,4.715393006,2.2384355904,2.4769574156,16.384614608,1.2476526242,0,0.2201739925,3.8163492033,11.100438788,0,0,139.51691991,82.840464677,49.79601797,47.924539034,1.8714789362,6.7153067712,26.329139936,2.5870444118,67.575067864,33.448099027,230.70564847,11.522438941,57.850716529,49.153843825,112.17864918,41.154188764,1.3577396204,0.0550434981,16.494701605,1.2476526242,21.999051417,10.861916963,4.3851320172,0.440347985,5.9263499647,0.1100869962,469.17243018,100.03238392,0.8990438027,45.539320782,2.1466964269,10.017916659,41.429406255,0.0366956654,0,0,0,0,0,0,0.0183478327,0.0183478327,3.8163492033,0,99.7938621,10.916960461,11.559134606,0.2568696579,1.1742612933,0.0550434981,3.4126968837,6.6602632731,66.217328244,0.8440003046,31.77844625,1.7980876054,31.796794083,0.0183478327,68.932807484,4.8988713331,42.475232719,21.466964269,0.0917391635,0,11.24722145,372.57109097
APR23,0.0917391635,0.1100869962,0.0366956654,0,0,0.0733913308,0,89.0236843,1.76139194,40.677145114,9.8160904989,36.769056747,13.41226571,5.3208714854,8.0913942243,4.7704365041,2.4586095829,2.3118269212,13.082004721,0.7706089737,0,0.2018261598,2.7338270735,9.3757425139,0,0,120.49021739,79.794724448,48.915322,47.814452037,1.1008699625,6.2015674553,24.677834992,2.8255662371,61.72210923,32.163750737,220.79781881,10.348177647,54.951758961,49.961148464,105.53673374,32.805924882,1.321043955,0.0550434981,12.623308903,1.5228701148,17.283658411,8.9537423616,3.6328708762,0.4586958177,4.7887843368,0.0733913308,439.06363671,75.666462088,0.3853044869,36.78740458,1.1559134606,4.2566971883,33.081142373,0.0183478327,0,0,0,0,0,0,0.0183478327,0,3.1558272258,0,90.032815099,10.36652548,10.550003807,0.2385218252,0.88069597,0.0550434981,3.0640880623,6.3116544516,60.456108773,1.0274786317,28.292358036,1.8531311035,29.283141002,0.0183478327,66.657676229,4.5502625116,41.998189069,19.944094154,0.1651304944,0,5.6144368087,322.53655118
MAY23,0.0917391635,0.3302609887,0.2385218252,0,0,0.0733913308,0.0183478327,85.831161409,1.6696527764,39.02584017,9.8527861643,35.282882298,16.73322343,5.7245238049,11.008699625,4.8805235004,2.6604357427,2.2200877577,13.88930936,0.6972176429,0,0.2935653233,3.0090445641,9.8894818297,0,0,121.75621785,82.675334183,49.79601797,48.383234851,1.4127831185,7.2657417524,25.613574461,2.073305096,60.878108926,30.971141611,235.6595633,10.678438636,57.208542384,55.502193942,112.27038834,40.181753631,1.2109569587,0.128434829,18.146006548,2.0916529287,18.604702366,9.3573946811,4.0732188612,0.4036523196,4.7704365041,0.1100869962,461.79660143,96.105947725,0.6605219775,44.787059641,1.6513049437,9.8344383316,39.172622832,0,0,0,0,0,0,0,0,0,3.52278388,0,82.510203688,9.8894818297,12.017830424,0.2935653233,1.1742612933,0.0550434981,3.7429578725,6.7520024366,57.850716529,1.0458264644,28.842793017,1.9265224344,26.035574613,0,64.877936456,4.1649580247,41.704623746,18.953311187,0.0550434981,0,7.1740025889,333.94890312
JUN23,0.0733913308,0.0917391635,0.0733913308,0,0.0183478327,0,0,85.629335249,1.3577396204,37.227752565,9.7243513353,37.319491728,14.513135672,5.155740991,9.3573946811,5.5226976451,3.1191315604,2.4035660848,13.577396204,0.7706089737,0,0.311913156,3.2475663893,9.2473076849,0,0,119.40769526,74.675679122,45.245755458,43.943059336,1.3026961223,6.0914804591,23.338443205,2.8989575679,57.061759722,28.329053701,223.01790657,10.128003655,57.171846719,47.777756372,107.94029982,37.301143896,1.6880006091,0.0183478327,15.045222821,2.1650442596,18.384528374,9.8894818297,4.1833058575,0.3853044869,5.2658279872,0.0550434981,433.17398241,98.270991985,0.9540873008,44.952190135,1.5962614456,11.760960766,39.007492337,0,0,0,0,0,0,0,0,0,3.265914222,0,85.666030914,9.9812209932,11.430699777,0.4770436504,1.0091307989,0.128434829,3.4126968837,6.4033936151,56.034281091,0.752261141,28.329053701,1.1742612933,25.778704955,0,64.345849307,4.6236538424,40.236797129,19.430354838,0.0550434981,0,9.3390468484,338.33403514
JUL23,0.0917391635,0.1467826617,0.0917391635,0,0,0.0550434981,0,86.069683234,1.5779136129,38.090100702,10.054612324,36.347056595,14.494787839,5.7795673031,8.7152205364,4.4218276827,2.64208791,1.7797397727,13.082004721,0.752261141,0,0.2018261598,2.954001066,9.1739163541,0,0,118.3068253,72.015243379,41.447754088,40.236797129,1.2109569587,5.8162629685,24.751226323,2.2567834231,60.235934781,27.962097047,216.02738231,10.183047153,54.19949782,49.869409301,101.77542803,42.878885039,2.6604357427,0.1467826617,13.026961223,3.1374793931,23.907226019,10.641742971,5.0456539947,0.5320871485,5.0089583293,0.0550434981,432.01806895,108.36229997,0.8990438027,51.502366412,1.76139194,7.5226114103,46.676886409,0.0733913308,0.0183478327,0,0,0,0.0183478327,0,0,0.0366956654,3.3760012183,0,86.454987721,10.458264644,12.513221907,0.311913156,0.9724351335,0,3.7796535379,7.4492200795,59.868978127,0.7155654756,28.696010356,1.4311309512,29.026271344,0,73.611504825,4.6786973406,46.75027774,22.145834079,0.0366956654,0,8.9720901943,363.69073994
AUG23,0.1100869962,0.1100869962,0.0733913308,0,0.0183478327,0.0183478327,0,93.298729321,1.5045222821,41.172536597,10.458264644,40.163405798,17.430441073,5.9263499647,11.504091108,5.2107844891,2.3301747539,2.8806097352,14.751657497,1.0641742971,0,0.311913156,4.2016536902,9.1739163541,0,0,130.91178637,73.281243836,43.172450362,41.888102073,1.2843482896,4.4768711808,25.631922293,3.0457402295,64.16237098,28.677662523,220.99964497,11.027047458,57.135151053,49.025408996,103.81203746,39.612970817,1.7063484419,0.1100869962,13.48565704,2.5320009137,21.778877425,9.742699168,4.4401755154,0.4770436504,4.6603495079,0.1651304944,439.52233252,102.30751518,0.8256524719,48.731843673,1.4494787839,8.4950465439,42.805493708,0.0366956654,0,0,0.0183478327,0,0,0,0.0183478327,0,3.4860882145,0,95.738991071,11.320612781,12.403134911,0.2385218252,0.9357394681,0.0550434981,3.6879143743,7.4859157449,61.428543907,0.8440003046,29.998706478,1.4678266167,29.118010508,0,70.785938588,3.9264361995,47.300712722,19.485398336,0.0733913308,0,10.017916659,367.52543698
SEP23,0.0183478327,0.311913156,0.0917391635,0,0,0.1651304944,0.0550434981,91.592380879,1.4678266167,40.98905827,10.36652548,38.768970512,13.228787383,5.2841758199,7.9446115626,4.6970451733,2.1466964269,2.5503487464,14.164526851,0.7706089737,0,0.1651304944,3.9998275304,9.2289598522,0,0,124.01300127,66.584284898,38.897405341,37.66810055,1.2293047914,4.9172191658,22.769660391,3.082435895,63.758718661,27.77861872,217.84381774,10.843569131,55.447150444,46.695234242,104.85786393,33.06279454,0.752261141,0.0183478327,11.577482439,0.88069597,19.834007157,8.9353945289,4.146610192,0.311913156,4.275045021,0.2018261598,421.04606499,99.518644609,0.7889568064,46.089755763,1.5779136129,11.210525785,39.851492642,0.2935653233,0,0,0,0,0,0,0,0.2935653233,4.3851320172,0,93.592294644,11.027047458,12.476526242,0.2018261598,1.2476526242,0.0917391635,3.9080883668,7.0272199272,59.979065123,0.6054784794,28.494184196,1.5045222821,29.374880166,0,63.043153185,3.7246100398,41.557841084,17.742354229,0.0183478327,0,10.017916659,354.33334526
OCT23,0.0733913308,0.1467826617,0.0733913308,0,0.0183478327,0.0366956654,0.0183478327,98.30768765,1.9815659325,44.236624659,11.7242651,40.365231958,15.85252746,6.5868719422,9.2656555176,4.4218276827,2.201739925,2.2200877577,15.577309969,1.0091307989,0,0.2201739925,3.834697036,10.513308142,0,0,134.37952675,75.40959243,45.282451124,43.741233176,1.5412179475,5.1373931583,24.989748148,3.4677403818,70.547416763,31.888533247,235.31095448,11.412351944,57.281933715,51.649149073,114.96751975,31.026185109,0.752261141,0.0366956654,11.082090956,1.6696527764,17.485484571,9.4124381793,4.275045021,0.4220001523,4.6420016752,0.0733913308,457.06286059,96.381165216,1.0458264644,44.970537968,1.7430441073,8.2014812205,40.420275456,0.0550434981,0.0183478327,0,0,0,0,0,0,0.0366956654,4.6236538424,0,97.610470007,10.880264796,11.504091108,0.3302609887,0.9540873008,0.0366956654,3.7246100398,6.4584371133,62.345935542,0.8623481373,30.127141307,1.7980876054,29.558358493,0,65.24489311,4.4585233481,40.952362605,19.778963659,0.0550434981,0,8.7335683691,357.37908549
NOV23,0.0366956654,0.128434829,0.0366956654,0,0,0.0550434981,0.0366956654,102.38090651,1.9265224344,46.053060097,11.962786926,42.438537054,16.494701605,6.6052197749,9.8894818297,4.8988713331,2.3118269212,2.5870444118,15.669049133,1.0825221298,0,0.2385218252,3.963131865,10.384873313,0,0,139.60865908,72.418895699,41.998189069,40.236797129,1.76139194,6.0180891283,24.402617502,2.7521749062,65.538458433,30.677576288,219.29329653,11.100438788,54.951758961,45.777842607,107.46325617,37.502970055,0.9907829662,0.0733913308,17.467136738,1.4311309512,17.540528069,10.146351488,4.6420016752,0.752261141,4.6420016752,0.1100869962,438.3297234,128.52656812,1.5228701148,48.71349584,1.4311309512,34.035229674,42.823841541,0,0,0,0,0,0,0,0,0,4.3300885191,0,99.848905598,11.834352097,13.504004873,0.3486088215,1.2293047914,0.0366956654,4.2383493556,7.6510462393,62.639500866,0.8623481373,30.732619786,1.8898267689,29.154706173,0,66.12558908,4.9906104966,40.126710133,20.93487712,0.0733913308,0,7.4675679122,394.27657707
DEC23,0.0917391635,0.1467826617,0.0366956654,0,0.0183478327,0.0917391635,0,103.7202983,1.8898267689,48.03462603,12.568265405,41.227580095,13.082004721,5.3208714854,7.7611332355,5.6327846414,2.7521749062,2.8806097352,13.6874832,1.0458264644,0,0.2935653233,3.706262207,8.6418292055,0,0,136.36109269,72.29046087,44.603581313,43.025667701,1.5595657802,6.7703502693,20.916529287,2.6053922446,67.464980868,32.989403209,218.55938322,11.632525937,54.107758656,45.942973101,106.87612552,28.45748853,1.76139194,0.6605219775,10.36652548,0.9724351335,14.696613999,8.7519162018,4.0548710285,0.3486088215,4.1649580247,0.1834783271,431.11902514,87.904466505,0.6972176429,43.42932002,1.2476526242,4.7337408387,37.796535379,0,0,0,0,0,0,0,0,0,5.9263499647,0,107.6467345,11.394004112,11.04539529,0.3486088215,0.7339133083,0.0550434981,3.3760012183,6.5318284441,64.749501627,0.88069597,30.971141611,1.5595657802,31.338098265,0,72.015243379,4.9172191658,45.998016599,21.026616284,0.0733913308,0,7.797828901,368.47952428
JAN24,0.1076833893,0.2333140101,0.1794723155,0,0,0.0538416946,0,101.86848628,1.7049869972,45.244970737,12.706639937,42.211888605,16.583241952,6.5327922841,10.050449668,4.4150189613,2.3690345646,2.0459843967,14.82441326,1.0229921983,0,0.1615250839,3.7509713939,9.8889245839,0,0,138.03215785,78.896029893,45.962859999,44.168136844,1.794723155,6.3353727371,26.597797157,2.2972456384,71.322298179,35.050943217,232.99095998,13.245056884,56.62351554,54.272428207,108.84995935,38.084025349,2.2434039437,0.0358944631,13.460423662,1.4178312924,20.926471987,10.391447067,4.4509134243,0.717889262,5.1149609917,0.1076833893,469.03294932,91.082200115,0.7896781882,42.014469058,1.5434619133,8.7941434594,37.940447496,0,0,0,0,0,0,0,0,0,4.8457525184,0,104.63235994,12.078486833,10.983705708,0.2692084732,0.8973615775,0.0897361577,4.1996521827,5.5277473173,62.528154719,0.915308809,29.971876688,1.2204117454,30.420557477,0,61.451320827,4.8278052869,38.155814275,18.395912339,0.0717889262,0,8.6864600701,356.28844073
FEB24,0.1076833893,0.1794723155,0.0717889262,0,0.0358944631,0.0717889262,0,95.676691392,1.5793563764,42.96567233,11.665700507,39.465962178,17.175500593,6.4789505895,10.696550004,3.9304437094,1.7049869972,2.2254567122,13.855262756,0.8435198828,0,0.2512612417,4.1099160249,8.650565607,0,0,130.92505416,71.21461479,40.453059913,38.927545232,1.5255146817,6.3892144317,24.372340445,2.1357205544,64.466455727,31.784547075,226.76327063,11.055494635,58.256713611,51.508554548,105.94250784,36.737982982,1.8485648496,0.0717889262,12.922006716,1.1127283561,20.782894135,10.947811245,4.7919108238,0.7358364935,5.222644381,0.197419547,444.05040301,95.945899865,1.0050449668,42.624674931,1.3460423662,11.019600172,39.95053743,0.2153667786,0,0,0,0,0,0,0,0.2153667786,3.1587127528,0,103.62731497,11.00165294,12.096434065,0.358944631,1.0229921983,0.0179472315,3.9663381725,6.7302118312,56.354307066,1.0588866614,26.597797157,1.1665700507,27.531053197,0,59.979647839,4.2175994142,36.791824677,18.916382053,0.0538416946,0,8.7761962279,351.1555325
MAR24,0.0717889262,0.1076833893,0.0358944631,0,0.0179472315,0.0538416946,0,98.135462114,2.0639316282,44.616817633,12.347695306,39.107017547,15.901247153,6.9814730729,8.9197740802,5.0970137601,2.2434039437,2.8536098164,15.362830207,1.1306755876,0,0.2871557048,4.0740215618,9.8709773524,0,0,134.67602555,71.770978968,42.409308152,40.704321155,1.7049869972,5.5456945489,23.815976267,1.9562482389,66.225284419,30.241085161,221.61241518,11.073441866,56.713251697,48.278052869,105.54766874,38.227603201,2.5305596485,0.1435778524,11.70159497,2.9433459742,20.908524756,10.211974752,4.4150189613,0.6999420304,4.9354886762,0.1615250839,440.24558992,94.581910267,0.8255726513,43.791244982,1.3819368293,9.3146131743,39.268542631,0.0179472315,0.0179472315,0,0,0,0,0,0,0,4.7919108238,0,106.30145247,11.145230792,11.881067286,0.3230501679,1.2922006716,0.0358944631,3.4997101522,6.7302118312,60.284750776,1.2383589769,26.759322241,1.5973036079,30.68976595,0.0179472315,70.083939202,4.7201218976,46.285910167,19.042012674,0.0358944631,0,11.414439266,370.52059535
APR24,0.0717889262,0.1435778524,0.0179472315,0.0179472315,0,0.1076833893,0,87.097914711,1.435778524,38.981386926,10.42734153,36.253407731,16.33198071,6.0841114954,10.247869215,4.6303857398,2.1895622491,2.4408234908,14.59109925,1.0409394299,0,0.1794723155,4.2714411089,9.0992463957,0,0,122.86674719,69.042999772,39.771065114,38.407075517,1.3639895978,4.4868078874,24.78512677,1.992142702,60.410381397,28.769412174,220.6612119,10.893969551,55.869731815,47.02174666,106.87576388,39.412120483,1.8306176181,0.0179472315,12.922006716,2.9612932057,21.680255712,9.6915050369,3.8766020148,0.5922586411,5.1688026863,0.0538416946,429.97977347,84.603249526,0.4307335572,40.542796071,1.0229921983,6.9096841467,35.697043553,0.0538416946,0,0,0.0179472315,0,0.0358944631,0,0,0,2.9253987426,0,101.07880809,10.588866614,12.724587169,0.2512612417,1.0588866614,0.1076833893,4.3252828035,6.9814730729,56.067151362,0.8614671144,27.387475345,1.1127283561,26.705480546,0.0717889262,58.454133158,3.786865857,37.796869644,16.762714268,0.1076833893,0,8.3813571338,334.94918241
MAY24,0.0717889262,0.1076833893,0.0538416946,0,0.0179472315,0.0358944631,0,92.787187112,1.5614091448,42.391360921,10.53502492,38.299392127,16.601189184,6.5148450526,10.086344131,4.4329661928,2.2434039437,2.1895622491,16.116613932,0.8614671144,0,0.2871557048,4.4329661928,10.53502492,0,0,130.11742874,65.417658999,37.114874845,35.948304794,1.1665700507,4.6662802029,23.636503951,2.2434039437,64.197247254,27.889997828,228.16315469,11.57596435,65.274081147,42.983619562,108.32948963,44.383503623,1.7767759234,0.1076833893,16.601189184,2.4408234908,23.457031636,9.4222965636,3.8048130886,0.4666280203,5.0790665286,0.0717889262,441.7172629,104.6144127,1.1306755876,47.757583154,1.2024645138,9.1889825535,45.334706895,0,0,0,0,0,0,0,0,0,3.6612352362,0,97.758570252,10.588866614,12.922006716,0.3768918625,0.9332560406,0.0717889262,4.9175414446,6.6225284419,58.561816547,0.9870977352,26.741375009,1.1845172823,29.64882652,0,65.848392556,4.8457525184,41.673471659,19.203537758,0.1256306208,0,7.0712092306,361.02650986
JUN24,0.0717889262,0.2153667786,0.1256306208,0,0.0179472315,0.0717889262,0,92.051350619,1.7229342288,40.219745903,11.647753276,38.460917211,20.352160577,6.7481590627,13.604001515,3.8766020148,1.6511453026,2.2254567122,15.380777438,0.9332560406,0,0.2692084732,4.5944912767,9.5838216476,0,0,131.94804635,64.574139116,38.155814275,36.791824677,1.3639895978,4.5585968136,21.859728028,2.4767179539,63.030677203,27.064425177,220.67915914,10.391447067,66.47654566,45.729545989,98.08162042,42.588780468,2.4767179539,0.0358944631,12.437431464,2.5485068801,25.090229707,8.5967239124,3.5176573838,0.3768918625,4.5765440452,0.1256306208,429.01062297,101.07880809,0.6999420304,47.811424849,1.0947811245,6.9276313782,44.545028707,0,0,0,0,0,0,0,0,0,3.8945492463,0,92.464136945,11.593911581,13.173267958,0.3230501679,1.1665700507,0.1615250839,4.5765440452,6.9455786098,58.490027621,1.3998840609,27.118266872,1.3998840609,28.571992627,0,65.022819905,4.2534938773,41.386315954,19.293273916,0.0897361577,0,11.881067286,357.59858863
JUL24,0.0897361577,0.1794723155,0.1076833893,0,0,0.0717889262,0,94.366543489,1.4537257555,41.852943974,11.163178024,39.896695735,16.0986667,7.3942593985,8.7044073017,4.5585968136,2.4049290277,2.153667786,14.860307723,1.1486228192,0,0.2153667786,3.8586547832,9.6376633422,0,0,130.1533232,63.012729971,37.832764107,36.181618804,1.6511453026,4.9713831393,20.208582725,2.7997681218,62.007685005,25.915802358,208.04430813,10.068396899,57.520877117,43.414353119,97.04068099,40.937635165,2.1895622491,0.0897361577,14.644940945,3.6432880046,20.370107809,9.1889825535,3.5356046153,0.358944631,5.1508554548,0.1435778524,411.9069113,127.26381892,1.1306755876,53.96732527,0.8794143459,19.975268715,51.311135001,0.0179472315,0,0,0,0,0,0,0,0.0179472315,3.427921226,0,101.3121221,11.145230792,13.693737672,0.3768918625,1.0588866614,0.0179472315,5.1688026863,7.0712092306,57.072196328,0.8255726513,28.302784154,1.3280951347,26.615744388,0.0179472315,64.7356642,3.8586547832,40.291534829,20.531632893,0.0538416946,0,8.1480431236,386.83462882
AUG24,0.1076833893,0.1435778524,0.1076833893,0,0,0.0358944631,0,98.153409346,1.6690925341,43.683561592,12.347695306,40.453059913,15.883299922,6.5686867472,9.3146131743,4.4509134243,2.1895622491,2.2613511753,15.021832807,1.1306755876,0,0.1615250839,4.4688606559,9.2607714797,0,0,133.76071674,60.859062185,35.78677971,34.548420733,1.2383589769,4.8995942131,20.172688262,2.7638736587,71.932504052,26.920847325,203.03703052,10.30171091,57.395246496,40.219745903,95.120327214,29.810351604,1.27425344,0.1435778524,10.463235994,2.3151928699,15.614091448,9.4581910267,4.0201798672,0.5204697149,4.7739635922,0.1435778524,404.78186037,121.96938561,1.0588866614,54.416006059,1.2383589769,12.993795642,52.262338273,0,0,0,0,0,0,0,0,0,3.8048130886,0,104.02215406,11.324703108,13.55015982,0.5025224834,1.2922006716,0.0717889262,4.9354886762,6.7481590627,56.910671244,1.0947811245,26.884952862,0.915308809,28.015628449,0.0897361577,70.532619991,4.2714411089,46.967904966,19.113801601,0.1794723155,0,9.9607135101,392.16495659
SEP24,0.0179472315,0.1435778524,0.0358944631,0,0,0.0897361577,0.0179472315,93.128184512,1.6690925341,41.099160249,11.46828096,38.891650768,15.614091448,5.9943753376,9.6197161107,4.4688606559,2.3331401015,2.1357205544,13.873209988,1.2204117454,0,0.0897361577,3.9304437094,8.6326183755,0,0,127.24587169,64.807453126,36.289302194,34.871470901,1.4178312924,6.5507395157,21.967411417,2.7638736587,65.812498093,28.536098164,211.72349059,10.391447067,56.336359835,44.00661176,100.98907193,33.058800515,2.0280371651,0.0358944631,12.634851011,2.5844013432,15.775616532,8.9915630064,4.0022326356,0.3768918625,4.4150189613,0.197419547,415.69377716,104.34520423,1.7049869972,47.847319312,0.9512032721,8.5428822177,45.298812432,0,0,0,0,0,0,0,0,0,3.3740795314,0,104.00420683,10.391447067,12.060539601,0.2333140101,0.9691505037,0.0179472315,4.2355466458,6.6045812103,53.626327871,0.6640475673,25.861960663,0.7537837251,26.346535915,0,58.813077789,3.786865857,38.048130886,16.942186583,0.0358944631,0,9.1710353219,355.78591824
OCT24,0.0717889262,0.0538416946,0.0179472315,0,0,0.0358944631,0,101.22238594,1.7588286919,44.221978539,12.365642538,42.875936172,19.472746232,7.7890984926,11.683647739,4.9534359077,2.3690345646,2.5844013432,15.129516196,1.076833893,0,0.1435778524,4.0381270987,9.8709773524,0,0,140.9037149,72.865760092,43.970717297,42.2657303,1.7049869972,5.9046391799,22.990403615,2.3331401015,69.509627792,29.918034994,226.54790385,11.719542202,59.459178124,47.183271744,108.18591178,30.45645194,1.7229342288,0.0538416946,11.00165294,3.068976595,14.609046482,11.270861413,4.8816469815,0.3768918625,5.9584808745,0.0538416946,442.90178019,121.23354912,1.3280951347,54.039114196,1.4896202186,11.23496695,53.141752619,0,0,0,0,0,0,0,0,0,3.1228182897,0.0179472315,108.15001732,11.970803444,14.680835408,0.4845752518,1.6152508395,0.1256306208,5.2046971494,7.2506815461,59.889911682,0.8076254197,29.487301436,1.2024645138,28.392520312,0.0538416946,64.627980811,4.4150189613,41.314527028,18.826645896,0.0717889262,0,8.2018848183,391.94958982
NOV24,0.0358944631,0.1076833893,0.0358944631,0,0,0.0717889262,0,99.068718155,1.4178312924,44.168136844,11.791331128,41.69141889,16.942186583,7.5378372509,9.4043493321,4.1099160249,1.9024065443,2.2075094806,13.837315525,0.7358364935,0,0.2512612417,3.4997101522,9.3505076374,0,0,134.10171414,67.62516848,40.578690534,39.124964779,1.4537257555,5.3123805387,21.734097407,2.4587707223,65.381764536,29.397565279,215.22320075,11.073441866,57.000407402,44.096347918,103.05300356,30.330821319,0.717889262,0.2153667786,12.419484232,1.5973036079,15.380777438,9.6556105738,3.6073935415,0.2871557048,5.7072196328,0.0538416946,420.07290165,117.71589174,0.9691505037,51.544449011,1.5434619133,15.39872467,48.260105637,0,0,0,0,0,0,0,0,0,3.2484489105,0,107.45007529,13.263004115,12.706639937,0.3948390941,1.1127283561,0.0538416946,4.9713831393,6.1738476531,57.574718812,0.717889262,27.56694766,0.8614671144,28.428414775,0.0897361577,67.320065543,4.5406495821,42.373413689,20.370107809,0.0358944631,0,9.5479271845,388.91650768
DEC24,0.0538416946,0.1256306208,0.0358944631,0,0,0.0897361577,0,105.56561598,2.4049290277,46.142332315,12.347695306,44.670659327,18.808698664,7.5378372509,11.270861413,4.7380691291,2.6920847325,2.0459843967,13.496318125,1.0588866614,0,0.3409973994,3.3381850683,8.7582489963,0,0,142.78817421,70.478778296,42.875936172,41.386315954,1.4896202186,6.3174255055,21.285416618,2.6561902694,68.145638195,31.96401939,227.48115989,12.060539601,63.138360592,52.136707652,100.14555205,28.71557048,0.7896781882,0.1435778524,11.970803444,1.0947811245,14.716729871,9.2787187112,3.9304437094,0.4307335572,4.8278052869,0.0897361577,438.72007523,98.673879061,0.4307335572,47.470427449,1.4716729871,4.3432300351,44.957815032,0,0,0,0,0,0,0,0,0,3.4638156891,0,116.3877966,11.934908981,13.191215189,0.5204697149,1.0229921983,0.0897361577,4.9354886762,6.6225284419,62.205104552,1.0229921983,31.569180296,0.8076254197,28.805306637,0.0179472315,69.078894235,4.1637577196,45.51417921,19.347115611,0.0538416946,0,7.6455206402,382.59908218
JAN25,0.0529122553,0.1234619289,0.1058245105,0,0,0.0176374184,0,100.25108629,1.4991805655,45.328165335,12.610754169,40.81298622,18.695663523,7.6546395935,11.04102393,4.1977055835,2.5045134154,1.6931921681,14.586145032,1.1464321972,0,0.211649021,4.2329804203,8.9950833932,0,0,137.90697461,68.468458299,38.80232052,37.12676577,1.6755547497,6.24364612,23.422491659,2.8043495285,65.840482955,29.948336474,229.40990136,11.14684844,60.496345174,50.548841186,107.21786656,24.039801304,0.4585728789,0.0352748368,9.8769543141,0.6878593183,12.981139956,10.335527193,4.4093546045,0.4938477157,5.2559506886,0.1763741842,430.84685712,110.74535025,0.8289586657,48.908561273,0.9524205946,10.564813632,49.490596081,0,0,0,0,0,0,0,0,0,3.1747353153,0,108.1173749,12.48729224,13.721911529,0.4585728789,1.2346192893,0.0529122553,4.7797403913,7.1960667146,61.642777371,0.8818709209,31.394604784,0.6702218999,28.696079766,0.0176374184,66.210868742,4.1800681651,42.294529367,19.718633791,0.0176374184,0,8.2895866565,384.40753442
FEB25,0.0352748368,0.0529122553,0.0352748368,0,0,0.0176374184,0,90.074295861,1.2875315445,40.58369978,10.423714285,37.779350252,15.750214647,6.455295141,9.2949195063,3.9331443072,1.7990166786,2.1341276286,14.004110224,1.2698941261,0,0.2645612763,3.5627585205,8.9068963012,0,0,123.84995213,60.073047132,33.952030455,32.417575053,1.5344554024,5.5557868017,20.565229876,2.1164902102,60.76090645,27.390910803,206.25197098,9.9298665694,55.011108046,45.081241477,96.229754889,23.687052936,0.4585728789,0.0881870921,10.617725888,0.8465960841,11.675970993,10.494263959,4.1624307467,0.5291225525,5.6792487306,0.1234619289,390.77464247,104.66044089,1.181707034,45.804375632,1.2698941261,9.36546918,47.038994921,0,0,0,0,0,0,0,0,0,3.1747353153,0,98.681356049,12.275643219,12.698941261,0.423298042,1.2522567077,0.0352748368,4.6915532992,6.2965583753,56.52792603,0.6878593183,27.214536619,0.7054967367,27.920033356,0.0176374184,60.584532266,3.5627585205,39.066881796,17.884342276,0.0705496737,0,14.057022479,362.67823493
MAR25,0.0176374184,0.1763741842,0.1058245105,0,0,0.0705496737,0,99.616139226,1.9224786076,44.499206669,11.852345177,41.342108772,18.766213197,8.3072240749,10.458989122,3.1923727337,1.4462683103,1.7461044234,14.462683103,0.8289586657,0,0.2292864394,3.4392965915,9.9651414062,0,0,136.23141986,62.242449598,34.992638142,33.369995647,1.605005076,5.6968861491,21.552925307,2.3105018128,62.753934732,28.131682377,198.45623204,9.8769543141,49.984443797,45.980749816,92.614084114,30.618558374,0.423298042,0.0352748368,18.607476431,0.8818709209,10.670638143,9.4360188537,3.5274836836,0.4056606236,5.4323248728,0.0705496737,393.94937779,114.80195648,0.7054967367,50.125543144,1.1287947788,14.074659898,48.767461926,0,0,0,0,0,0,0,0,0,2.9278114574,0,105.68341116,13.034052211,13.15751414,0.3880232052,1.1111573603,0.1058245105,4.9913894123,6.5611196515,56.827762143,0.970058013,27.337998548,0.8465960841,27.673109498,0,65.717021026,3.5274836836,42.506178388,19.648084118,0.0352748368,0,14.180484408,386.33001303
APR25,0.0352748368,0.1058245105,0,0,0,0.1058245105,0,94.007440169,1.5344554024,41.58903263,12.116906453,38.767045683,19.06604931,7.637002175,11.429047135,3.5627585205,1.6402799129,1.9224786076,13.474987671,1.2522567077,0,0.211649021,3.5098462652,8.5012356775,0,0,130.25233502,60.231783898,32.699773747,31.359329947,1.3404437998,5.9790848437,21.552925307,2.2575895575,60.76090645,26.438490209,202.63630021,10.758825235,52.06565917,46.368773021,93.443042779,20.018469905,0.4938477157,0.0881870921,9.8769543141,0.7054967367,8.8539840459,9.7887672221,3.6333081941,0.3527483684,5.6616113122,0.1410993473,382.13230745,109.7400174,0.758408992,49.455321244,0.8995083393,10.458989122,48.1677897,0,0,0,0,0,0,0,0,0,3.0512733863,0.0176374184,100.92130819,12.240368382,12.522567077,0.423298042,1.1287947788,0.1234619289,4.6033662071,6.24364612,57.286335022,0.9876954314,26.667776648,0.8113212472,28.819541695,0.0352748368,67.604224797,3.9684191441,44.763767945,18.836762871,0.0352748368,0,8.8010717906,372.2200783
MAY25,0.1587367658,0.1587367658,0.0881870921,0,0,0.0705496737,0,93.725241474,1.7813792602,42.241617111,10.758825235,38.943419867,19.577534444,8.730522117,10.847012327,3.8449572152,1.8695663523,1.9753908628,14.462683103,1.0053328498,0.1587367658,0.0881870921,3.9860565625,9.2243698327,0,0,131.92788977,64.835150105,33.317083392,31.712078316,1.605005076,6.5082073963,25.009859317,2.2223147207,59.385187814,29.489763595,218.01612907,10.494263959,63.88272951,46.104211745,97.534923852,27.161624364,1.8166540971,0.0176374184,9.3301943432,0.9876954314,15.009443074,10.864649746,4.091881073,0.4409354605,6.2083712832,0.1234619289,411.97481941,120.41065554,1.181707034,56.157540243,0.7936838288,9.0479956485,53.229728786,0,0,0,0,0,0,0,0,0,3.2100101521,0,110.86881218,13.439712835,13.774823785,0.4585728789,1.181707034,0.1234619289,5.7145235675,6.2965583753,58.785515588,0.9171457577,29.313389411,0.7407715736,27.814208845,0.0176374184,67.145651918,3.8449572152,45.239978242,17.990166786,0.0705496737,0,14.462683103,402.11550251
JUN25,0.0176374184,0.0881870921,0.0705496737,0,0,0,0.0176374184,80.49717766,1.7461044234,37.038578678,9.0479956485,32.66449891,15.256366932,6.5082073963,8.7481595354,3.8449572152,1.940116026,1.9048411892,13.086964466,1.0582451051,0.6702218999,0.1763741842,2.9983611311,8.183762146,0,0,112.79129078,54.499622912,29.613225524,28.061132703,1.5520928208,4.2858926756,20.600504712,1.7461044234,54.07632487,26.808875996,209.16214502,10.406076867,63.44179405,43.670248003,91.644026101,25.874092819,0.5820348078,0.0176374184,8.3248614934,0.5996722262,16.349886874,8.9950833932,3.4922088468,0.5643973894,4.850290065,0.0881870921,381.16224943,111.71540826,0.6525844815,50.495928931,0.7760464104,8.0779376355,51.712910802,0,0,0,0,0,0,0,0,0,3.2981972442,0,101.503343,11.993444524,13.280976069,0.3527483684,1.0758825235,0.1058245105,5.0795765044,6.666944162,57.233422767,0.7936838288,30.230535169,0.9524205946,25.256783175,0.0705496737,71.13170848,4.2682552572,46.280585929,20.565229876,0.0176374184,0,11.005749093,381.23279911
JUL25,0.0176374184,0.1587367658,0.0176374184,0,0.0176374184,0.1234619289,0,86.617361851,1.6755547497,37.602976067,11.217398114,36.12143292,17.866704858,6.5434822331,11.323222624,3.8273197967,1.940116026,1.8872037707,13.616087019,1.0053328498,0.5291225525,0.2469238579,3.3158346626,8.518873096,0,0,122.10384771,55.804791875,31.941364755,30.671470629,1.2698941261,3.8096823783,20.053744741,2.2575895575,59.014802027,26.438490209,221.47306308,10.14151559,66.89872806,47.603392311,96.829427115,31.976639592,1.6755547497,0,8.3424989118,1.181707034,20.776878897,9.6653052931,4.1800681651,0.3703857868,5.0795765044,0.0352748368,406.63068163,136.23141986,0.970058013,60.478707756,0.9876954314,12.363830311,61.43112835,0,0,0,0,0,0,0,0,0,3.9684191441,0,104.27241769,13.82773604,16.790822334,0.5820348078,1.1464321972,0.0881870921,7.4429905724,7.5311776645,58.679691077,0.7231341551,31.606253805,1.0053328498,25.344970267,0.1587367658,64.358939808,4.3917171861,40.107489483,19.824458302,0.0352748368,0,12.346192893,410.63437561
AUG25,0.1058245105,0.1410993473,0.0529122553,0,0,0.0881870921,0,89.351161706,1.3228063814,38.484846988,10.070965917,39.47254242,18.695663523,7.3900783172,11.305585206,4.1095184914,2.4692385785,1.6402799129,14.903618563,1.0582451051,0.6349470631,0.1940116026,4.091881073,8.9245337196,0,0,127.30688614,52.453682375,30.036523566,28.678442348,1.3580812182,4.1095184914,18.307640318,2.5221508338,58.397492382,24.586561275,205.89922261,10.37080203,63.44179405,40.301501085,91.785125448,31.853177663,1.2169818709,0.2645612763,9.2420072511,0.8818709209,20.247756344,9.8064046405,4.638641044,0.4938477157,4.6033662071,0.0705496737,385.51869178,137.8011501,0.6702218999,58.379854964,0.8818709209,16.596810731,61.272391585,0,0,0,0,0,0,0,0,0,3.5098462652,0,102.91433647,12.963502537,17.443406816,0.5291225525,1.4815431471,0.0881870921,9.9651414062,5.3794126175,59.261725885,0.758408992,30.988944161,0.6702218999,26.844150832,0.0176374184,77.975026827,4.2506178388,49.631695429,24.075076141,0.0176374184,0,10.264977519,422.15160984
SEP25,0.0352748368,0.0881870921,0.0705496737,0,0,0.0176374184,0,86.829010872,1.7461044234,35.78632197,9.6300304563,39.666554022,17.919617113,6.9667802752,10.952836838,3.5803959389,1.728467005,1.8519289339,14.409770848,1.0758825235,0.423298042,0.1940116026,3.8096823783,8.9068963012,0,0,122.8622567,55.998803478,30.794932558,29.595588106,1.1993444524,5.3970500359,19.806820884,2.6279753443,61.554590279,26.262116025,216.42876141,10.406076867,65.911032629,41.994693254,98.11695866,31.412242203,1.0758825235,0.1234619289,8.518873096,0.9876954314,20.706329223,9.6476678747,4.0566062362,0.423298042,4.9913894123,0.1763741842,403.93215661,136.81345467,0.970058013,60.355245827,1.0582451051,12.698941261,61.730964463,0,0,0,0,0,0,0,0,0,2.9278114574,0,106.67110659,13.845373458,17.866704858,0.546759971,1.393356055,0.1587367658,9.0656330669,6.7022189989,59.20881363,0.7936838288,31.870815082,0.8465960841,25.697718635,0,72.47215228,4.091881073,46.880258155,21.482375633,0.0176374184,0,14.974168237,424.77958518
OCT25,0.1058245105,0.1234619289,0.0176374184,0,0.0352748368,0.0705496737,0,92.64935895,1.7461044234,40.266226249,9.4712936905,41.165734588,18.660388686,7.0373299488,11.623058738,3.5980333573,1.6579173313,1.940116026,16.014775924,0.9876954314,0.5820348078,0.2645612763,3.8449572152,10.335527193,0,0,131.15184336,56.475013775,30.742020303,29.348664248,1.393356055,4.3388049309,21.394188541,2.2928643944,63.353606958,28.343331398,222.17855981,10.70591298,66.069769394,44.693218272,100.70965917,38.255560549,1.1640696156,0.1587367658,12.434379985,2.9807237127,21.51765047,10.388439448,4.7621029729,0.3527483684,5.1677635965,0.1058245105,421.28737634,142.63380275,0.7407715736,63.177232774,0.9524205946,15.450378534,62.312999271,0,0,0,0,0,0,0,0,0,3.0689108048,0,118.10015373,13.863010877,17.196482958,0.3527483684,1.4109934734,0.0881870921,9.5947556195,5.7497984043,64.817512687,1.0229702683,33.916755618,0.758408992,29.119377808,0,66.845815805,4.515179115,43.793709932,18.536926757,0,0,10.088603335,436.61429294
NOV25,0.0529122553,0.211649021,0.0352748368,0,0.0176374184,0.1410993473,0.0176374184,92.808095716,1.8342915155,38.90814503,10.723550398,41.342108772,18.801488034,6.9844176936,11.81707034,3.7038578678,1.7637418418,1.940116026,15.468015953,1.2875315445,0.5643973894,0.1587367658,3.2629224074,10.194427846,0,0,131.04601885,58.908977517,34.428240752,33.123071789,1.3051689629,4.3917171861,20.089019578,1.9753908628,62.630472803,32.011914429,219.93860767,10.70591298,60.796181287,46.421685276,102.01482813,33.387633066,2.1870398838,0.0705496737,8.730522117,1.9930282812,20.40649311,11.81707034,5.3441377807,0.4056606236,5.9790848437,0.0881870921,420.67006669,133.25069615,0.8113212472,59.843760693,0.8818709209,11.323222624,60.390520664,0,0,0,0,0,0,0,0,0,3.7567701231,0.0176374184,107.67643944,14.586145032,15.573840463,0.4938477157,0.9524205946,0.1410993473,8.5894227696,5.3970500359,63.988554021,0.8818709209,33.916755618,0.8289586657,28.360968816,0,73.14237418,4.6033662071,48.696912252,19.771546047,0.0705496737,0,15.50329079,427.49574762
DEC25,0.0881870921,0.1763741842,0.1587367658,0,0,0.0176374184,0,93.178481503,1.2522567077,41.412658446,9.6300304563,40.883535893,17.002471355,6.9491428567,10.053328498,4.0742436546,2.0635779549,2.0106656997,14.850706308,0.8289586657,0.5114851341,0.211649021,3.5098462652,9.7887672221,0,0,129.3704641,62.154262505,37.620613486,36.086158083,1.5344554024,4.7973778097,19.73627121,2.0106656997,65.434822331,31.941364755,220.89102827,11.287947788,63.194870192,44.093546045,102.31466424,29.701412616,1.2169818709,0,8.607060188,1.0582451051,18.819125452,10.829374909,4.6033662071,0.5820348078,5.5734242201,0.0705496737,422.96293108,134.32657867,0.7407715736,58.044744014,0.8289586657,15.062355329,59.64974909,0,0,0,0,0,0,0,0,0,3.3511094994,0,117.13009571,14.674332124,16.191150108,0.2292864394,1.2346192893,0.1234619289,8.9068963012,5.6968861491,61.219479329,0.8465960841,31.817902826,0.5996722262,27.955308193,0.0352748368,72.877812904,4.1271559098,49.913894123,18.801488034,0.0352748368,0,12.804765772,432.61059896
JAN26,0.01733812,0.1213668403,0.0693524802,0,0,0.0520143601,0,88.528440932,1.681797644,37.51969177,10.004095264,39.322856254,18.569126564,7.4727297379,11.096396827,3.7970482891,1.8378407244,1.9592075647,15.153516916,1.1963302829,0.5028054812,0.1907193205,3.4676240083,9.7613615834,0,0.0346762401,126.18683766,62.399894029,36.149980287,34.398830162,1.7511501242,4.2998537703,21.950059973,2.4446749259,65.330036316,30.827177434,218.92844176,11.720569148,65.694136837,40.779258338,100.73447744,32.665018158,1.8551788444,0.01733812,9.7786997034,0.9882728424,20.025528648,10.662943826,4.8199973715,0.398776761,5.3921553329,0.0520143601,423.25818645,133.03539508,1.3003590031,59.157665582,0.849567882,13.679776713,58.048025899,0,0,0,0,0,0,0,0,0,2.8954660469,0,108.34591214,15.118840676,15.847041718,0.416114881,1.3523733632,0.0866906002,8.0795639393,5.9122989342,65.850179918,1.265682763,32.890413719,0.6935248017,31.000558634,0,69.976652488,4.7679830114,46.292780511,18.898550845,0.01733812,0,9.587980383,420.65746845
FEB26,0.01733812,0.0866906002,0.0346762401,0,0.0346762401,0.01733812,0,83.812472281,1.5084164436,36.566095168,8.5997075406,37.138253129,18.673155285,7.1259673371,11.547187948,3.346257168,1.664459524,1.681797644,15.205531276,0.9362584822,0.7282010417,0.2080574405,3.8490626492,9.4839516627,0,0,121.14144473,53.366733488,31.572716596,30.168328872,1.4043877234,3.328919048,18.465097844,1.6471214039,57.649249138,26.128546903,196.61428127,9.9520809038,60.336657744,37.953144771,88.372397852,33.49724792,0.9535966023,0,16.83531456,0.814891642,14.893445116,10.576253225,4.6986305313,0.3814386409,5.444169693,0.0520143601,379.47943335,144.37452559,1.0576253225,59.955219104,1.1096396827,18.291716644,63.960324833,0,0,0,0,0,0,0,0,0,3.5023002484,0,101.9134696,14.303949034,14.997473836,0.4854673612,1.2136684029,0.0346762401,8.0448876993,5.2187741325,60.631405785,0.9535966023,31.156601715,0.8669060021,27.654301466,0,64.237734754,4.4732349707,41.57681186,18.153011683,0.0346762401,0,10.472224505,414.43308335
MAR26,0.1040287202,0.0520143601,0.0346762401,0,0,0.01733812,0,90.383619776,1.3870496033,39.132136934,9.5533041429,40.311129097,16.66193336,6.0683420145,10.593591345,4.2998537703,2.0112219248,2.2886318455,16.471214039,1.248344643,0.5894960814,0.1907193205,3.6410052087,10.801648786,0,0,127.97266403,63.942986713,36.670123888,35.473793605,1.1963302829,5.444169693,21.828693132,1.6124451639,65.382050677,30.445738793,238.65922237,10.524238865,70.635501049,47.957240035,109.54224242,28.677250549,1.4564020835,0.01733812,11.408482987,1.0923015626,14.702725795,10.281505185,4.8026592515,0.3641005209,4.9760404519,0.1387049603,439.00119945,138.89567965,1.1269778027,60.093924064,0.9882728424,16.176465999,60.510038945,0,0,0,0,0,0,0,0,0,2.8087754467,0,109.5249043,14.754740155,16.88732892,0.3641005209,1.5084164436,0.1387049603,8.9811461815,5.8949608141,67.202553281,1.3523733632,34.433506402,0.6068342015,30.809839314,0.01733812,70.219386168,4.8026592515,47.350405833,17.962292363,0.1040287202,0,15.968408558,436.2791146
APR26,0.01733812,0.0866906002,0.01733812,0,0,0.0693524802,0,86.863981408,1.6991357641,38.039835371,9.0678367817,38.057173491,19.332003846,7.7501396586,11.581864188,4.1091344498,2.1846031252,1.9245313246,14.772078275,1.0576253225,0.5201436012,0.1387049603,2.8261135668,10.229490824,0,0,125.1812267,56.799681256,29.994947672,28.451854988,1.5430926837,4.8893498517,21.915383732,1.5604308037,60.024571584,28.001063867,229.07124199,11.737907268,63.561548072,47.558463274,106.21332337,25.12293594,1.0056109624,0.1040287202,11.737907268,0.814891642,11.460497347,9.1025130218,4.4558968507,0.3467624008,4.19582505,0.1040287202,409.68243846,116.91094344,1.8898550845,51.459540283,0.5548198413,11.980640949,51.026087282,0,0,0,0,0,0,0,0,0,2.8087754467,0,99.832895199,13.558409872,14.269272794,0.4681292411,1.0402872025,0.1213668403,8.0102114592,4.6292780511,62.69464207,1.0056109624,35.196383684,0.814891642,25.677755781,0.2600718006,65.780827438,4.4558968507,45.84198939,15.430926837,0.0520143601,0,10.385533905,386.50137197
MAY26,0.0346762401,0.1907193205,0.1560430804,0,0,0.0346762401,0,86.222470966,1.3176971232,37.034224409,8.7384125009,39.132136934,18.898550845,7.4727297379,11.425821107,3.4849621283,1.4910783236,1.9938838048,15.534955557,1.1096396827,0.433453001,0.5721579614,3.4502858883,9.9694190239,0,0,124.36633506,56.071480214,30.098976392,29.024012949,1.0749634426,4.3171918903,21.655311932,2.1152506451,58.689536341,28.434516868,227.2680775,11.113734947,68.173488003,47.402420194,100.57843436,22.747613494,0.8842441221,0.0346762401,8.9464699414,0.7975535219,12.084669669,9.4319373026,3.8143864091,0.3120861607,5.2187741325,0.0866906002,404.75841237,146.02164699,1.0402872025,66.491690359,0.5721579614,14.147905954,63.769605513,0,0,0,0,0,0,0,0,0,2.9474804071,0,103.64728161,12.69150387,16.245818479,0.5028054812,1.3350352432,0.0693524802,8.8424412212,5.4961840532,76.599814343,0.9535966023,46.552852311,0.5721579614,28.521207468,0.0693524802,71.814493212,5.8949608141,49.656375799,16.211142239,0.0520143601,0,18.239702284,448.27709367
JUN26,0.01733812,0.0520143601,0.01733812,0,0,0.0346762401,0,80.708948793,1.5777689238,34.953650004,7.7328015385,36.444728327,18.725169645,7.1259673371,11.599202308,3.3982715281,1.5951070438,1.8031644843,15.205531276,1.1616540428,0.4854673612,0.2947480407,3.6410052087,9.605318503,0,0.01733812,118.10727372,51.424864043,26.804733584,25.573727061,1.2310065229,3.9184151294,20.70171533,1.9592075647,56.643638176,25.07092158,220.55822505,10.160138344,71.20765901,43.917458065,95.272969628,33.930700921,1.5604308037,0.01733812,11.200425547,2.0632362849,19.089270166,9.8653903036,4.8720117317,0.6761866816,4.19582505,0.1213668403,399.45294764,146.85387675,1.9418694446,64.428454074,0.7455391618,13.679776713,66.058237358,0,0,0,0,0,0,0,0,0,2.080574405,0,93.227071463,13.159633112,16.280494719,0.7282010417,1.248344643,0.3120861607,8.2876213798,5.7042414937,62.83334703,1.2136684029,35.265736164,0.7802154019,25.573727061,0.0866906002,67.965430563,5.7042414937,45.85932751,16.367185319,0.0346762401,0,13.853157913,416.34027656
JUL26,0.0520143601,0.1733812004,0.1560430804,0,0,0,0.01733812,84.159234682,1.3350352432,33.930700921,9.7960378235,39.097460694,16.072437278,6.2937375751,9.7786997034,3.8664007693,2.0112219248,1.8551788444,15.413588717,1.0229490824,0.6415104415,0.2947480407,3.2942428079,10.142800224,0,0.01733812,119.73705701,45.75529879,23.198404616,22.192793653,1.0056109624,4.0224438496,18.534450324,2.1325887651,55.655365333,25.19228842,213.96973943,11.044382466,72.369313053,41.992926741,88.563117172,28.538545588,2.5313655261,0,7.4207153778,1.3697114833,17.216753201,11.113734947,4.611939931,0.5028054812,5.8256083339,0.1733812004,382.35756128,164.05329183,0.8669060021,72.993485375,0.849567882,17.442148762,71.901183812,0,0,0,0,0,0,0,0,0,2.7394229666,0,103.05778553,13.419704912,17.875601763,0.6415104415,1.248344643,0.0693524802,10.281505185,5.6348890135,65.191331356,0.8842441221,37.086238769,0.7802154019,26.440633063,0,77.674777786,4.577263691,45.720622549,22.764951615,0.0346762401,4.577263691,13.176971232,457.18888737
AUG26,0.0346762401,0.0520143601,0.01733812,0,0.01733812,0.01733812,0,84.159234682,1.3697114833,36.427390207,8.6343837807,37.72774921,16.037761038,5.5655365333,10.472224505,3.8143864091,1.9765456847,1.8378407244,15.084164436,0.7108629217,0.3294242808,0.2600718006,3.3809334081,10.402872025,0,0,119.18223717,51.008749162,28.555883708,27.446244026,1.1096396827,3.5543146085,18.898550845,1.9418694446,54.736444971,26.163223143,218.096212,10.836325026,70.358091128,42.044941101,94.856854747,28.434516868,1.8725169645,0.0346762401,9.605318503,1.7858263643,15.136178796,9.3279085823,4.1091344498,0.3641005209,4.7853211315,0.0693524802,389.70892417,162.42350855,1.1096396827,73.860391377,0.7282010417,15.032150076,71.693126372,0,0,0,0,0,0,0,0,0,3.6756814488,0,101.18526856,14.026539114,18.222364164,0.5374817213,1.6297832839,0.1387049603,10.316181425,5.6002127734,66.613057199,1.1096396827,36.306023367,0.3814386409,28.815955509,0.0520143601,79.21787047,5.0974072922,48.980189117,22.140779293,0.01733812,2.9821566471,11.425821107,456.84212497
